[{"id_venta ":"522-04-8681","grado_satisfaccion":6},
{"id_venta ":"733-67-3086","grado_satisfaccion":1},
{"id_venta ":"561-65-6922","grado_satisfaccion":4},
{"id_venta ":"177-27-1170","grado_satisfaccion":8},
{"id_venta ":"636-77-8073","grado_satisfaccion":1},
{"id_venta ":"369-73-9915","grado_satisfaccion":7},
{"id_venta ":"859-08-1343","grado_satisfaccion":9},
{"id_venta ":"156-50-5859","grado_satisfaccion":4},
{"id_venta ":"884-33-1540","grado_satisfaccion":5},
{"id_venta ":"265-93-9233","grado_satisfaccion":7},
{"id_venta ":"432-12-5683","grado_satisfaccion":5},
{"id_venta ":"466-70-8008","grado_satisfaccion":4},
{"id_venta ":"388-45-1345","grado_satisfaccion":1},
{"id_venta ":"104-53-4770","grado_satisfaccion":10},
{"id_venta ":"757-91-9373","grado_satisfaccion":8},
{"id_venta ":"406-24-3919","grado_satisfaccion":8},
{"id_venta ":"632-68-3122","grado_satisfaccion":10},
{"id_venta ":"707-10-8325","grado_satisfaccion":5},
{"id_venta ":"694-31-2808","grado_satisfaccion":4},
{"id_venta ":"360-14-3319","grado_satisfaccion":2},
{"id_venta ":"424-49-2712","grado_satisfaccion":8},
{"id_venta ":"309-46-3682","grado_satisfaccion":6},
{"id_venta ":"520-40-0852","grado_satisfaccion":7},
{"id_venta ":"677-04-0603","grado_satisfaccion":1},
{"id_venta ":"689-38-7266","grado_satisfaccion":9},
{"id_venta ":"605-94-9228","grado_satisfaccion":4},
{"id_venta ":"271-56-1926","grado_satisfaccion":2},
{"id_venta ":"521-86-4645","grado_satisfaccion":2},
{"id_venta ":"504-27-7994","grado_satisfaccion":7},
{"id_venta ":"640-56-4315","grado_satisfaccion":3},
{"id_venta ":"121-38-4388","grado_satisfaccion":8},
{"id_venta ":"324-75-2091","grado_satisfaccion":1},
{"id_venta ":"683-55-1128","grado_satisfaccion":9},
{"id_venta ":"773-18-7048","grado_satisfaccion":4},
{"id_venta ":"776-95-0200","grado_satisfaccion":9},
{"id_venta ":"558-17-1918","grado_satisfaccion":4},
{"id_venta ":"870-32-4853","grado_satisfaccion":5},
{"id_venta ":"539-76-4824","grado_satisfaccion":8},
{"id_venta ":"560-98-0114","grado_satisfaccion":6},
{"id_venta ":"339-82-0031","grado_satisfaccion":5},
{"id_venta ":"196-89-3973","grado_satisfaccion":9},
{"id_venta ":"185-07-1446","grado_satisfaccion":8},
{"id_venta ":"863-94-3988","grado_satisfaccion":2},
{"id_venta ":"323-38-4826","grado_satisfaccion":9},
{"id_venta ":"763-20-4373","grado_satisfaccion":2},
{"id_venta ":"438-17-4288","grado_satisfaccion":6},
{"id_venta ":"875-29-4405","grado_satisfaccion":4},
{"id_venta ":"689-23-1114","grado_satisfaccion":2},
{"id_venta ":"335-60-4417","grado_satisfaccion":9},
{"id_venta ":"218-06-4292","grado_satisfaccion":1},
{"id_venta ":"297-09-4600","grado_satisfaccion":6},
{"id_venta ":"174-66-4345","grado_satisfaccion":5},
{"id_venta ":"419-38-4592","grado_satisfaccion":7},
{"id_venta ":"347-14-4973","grado_satisfaccion":9},
{"id_venta ":"345-74-6780","grado_satisfaccion":2},
{"id_venta ":"624-81-1188","grado_satisfaccion":8},
{"id_venta ":"273-94-8544","grado_satisfaccion":8},
{"id_venta ":"277-70-6118","grado_satisfaccion":1},
{"id_venta ":"807-57-1379","grado_satisfaccion":5},
{"id_venta ":"564-21-3918","grado_satisfaccion":4},
{"id_venta ":"625-99-3950","grado_satisfaccion":5},
{"id_venta ":"667-47-6464","grado_satisfaccion":1},
{"id_venta ":"620-45-2913","grado_satisfaccion":4},
{"id_venta ":"451-34-2275","grado_satisfaccion":2},
{"id_venta ":"890-68-6955","grado_satisfaccion":1},
{"id_venta ":"509-71-2911","grado_satisfaccion":1},
{"id_venta ":"296-38-6817","grado_satisfaccion":9},
{"id_venta ":"572-64-1557","grado_satisfaccion":5},
{"id_venta ":"777-33-1697","grado_satisfaccion":10},
{"id_venta ":"359-15-8683","grado_satisfaccion":3},
{"id_venta ":"185-97-3307","grado_satisfaccion":5},
{"id_venta ":"780-06-6407","grado_satisfaccion":1},
{"id_venta ":"611-20-0384","grado_satisfaccion":3},
{"id_venta ":"365-93-4409","grado_satisfaccion":2},
{"id_venta ":"679-72-2754","grado_satisfaccion":1},
{"id_venta ":"638-04-3306","grado_satisfaccion":1},
{"id_venta ":"173-61-8189","grado_satisfaccion":3},
{"id_venta ":"127-70-7077","grado_satisfaccion":4},
{"id_venta ":"385-30-2531","grado_satisfaccion":7},
{"id_venta ":"898-76-1823","grado_satisfaccion":7},
{"id_venta ":"284-28-2649","grado_satisfaccion":8},
{"id_venta ":"374-68-6874","grado_satisfaccion":6},
{"id_venta ":"439-02-9236","grado_satisfaccion":2},
{"id_venta ":"857-89-7686","grado_satisfaccion":5},
{"id_venta ":"698-31-4579","grado_satisfaccion":10},
{"id_venta ":"638-43-0893","grado_satisfaccion":4},
{"id_venta ":"412-68-0526","grado_satisfaccion":8},
{"id_venta ":"344-48-6803","grado_satisfaccion":9},
{"id_venta ":"779-01-1086","grado_satisfaccion":10},
{"id_venta ":"438-94-0698","grado_satisfaccion":9},
{"id_venta ":"630-17-6255","grado_satisfaccion":4},
{"id_venta ":"707-27-1733","grado_satisfaccion":5},
{"id_venta ":"812-27-2180","grado_satisfaccion":2},
{"id_venta ":"255-79-6890","grado_satisfaccion":7},
{"id_venta ":"507-63-0029","grado_satisfaccion":9},
{"id_venta ":"658-53-2488","grado_satisfaccion":5},
{"id_venta ":"102-06-8137","grado_satisfaccion":1},
{"id_venta ":"455-34-2117","grado_satisfaccion":6},
{"id_venta ":"890-97-2888","grado_satisfaccion":3},
{"id_venta ":"453-07-5331","grado_satisfaccion":10},
{"id_venta ":"151-04-2043","grado_satisfaccion":2},
{"id_venta ":"582-57-9947","grado_satisfaccion":7},
{"id_venta ":"581-77-6732","grado_satisfaccion":7},
{"id_venta ":"527-34-8617","grado_satisfaccion":7},
{"id_venta ":"175-28-4713","grado_satisfaccion":1},
{"id_venta ":"675-46-5273","grado_satisfaccion":3},
{"id_venta ":"894-60-8261","grado_satisfaccion":3},
{"id_venta ":"814-11-6643","grado_satisfaccion":7},
{"id_venta ":"138-41-9783","grado_satisfaccion":3},
{"id_venta ":"830-96-3529","grado_satisfaccion":2},
{"id_venta ":"470-46-6025","grado_satisfaccion":3},
{"id_venta ":"254-46-6085","grado_satisfaccion":5},
{"id_venta ":"372-03-1796","grado_satisfaccion":6},
{"id_venta ":"298-78-9131","grado_satisfaccion":4},
{"id_venta ":"100-07-1360","grado_satisfaccion":9},
{"id_venta ":"851-55-3567","grado_satisfaccion":7},
{"id_venta ":"183-98-0904","grado_satisfaccion":10},
{"id_venta ":"665-26-9254","grado_satisfaccion":2},
{"id_venta ":"514-17-6079","grado_satisfaccion":9},
{"id_venta ":"190-16-7568","grado_satisfaccion":2},
{"id_venta ":"442-69-3794","grado_satisfaccion":4},
{"id_venta ":"503-99-3829","grado_satisfaccion":5},
{"id_venta ":"237-45-6810","grado_satisfaccion":5},
{"id_venta ":"749-65-2998","grado_satisfaccion":10},
{"id_venta ":"819-29-1620","grado_satisfaccion":5},
{"id_venta ":"604-45-2937","grado_satisfaccion":5},
{"id_venta ":"598-30-2833","grado_satisfaccion":5},
{"id_venta ":"379-59-7987","grado_satisfaccion":8},
{"id_venta ":"765-68-2036","grado_satisfaccion":5},
{"id_venta ":"541-09-8938","grado_satisfaccion":2},
{"id_venta ":"894-58-1670","grado_satisfaccion":3},
{"id_venta ":"324-72-9033","grado_satisfaccion":1},
{"id_venta ":"399-23-8236","grado_satisfaccion":2},
{"id_venta ":"687-37-1469","grado_satisfaccion":9},
{"id_venta ":"830-09-8507","grado_satisfaccion":9},
{"id_venta ":"820-77-2422","grado_satisfaccion":4},
{"id_venta ":"185-19-3967","grado_satisfaccion":8},
{"id_venta ":"777-76-8507","grado_satisfaccion":6},
{"id_venta ":"217-20-3733","grado_satisfaccion":6},
{"id_venta ":"129-79-6493","grado_satisfaccion":9},
{"id_venta ":"578-65-4395","grado_satisfaccion":9},
{"id_venta ":"237-71-7342","grado_satisfaccion":3},
{"id_venta ":"169-96-3891","grado_satisfaccion":6},
{"id_venta ":"459-49-1888","grado_satisfaccion":2},
{"id_venta ":"165-46-6093","grado_satisfaccion":6},
{"id_venta ":"259-33-7508","grado_satisfaccion":10},
{"id_venta ":"151-05-3816","grado_satisfaccion":8},
{"id_venta ":"703-99-2012","grado_satisfaccion":5},
{"id_venta ":"368-50-2137","grado_satisfaccion":10},
{"id_venta ":"884-67-2136","grado_satisfaccion":8},
{"id_venta ":"371-21-1907","grado_satisfaccion":1},
{"id_venta ":"608-16-3068","grado_satisfaccion":9},
{"id_venta ":"127-26-9021","grado_satisfaccion":9},
{"id_venta ":"854-36-9860","grado_satisfaccion":5},
{"id_venta ":"790-84-3881","grado_satisfaccion":3},
{"id_venta ":"278-69-6082","grado_satisfaccion":1},
{"id_venta ":"768-11-6069","grado_satisfaccion":6},
{"id_venta ":"435-28-1935","grado_satisfaccion":5},
{"id_venta ":"407-43-3237","grado_satisfaccion":6},
{"id_venta ":"104-12-1421","grado_satisfaccion":6},
{"id_venta ":"198-20-9145","grado_satisfaccion":9},
{"id_venta ":"545-16-5873","grado_satisfaccion":9},
{"id_venta ":"412-92-7776","grado_satisfaccion":8},
{"id_venta ":"697-79-7381","grado_satisfaccion":5},
{"id_venta ":"300-26-2274","grado_satisfaccion":10},
{"id_venta ":"513-81-7910","grado_satisfaccion":4},
{"id_venta ":"267-70-8133","grado_satisfaccion":2},
{"id_venta ":"689-80-5276","grado_satisfaccion":2},
{"id_venta ":"274-54-2774","grado_satisfaccion":8},
{"id_venta ":"785-39-6465","grado_satisfaccion":1},
{"id_venta ":"213-47-6319","grado_satisfaccion":4},
{"id_venta ":"480-67-5518","grado_satisfaccion":9},
{"id_venta ":"254-12-3720","grado_satisfaccion":4},
{"id_venta ":"365-70-4834","grado_satisfaccion":9},
{"id_venta ":"107-59-9132","grado_satisfaccion":7},
{"id_venta ":"377-34-4949","grado_satisfaccion":4},
{"id_venta ":"179-94-6802","grado_satisfaccion":1},
{"id_venta ":"445-57-9444","grado_satisfaccion":8},
{"id_venta ":"375-09-9796","grado_satisfaccion":7},
{"id_venta ":"288-86-4721","grado_satisfaccion":3},
{"id_venta ":"757-89-0207","grado_satisfaccion":10},
{"id_venta ":"368-43-1342","grado_satisfaccion":8},
{"id_venta ":"327-19-9424","grado_satisfaccion":8},
{"id_venta ":"504-08-4251","grado_satisfaccion":8},
{"id_venta ":"607-14-1876","grado_satisfaccion":4},
{"id_venta ":"739-37-7988","grado_satisfaccion":10},
{"id_venta ":"792-07-4849","grado_satisfaccion":3},
{"id_venta ":"267-99-4753","grado_satisfaccion":9},
{"id_venta ":"551-50-5195","grado_satisfaccion":6},
{"id_venta ":"716-39-5251","grado_satisfaccion":5},
{"id_venta ":"682-80-1157","grado_satisfaccion":2},
{"id_venta ":"692-31-6519","grado_satisfaccion":3},
{"id_venta ":"758-48-0107","grado_satisfaccion":4},
{"id_venta ":"181-80-0365","grado_satisfaccion":5},
{"id_venta ":"783-84-1295","grado_satisfaccion":6},
{"id_venta ":"240-12-6283","grado_satisfaccion":3},
{"id_venta ":"204-27-8394","grado_satisfaccion":3},
{"id_venta ":"334-85-2072","grado_satisfaccion":2},
{"id_venta ":"618-34-2003","grado_satisfaccion":10},
{"id_venta ":"637-27-7149","grado_satisfaccion":1},
{"id_venta ":"682-13-9348","grado_satisfaccion":5},
{"id_venta ":"234-01-6671","grado_satisfaccion":6},
{"id_venta ":"596-38-2780","grado_satisfaccion":5},
{"id_venta ":"618-07-3401","grado_satisfaccion":6},
{"id_venta ":"621-19-0664","grado_satisfaccion":9},
{"id_venta ":"236-97-7519","grado_satisfaccion":2},
{"id_venta ":"494-30-3601","grado_satisfaccion":7},
{"id_venta ":"796-97-9676","grado_satisfaccion":9},
{"id_venta ":"247-90-5256","grado_satisfaccion":1},
{"id_venta ":"642-53-1928","grado_satisfaccion":7},
{"id_venta ":"120-05-0464","grado_satisfaccion":3},
{"id_venta ":"805-97-8167","grado_satisfaccion":6},
{"id_venta ":"792-44-0682","grado_satisfaccion":10},
{"id_venta ":"444-16-8070","grado_satisfaccion":9},
{"id_venta ":"203-38-3164","grado_satisfaccion":5},
{"id_venta ":"867-18-2464","grado_satisfaccion":1},
{"id_venta ":"639-29-4529","grado_satisfaccion":3},
{"id_venta ":"778-36-2212","grado_satisfaccion":5},
{"id_venta ":"610-91-3783","grado_satisfaccion":6},
{"id_venta ":"820-74-4743","grado_satisfaccion":7},
{"id_venta ":"311-23-0580","grado_satisfaccion":2},
{"id_venta ":"371-36-3941","grado_satisfaccion":4},
{"id_venta ":"132-90-9981","grado_satisfaccion":5},
{"id_venta ":"794-04-3542","grado_satisfaccion":1},
{"id_venta ":"539-29-3026","grado_satisfaccion":4},
{"id_venta ":"363-10-6866","grado_satisfaccion":1},
{"id_venta ":"726-96-2299","grado_satisfaccion":3},
{"id_venta ":"115-92-6405","grado_satisfaccion":2},
{"id_venta ":"897-20-1234","grado_satisfaccion":4},
{"id_venta ":"542-97-2072","grado_satisfaccion":5},
{"id_venta ":"548-73-9958","grado_satisfaccion":3},
{"id_venta ":"772-43-6480","grado_satisfaccion":8},
{"id_venta ":"563-25-3531","grado_satisfaccion":10},
{"id_venta ":"281-30-4257","grado_satisfaccion":9},
{"id_venta ":"166-72-6777","grado_satisfaccion":7},
{"id_venta ":"431-83-7495","grado_satisfaccion":10},
{"id_venta ":"689-68-8815","grado_satisfaccion":6},
{"id_venta ":"228-02-0882","grado_satisfaccion":10},
{"id_venta ":"420-25-2761","grado_satisfaccion":9},
{"id_venta ":"583-15-7194","grado_satisfaccion":3},
{"id_venta ":"190-51-8829","grado_satisfaccion":8},
{"id_venta ":"529-80-5186","grado_satisfaccion":9},
{"id_venta ":"442-89-4238","grado_satisfaccion":9},
{"id_venta ":"277-42-3967","grado_satisfaccion":10},
{"id_venta ":"887-20-4004","grado_satisfaccion":4},
{"id_venta ":"469-52-9280","grado_satisfaccion":2},
{"id_venta ":"160-35-3238","grado_satisfaccion":1},
{"id_venta ":"504-48-7276","grado_satisfaccion":6},
{"id_venta ":"427-25-4053","grado_satisfaccion":2},
{"id_venta ":"600-11-9508","grado_satisfaccion":5},
{"id_venta ":"381-71-2526","grado_satisfaccion":4},
{"id_venta ":"346-30-1250","grado_satisfaccion":7},
{"id_venta ":"531-22-0797","grado_satisfaccion":3},
{"id_venta ":"810-63-7378","grado_satisfaccion":10},
{"id_venta ":"673-10-2970","grado_satisfaccion":9},
{"id_venta ":"352-43-3864","grado_satisfaccion":9},
{"id_venta ":"388-02-2155","grado_satisfaccion":2},
{"id_venta ":"874-56-9394","grado_satisfaccion":6},
{"id_venta ":"767-81-8675","grado_satisfaccion":9},
{"id_venta ":"204-23-3420","grado_satisfaccion":2},
{"id_venta ":"396-29-3897","grado_satisfaccion":4},
{"id_venta ":"390-81-9889","grado_satisfaccion":6},
{"id_venta ":"245-41-6729","grado_satisfaccion":5},
{"id_venta ":"596-29-3050","grado_satisfaccion":1},
{"id_venta ":"102-36-1178","grado_satisfaccion":4},
{"id_venta ":"663-06-7518","grado_satisfaccion":1},
{"id_venta ":"894-47-2659","grado_satisfaccion":4},
{"id_venta ":"456-60-3369","grado_satisfaccion":10},
{"id_venta ":"876-23-5133","grado_satisfaccion":9},
{"id_venta ":"100-12-5879","grado_satisfaccion":4},
{"id_venta ":"480-55-0984","grado_satisfaccion":3},
{"id_venta ":"310-82-9357","grado_satisfaccion":5},
{"id_venta ":"306-62-9323","grado_satisfaccion":4},
{"id_venta ":"318-31-8184","grado_satisfaccion":6},
{"id_venta ":"198-93-7270","grado_satisfaccion":10},
{"id_venta ":"581-46-4788","grado_satisfaccion":2},
{"id_venta ":"748-17-7027","grado_satisfaccion":10},
{"id_venta ":"695-78-0808","grado_satisfaccion":2},
{"id_venta ":"496-71-6431","grado_satisfaccion":8},
{"id_venta ":"315-54-7929","grado_satisfaccion":10},
{"id_venta ":"410-92-6552","grado_satisfaccion":10},
{"id_venta ":"831-24-4754","grado_satisfaccion":5},
{"id_venta ":"105-74-5394","grado_satisfaccion":7},
{"id_venta ":"814-24-0897","grado_satisfaccion":1},
{"id_venta ":"728-11-8826","grado_satisfaccion":5},
{"id_venta ":"839-48-0155","grado_satisfaccion":10},
{"id_venta ":"257-71-0563","grado_satisfaccion":8},
{"id_venta ":"361-42-2108","grado_satisfaccion":4},
{"id_venta ":"585-48-6444","grado_satisfaccion":5},
{"id_venta ":"122-89-6597","grado_satisfaccion":6},
{"id_venta ":"577-70-4884","grado_satisfaccion":9},
{"id_venta ":"516-13-9841","grado_satisfaccion":7},
{"id_venta ":"464-55-4331","grado_satisfaccion":10},
{"id_venta ":"787-98-1813","grado_satisfaccion":10},
{"id_venta ":"103-16-5475","grado_satisfaccion":6},
{"id_venta ":"798-81-7986","grado_satisfaccion":9},
{"id_venta ":"706-80-2545","grado_satisfaccion":6},
{"id_venta ":"607-23-2302","grado_satisfaccion":7},
{"id_venta ":"871-43-0958","grado_satisfaccion":4},
{"id_venta ":"216-21-9709","grado_satisfaccion":10},
{"id_venta ":"516-60-0293","grado_satisfaccion":4},
{"id_venta ":"824-51-8806","grado_satisfaccion":8},
{"id_venta ":"869-21-6802","grado_satisfaccion":1},
{"id_venta ":"684-45-3522","grado_satisfaccion":9},
{"id_venta ":"149-10-9476","grado_satisfaccion":3},
{"id_venta ":"727-56-4259","grado_satisfaccion":8},
{"id_venta ":"662-28-5904","grado_satisfaccion":7},
{"id_venta ":"821-09-8565","grado_satisfaccion":2},
{"id_venta ":"369-38-7503","grado_satisfaccion":10},
{"id_venta ":"535-70-3675","grado_satisfaccion":3},
{"id_venta ":"421-14-6604","grado_satisfaccion":4},
{"id_venta ":"595-20-0832","grado_satisfaccion":3},
{"id_venta ":"522-33-0181","grado_satisfaccion":2},
{"id_venta ":"819-38-3053","grado_satisfaccion":3},
{"id_venta ":"596-72-0565","grado_satisfaccion":8},
{"id_venta ":"684-18-6248","grado_satisfaccion":2},
{"id_venta ":"280-34-0414","grado_satisfaccion":8},
{"id_venta ":"629-54-2887","grado_satisfaccion":6},
{"id_venta ":"274-40-5669","grado_satisfaccion":8},
{"id_venta ":"823-67-3698","grado_satisfaccion":3},
{"id_venta ":"660-50-4123","grado_satisfaccion":7},
{"id_venta ":"620-59-5378","grado_satisfaccion":7},
{"id_venta ":"794-69-0464","grado_satisfaccion":10},
{"id_venta ":"618-24-6310","grado_satisfaccion":9},
{"id_venta ":"733-56-2208","grado_satisfaccion":2},
{"id_venta ":"621-93-0800","grado_satisfaccion":4},
{"id_venta ":"305-62-4877","grado_satisfaccion":10},
{"id_venta ":"408-65-0622","grado_satisfaccion":4},
{"id_venta ":"634-63-9897","grado_satisfaccion":8},
{"id_venta ":"237-39-1319","grado_satisfaccion":1},
{"id_venta ":"127-55-3947","grado_satisfaccion":7},
{"id_venta ":"699-37-4031","grado_satisfaccion":4},
{"id_venta ":"361-52-3431","grado_satisfaccion":9},
{"id_venta ":"278-92-0507","grado_satisfaccion":1},
{"id_venta ":"498-25-9564","grado_satisfaccion":3},
{"id_venta ":"789-41-9353","grado_satisfaccion":5},
{"id_venta ":"339-83-8687","grado_satisfaccion":4},
{"id_venta ":"156-70-4535","grado_satisfaccion":3},
{"id_venta ":"314-72-3907","grado_satisfaccion":5},
{"id_venta ":"883-40-4887","grado_satisfaccion":4},
{"id_venta ":"132-29-1969","grado_satisfaccion":4},
{"id_venta ":"762-72-1994","grado_satisfaccion":8},
{"id_venta ":"298-25-1450","grado_satisfaccion":3},
{"id_venta ":"567-39-7600","grado_satisfaccion":5},
{"id_venta ":"381-63-3770","grado_satisfaccion":1},
{"id_venta ":"385-13-8207","grado_satisfaccion":9},
{"id_venta ":"468-20-7450","grado_satisfaccion":8},
{"id_venta ":"637-33-3438","grado_satisfaccion":3},
{"id_venta ":"106-96-1993","grado_satisfaccion":5},
{"id_venta ":"566-95-0379","grado_satisfaccion":5},
{"id_venta ":"878-42-9387","grado_satisfaccion":4},
{"id_venta ":"331-06-8716","grado_satisfaccion":1},
{"id_venta ":"508-70-4168","grado_satisfaccion":5},
{"id_venta ":"495-77-1926","grado_satisfaccion":9},
{"id_venta ":"552-78-9530","grado_satisfaccion":7},
{"id_venta ":"528-90-8475","grado_satisfaccion":10},
{"id_venta ":"233-47-2301","grado_satisfaccion":1},
{"id_venta ":"311-66-8323","grado_satisfaccion":4},
{"id_venta ":"269-34-4243","grado_satisfaccion":3},
{"id_venta ":"526-88-9583","grado_satisfaccion":3},
{"id_venta ":"488-25-0374","grado_satisfaccion":10},
{"id_venta ":"330-68-5109","grado_satisfaccion":7},
{"id_venta ":"321-49-1410","grado_satisfaccion":6},
{"id_venta ":"399-59-8576","grado_satisfaccion":9},
{"id_venta ":"885-88-2477","grado_satisfaccion":3},
{"id_venta ":"746-78-6912","grado_satisfaccion":8},
{"id_venta ":"445-22-8068","grado_satisfaccion":4},
{"id_venta ":"858-48-2073","grado_satisfaccion":7},
{"id_venta ":"508-03-6951","grado_satisfaccion":7},
{"id_venta ":"857-83-6200","grado_satisfaccion":6},
{"id_venta ":"234-87-2539","grado_satisfaccion":9},
{"id_venta ":"272-27-7229","grado_satisfaccion":3},
{"id_venta ":"869-54-7161","grado_satisfaccion":9},
{"id_venta ":"779-25-2091","grado_satisfaccion":10},
{"id_venta ":"654-12-6641","grado_satisfaccion":9},
{"id_venta ":"427-55-8749","grado_satisfaccion":10},
{"id_venta ":"820-20-1879","grado_satisfaccion":10},
{"id_venta ":"470-68-6357","grado_satisfaccion":9},
{"id_venta ":"823-59-7071","grado_satisfaccion":8},
{"id_venta ":"264-20-5760","grado_satisfaccion":3},
{"id_venta ":"251-77-2487","grado_satisfaccion":1},
{"id_venta ":"161-18-5860","grado_satisfaccion":7},
{"id_venta ":"738-04-9220","grado_satisfaccion":5},
{"id_venta ":"314-99-3364","grado_satisfaccion":8},
{"id_venta ":"598-27-7568","grado_satisfaccion":5},
{"id_venta ":"460-46-8688","grado_satisfaccion":4},
{"id_venta ":"697-45-9334","grado_satisfaccion":2},
{"id_venta ":"394-92-0508","grado_satisfaccion":7},
{"id_venta ":"857-63-1282","grado_satisfaccion":8},
{"id_venta ":"292-93-9132","grado_satisfaccion":7},
{"id_venta ":"496-40-8205","grado_satisfaccion":4},
{"id_venta ":"897-35-2587","grado_satisfaccion":10},
{"id_venta ":"765-94-2353","grado_satisfaccion":6},
{"id_venta ":"676-14-8777","grado_satisfaccion":3},
{"id_venta ":"519-89-5426","grado_satisfaccion":5},
{"id_venta ":"483-13-5506","grado_satisfaccion":6},
{"id_venta ":"826-89-7293","grado_satisfaccion":4},
{"id_venta ":"365-86-0357","grado_satisfaccion":9},
{"id_venta ":"872-45-2398","grado_satisfaccion":7},
{"id_venta ":"176-35-0602","grado_satisfaccion":6},
{"id_venta ":"834-99-9796","grado_satisfaccion":2},
{"id_venta ":"697-99-5795","grado_satisfaccion":8},
{"id_venta ":"619-32-1831","grado_satisfaccion":7},
{"id_venta ":"566-97-0393","grado_satisfaccion":6},
{"id_venta ":"477-09-7763","grado_satisfaccion":4},
{"id_venta ":"436-37-1811","grado_satisfaccion":9},
{"id_venta ":"557-26-4058","grado_satisfaccion":3},
{"id_venta ":"373-64-6396","grado_satisfaccion":1},
{"id_venta ":"818-73-7583","grado_satisfaccion":10},
{"id_venta ":"618-80-1342","grado_satisfaccion":2},
{"id_venta ":"393-39-5359","grado_satisfaccion":2},
{"id_venta ":"623-48-0795","grado_satisfaccion":3},
{"id_venta ":"861-03-3019","grado_satisfaccion":3},
{"id_venta ":"416-23-2965","grado_satisfaccion":1},
{"id_venta ":"337-53-9085","grado_satisfaccion":7},
{"id_venta ":"433-05-9875","grado_satisfaccion":1},
{"id_venta ":"791-59-3282","grado_satisfaccion":8},
{"id_venta ":"467-60-0360","grado_satisfaccion":7},
{"id_venta ":"325-63-5047","grado_satisfaccion":6},
{"id_venta ":"510-34-1938","grado_satisfaccion":6},
{"id_venta ":"876-12-2042","grado_satisfaccion":3},
{"id_venta ":"701-28-3634","grado_satisfaccion":6},
{"id_venta ":"322-05-3550","grado_satisfaccion":6},
{"id_venta ":"481-62-7676","grado_satisfaccion":8},
{"id_venta ":"243-20-9979","grado_satisfaccion":6},
{"id_venta ":"315-87-0712","grado_satisfaccion":3},
{"id_venta ":"229-83-4448","grado_satisfaccion":3},
{"id_venta ":"803-30-5203","grado_satisfaccion":8},
{"id_venta ":"593-28-9431","grado_satisfaccion":7},
{"id_venta ":"485-55-6508","grado_satisfaccion":5},
{"id_venta ":"495-80-2834","grado_satisfaccion":1},
{"id_venta ":"206-50-7349","grado_satisfaccion":1},
{"id_venta ":"601-37-2790","grado_satisfaccion":10},
{"id_venta ":"209-46-0992","grado_satisfaccion":6},
{"id_venta ":"544-77-4605","grado_satisfaccion":1},
{"id_venta ":"652-55-4160","grado_satisfaccion":9},
{"id_venta ":"724-12-8044","grado_satisfaccion":7},
{"id_venta ":"578-23-0290","grado_satisfaccion":7},
{"id_venta ":"536-48-2764","grado_satisfaccion":6},
{"id_venta ":"277-24-5821","grado_satisfaccion":9},
{"id_venta ":"585-65-9018","grado_satisfaccion":3},
{"id_venta ":"633-42-7702","grado_satisfaccion":7},
{"id_venta ":"107-14-1952","grado_satisfaccion":1},
{"id_venta ":"867-54-0223","grado_satisfaccion":7},
{"id_venta ":"392-02-4155","grado_satisfaccion":6},
{"id_venta ":"705-36-9632","grado_satisfaccion":7},
{"id_venta ":"490-57-7786","grado_satisfaccion":2},
{"id_venta ":"618-38-0665","grado_satisfaccion":3},
{"id_venta ":"532-12-8185","grado_satisfaccion":4},
{"id_venta ":"858-96-9071","grado_satisfaccion":2},
{"id_venta ":"839-59-7424","grado_satisfaccion":5},
{"id_venta ":"641-44-9348","grado_satisfaccion":2},
{"id_venta ":"182-33-0715","grado_satisfaccion":8},
{"id_venta ":"862-18-9093","grado_satisfaccion":6},
{"id_venta ":"625-41-4823","grado_satisfaccion":2},
{"id_venta ":"823-01-9810","grado_satisfaccion":5},
{"id_venta ":"656-03-1755","grado_satisfaccion":7},
{"id_venta ":"641-15-3758","grado_satisfaccion":2},
{"id_venta ":"647-56-3736","grado_satisfaccion":3},
{"id_venta ":"456-93-0586","grado_satisfaccion":1},
{"id_venta ":"239-34-6271","grado_satisfaccion":1},
{"id_venta ":"500-07-5454","grado_satisfaccion":3},
{"id_venta ":"700-95-2730","grado_satisfaccion":2},
{"id_venta ":"295-41-3542","grado_satisfaccion":1},
{"id_venta ":"866-51-0383","grado_satisfaccion":10},
{"id_venta ":"531-15-5685","grado_satisfaccion":1},
{"id_venta ":"205-52-9938","grado_satisfaccion":3},
{"id_venta ":"625-55-6890","grado_satisfaccion":1},
{"id_venta ":"787-49-2040","grado_satisfaccion":8},
{"id_venta ":"645-91-4618","grado_satisfaccion":10},
{"id_venta ":"150-57-9212","grado_satisfaccion":2},
{"id_venta ":"878-56-5361","grado_satisfaccion":8},
{"id_venta ":"595-67-0824","grado_satisfaccion":3},
{"id_venta ":"742-21-5639","grado_satisfaccion":8},
{"id_venta ":"738-50-3661","grado_satisfaccion":3},
{"id_venta ":"713-28-1618","grado_satisfaccion":5},
{"id_venta ":"353-58-4804","grado_satisfaccion":5},
{"id_venta ":"278-29-3026","grado_satisfaccion":3},
{"id_venta ":"441-86-9145","grado_satisfaccion":8},
{"id_venta ":"696-86-0798","grado_satisfaccion":9},
{"id_venta ":"707-76-8620","grado_satisfaccion":3},
{"id_venta ":"898-03-7249","grado_satisfaccion":10},
{"id_venta ":"383-22-8043","grado_satisfaccion":5},
{"id_venta ":"341-98-0880","grado_satisfaccion":1},
{"id_venta ":"407-59-2277","grado_satisfaccion":6},
{"id_venta ":"279-83-1650","grado_satisfaccion":6},
{"id_venta ":"241-40-6629","grado_satisfaccion":6},
{"id_venta ":"599-65-4384","grado_satisfaccion":4},
{"id_venta ":"783-10-6532","grado_satisfaccion":8},
{"id_venta ":"264-29-5389","grado_satisfaccion":8},
{"id_venta ":"316-22-7747","grado_satisfaccion":5},
{"id_venta ":"166-03-0681","grado_satisfaccion":4},
{"id_venta ":"307-85-6295","grado_satisfaccion":10},
{"id_venta ":"714-70-1600","grado_satisfaccion":6},
{"id_venta ":"442-94-0619","grado_satisfaccion":5},
{"id_venta ":"221-69-8838","grado_satisfaccion":4},
{"id_venta ":"148-69-9985","grado_satisfaccion":7},
{"id_venta ":"351-05-3105","grado_satisfaccion":10},
{"id_venta ":"500-91-8081","grado_satisfaccion":9},
{"id_venta ":"732-86-9209","grado_satisfaccion":1},
{"id_venta ":"481-42-5919","grado_satisfaccion":5},
{"id_venta ":"788-10-1581","grado_satisfaccion":6},
{"id_venta ":"269-60-1740","grado_satisfaccion":6},
{"id_venta ":"846-65-9331","grado_satisfaccion":9},
{"id_venta ":"806-16-2093","grado_satisfaccion":6},
{"id_venta ":"715-45-2682","grado_satisfaccion":3},
{"id_venta ":"445-85-2454","grado_satisfaccion":9},
{"id_venta ":"788-20-2757","grado_satisfaccion":6},
{"id_venta ":"688-52-9126","grado_satisfaccion":5},
{"id_venta ":"187-89-1104","grado_satisfaccion":10},
{"id_venta ":"601-33-3117","grado_satisfaccion":10},
{"id_venta ":"877-67-8461","grado_satisfaccion":1},
{"id_venta ":"630-39-2522","grado_satisfaccion":7},
{"id_venta ":"748-64-5611","grado_satisfaccion":1},
{"id_venta ":"728-42-3553","grado_satisfaccion":10},
{"id_venta ":"319-92-3797","grado_satisfaccion":2},
{"id_venta ":"433-83-7834","grado_satisfaccion":1},
{"id_venta ":"231-10-6948","grado_satisfaccion":10},
{"id_venta ":"644-35-6241","grado_satisfaccion":2},
{"id_venta ":"708-36-8328","grado_satisfaccion":2},
{"id_venta ":"370-66-6757","grado_satisfaccion":7},
{"id_venta ":"229-47-1272","grado_satisfaccion":9},
{"id_venta ":"529-72-8545","grado_satisfaccion":2},
{"id_venta ":"230-46-9632","grado_satisfaccion":2},
{"id_venta ":"575-85-3016","grado_satisfaccion":1},
{"id_venta ":"407-45-3983","grado_satisfaccion":5},
{"id_venta ":"650-46-9047","grado_satisfaccion":9},
{"id_venta ":"645-03-9476","grado_satisfaccion":4},
{"id_venta ":"459-54-1657","grado_satisfaccion":4},
{"id_venta ":"480-37-1758","grado_satisfaccion":2},
{"id_venta ":"491-64-4827","grado_satisfaccion":6},
{"id_venta ":"473-15-1870","grado_satisfaccion":5},
{"id_venta ":"465-01-4795","grado_satisfaccion":8},
{"id_venta ":"442-84-1048","grado_satisfaccion":9},
{"id_venta ":"660-32-9196","grado_satisfaccion":3},
{"id_venta ":"518-39-5967","grado_satisfaccion":1},
{"id_venta ":"161-89-7962","grado_satisfaccion":3},
{"id_venta ":"892-13-9170","grado_satisfaccion":9},
{"id_venta ":"683-21-8946","grado_satisfaccion":3},
{"id_venta ":"116-88-4906","grado_satisfaccion":4},
{"id_venta ":"753-71-2876","grado_satisfaccion":2},
{"id_venta ":"673-10-7880","grado_satisfaccion":8},
{"id_venta ":"445-62-9335","grado_satisfaccion":2},
{"id_venta ":"124-39-4763","grado_satisfaccion":9},
{"id_venta ":"150-48-9174","grado_satisfaccion":2},
{"id_venta ":"634-36-3383","grado_satisfaccion":6},
{"id_venta ":"506-79-0334","grado_satisfaccion":5},
{"id_venta ":"477-70-6736","grado_satisfaccion":6},
{"id_venta ":"178-73-9394","grado_satisfaccion":4},
{"id_venta ":"611-12-4330","grado_satisfaccion":3},
{"id_venta ":"498-43-9717","grado_satisfaccion":6},
{"id_venta ":"881-38-0430","grado_satisfaccion":3},
{"id_venta ":"863-76-9851","grado_satisfaccion":4},
{"id_venta ":"794-05-1132","grado_satisfaccion":7},
{"id_venta ":"555-03-1710","grado_satisfaccion":9},
{"id_venta ":"597-20-8345","grado_satisfaccion":1},
{"id_venta ":"218-98-6481","grado_satisfaccion":2},
{"id_venta ":"849-71-5214","grado_satisfaccion":1},
{"id_venta ":"538-92-6771","grado_satisfaccion":7},
{"id_venta ":"173-60-8893","grado_satisfaccion":10},
{"id_venta ":"598-48-2115","grado_satisfaccion":8},
{"id_venta ":"651-28-6372","grado_satisfaccion":3},
{"id_venta ":"823-43-0360","grado_satisfaccion":9},
{"id_venta ":"691-06-9895","grado_satisfaccion":2},
{"id_venta ":"617-22-0264","grado_satisfaccion":7},
{"id_venta ":"866-08-0955","grado_satisfaccion":9},
{"id_venta ":"137-49-6659","grado_satisfaccion":1},
{"id_venta ":"726-13-7830","grado_satisfaccion":1},
{"id_venta ":"565-88-4679","grado_satisfaccion":9},
{"id_venta ":"230-75-2083","grado_satisfaccion":8},
{"id_venta ":"404-50-7300","grado_satisfaccion":9},
{"id_venta ":"130-70-9643","grado_satisfaccion":9},
{"id_venta ":"434-10-3956","grado_satisfaccion":7},
{"id_venta ":"863-92-3927","grado_satisfaccion":8},
{"id_venta ":"333-41-3703","grado_satisfaccion":2},
{"id_venta ":"256-66-2750","grado_satisfaccion":9},
{"id_venta ":"197-19-4978","grado_satisfaccion":7},
{"id_venta ":"215-29-5640","grado_satisfaccion":4},
{"id_venta ":"475-11-3680","grado_satisfaccion":1},
{"id_venta ":"281-10-8325","grado_satisfaccion":4},
{"id_venta ":"750-48-0945","grado_satisfaccion":9},
{"id_venta ":"334-33-2743","grado_satisfaccion":6},
{"id_venta ":"129-64-2213","grado_satisfaccion":9},
{"id_venta ":"716-51-0301","grado_satisfaccion":6},
{"id_venta ":"271-84-6117","grado_satisfaccion":7},
{"id_venta ":"238-70-1227","grado_satisfaccion":4},
{"id_venta ":"470-98-5918","grado_satisfaccion":9},
{"id_venta ":"465-17-2397","grado_satisfaccion":3},
{"id_venta ":"202-74-6022","grado_satisfaccion":10},
{"id_venta ":"119-60-8225","grado_satisfaccion":1},
{"id_venta ":"845-02-3281","grado_satisfaccion":1},
{"id_venta ":"572-48-0947","grado_satisfaccion":3},
{"id_venta ":"338-75-4933","grado_satisfaccion":7},
{"id_venta ":"542-53-6096","grado_satisfaccion":10},
{"id_venta ":"271-57-8457","grado_satisfaccion":9},
{"id_venta ":"671-81-5587","grado_satisfaccion":7},
{"id_venta ":"334-59-7459","grado_satisfaccion":6},
{"id_venta ":"261-01-8977","grado_satisfaccion":9},
{"id_venta ":"523-14-6276","grado_satisfaccion":9},
{"id_venta ":"854-76-0531","grado_satisfaccion":4},
{"id_venta ":"697-85-2649","grado_satisfaccion":8},
{"id_venta ":"746-98-9098","grado_satisfaccion":7},
{"id_venta ":"729-70-6568","grado_satisfaccion":5},
{"id_venta ":"497-74-7838","grado_satisfaccion":8},
{"id_venta ":"397-39-2415","grado_satisfaccion":2},
{"id_venta ":"413-43-2285","grado_satisfaccion":10},
{"id_venta ":"611-37-2030","grado_satisfaccion":2},
{"id_venta ":"273-42-7105","grado_satisfaccion":4},
{"id_venta ":"337-36-2736","grado_satisfaccion":5},
{"id_venta ":"602-97-8820","grado_satisfaccion":5},
{"id_venta ":"110-95-4948","grado_satisfaccion":8},
{"id_venta ":"387-88-3975","grado_satisfaccion":6},
{"id_venta ":"667-45-2089","grado_satisfaccion":1},
{"id_venta ":"822-12-2065","grado_satisfaccion":8},
{"id_venta ":"563-51-9151","grado_satisfaccion":4},
{"id_venta ":"355-04-1740","grado_satisfaccion":9},
{"id_venta ":"639-81-2655","grado_satisfaccion":1},
{"id_venta ":"492-43-3971","grado_satisfaccion":10},
{"id_venta ":"881-52-0174","grado_satisfaccion":5},
{"id_venta ":"248-63-3829","grado_satisfaccion":1},
{"id_venta ":"411-59-1440","grado_satisfaccion":3},
{"id_venta ":"533-40-1265","grado_satisfaccion":9},
{"id_venta ":"220-18-6405","grado_satisfaccion":7},
{"id_venta ":"236-63-5007","grado_satisfaccion":2},
{"id_venta ":"799-66-5837","grado_satisfaccion":5},
{"id_venta ":"670-09-6322","grado_satisfaccion":8},
{"id_venta ":"448-38-7437","grado_satisfaccion":7},
{"id_venta ":"144-03-4437","grado_satisfaccion":3},
{"id_venta ":"697-69-2711","grado_satisfaccion":1},
{"id_venta ":"702-35-0181","grado_satisfaccion":5},
{"id_venta ":"207-59-4429","grado_satisfaccion":9},
{"id_venta ":"823-76-2419","grado_satisfaccion":1},
{"id_venta ":"538-01-2338","grado_satisfaccion":1},
{"id_venta ":"823-87-1618","grado_satisfaccion":2},
{"id_venta ":"704-79-5242","grado_satisfaccion":10},
{"id_venta ":"514-23-4673","grado_satisfaccion":10},
{"id_venta ":"326-15-2774","grado_satisfaccion":1},
{"id_venta ":"162-34-3656","grado_satisfaccion":1},
{"id_venta ":"483-77-5764","grado_satisfaccion":8},
{"id_venta ":"274-39-9617","grado_satisfaccion":8},
{"id_venta ":"514-29-5279","grado_satisfaccion":3},
{"id_venta ":"361-70-0693","grado_satisfaccion":6},
{"id_venta ":"217-52-9565","grado_satisfaccion":5},
{"id_venta ":"633-65-4988","grado_satisfaccion":6},
{"id_venta ":"894-38-9892","grado_satisfaccion":6},
{"id_venta ":"823-40-9113","grado_satisfaccion":5},
{"id_venta ":"168-81-6545","grado_satisfaccion":1},
{"id_venta ":"566-06-0753","grado_satisfaccion":7},
{"id_venta ":"254-41-8678","grado_satisfaccion":2},
{"id_venta ":"613-56-1492","grado_satisfaccion":7},
{"id_venta ":"457-45-6710","grado_satisfaccion":4},
{"id_venta ":"874-85-1521","grado_satisfaccion":1},
{"id_venta ":"641-63-6141","grado_satisfaccion":7},
{"id_venta ":"218-85-8145","grado_satisfaccion":6},
{"id_venta ":"479-61-8835","grado_satisfaccion":7},
{"id_venta ":"538-78-6578","grado_satisfaccion":9},
{"id_venta ":"222-11-9040","grado_satisfaccion":8},
{"id_venta ":"389-16-7084","grado_satisfaccion":5},
{"id_venta ":"307-84-2141","grado_satisfaccion":7},
{"id_venta ":"355-59-3627","grado_satisfaccion":5},
{"id_venta ":"737-99-6065","grado_satisfaccion":5},
{"id_venta ":"499-43-4631","grado_satisfaccion":10},
{"id_venta ":"352-25-4742","grado_satisfaccion":3},
{"id_venta ":"891-43-9127","grado_satisfaccion":7},
{"id_venta ":"119-77-0677","grado_satisfaccion":1},
{"id_venta ":"704-50-2745","grado_satisfaccion":2},
{"id_venta ":"478-93-7840","grado_satisfaccion":9},
{"id_venta ":"851-48-5096","grado_satisfaccion":6},
{"id_venta ":"717-02-7992","grado_satisfaccion":3},
{"id_venta ":"600-47-7981","grado_satisfaccion":1},
{"id_venta ":"316-02-1748","grado_satisfaccion":2},
{"id_venta ":"492-29-2240","grado_satisfaccion":4},
{"id_venta ":"495-79-2634","grado_satisfaccion":2},
{"id_venta ":"765-64-1506","grado_satisfaccion":9},
{"id_venta ":"563-18-1632","grado_satisfaccion":4},
{"id_venta ":"841-52-1085","grado_satisfaccion":1},
{"id_venta ":"713-60-9552","grado_satisfaccion":4},
{"id_venta ":"349-73-7110","grado_satisfaccion":5},
{"id_venta ":"636-93-9202","grado_satisfaccion":6},
{"id_venta ":"450-77-4664","grado_satisfaccion":4},
{"id_venta ":"182-95-8397","grado_satisfaccion":8},
{"id_venta ":"180-63-0364","grado_satisfaccion":10},
{"id_venta ":"361-87-1224","grado_satisfaccion":10},
{"id_venta ":"237-46-8478","grado_satisfaccion":2},
{"id_venta ":"342-16-3058","grado_satisfaccion":9},
{"id_venta ":"620-69-8468","grado_satisfaccion":9},
{"id_venta ":"144-24-4681","grado_satisfaccion":7},
{"id_venta ":"199-38-1917","grado_satisfaccion":3},
{"id_venta ":"363-06-7550","grado_satisfaccion":5},
{"id_venta ":"852-42-1699","grado_satisfaccion":4},
{"id_venta ":"292-72-6481","grado_satisfaccion":4},
{"id_venta ":"867-05-0429","grado_satisfaccion":3},
{"id_venta ":"830-19-3237","grado_satisfaccion":6},
{"id_venta ":"139-81-7095","grado_satisfaccion":2},
{"id_venta ":"831-71-7127","grado_satisfaccion":5},
{"id_venta ":"235-83-2104","grado_satisfaccion":10},
{"id_venta ":"276-29-7593","grado_satisfaccion":9},
{"id_venta ":"561-68-2649","grado_satisfaccion":4},
{"id_venta ":"420-57-9885","grado_satisfaccion":5},
{"id_venta ":"309-74-8419","grado_satisfaccion":1},
{"id_venta ":"342-87-2644","grado_satisfaccion":3},
{"id_venta ":"850-55-1724","grado_satisfaccion":9},
{"id_venta ":"399-81-7278","grado_satisfaccion":8},
{"id_venta ":"289-90-7576","grado_satisfaccion":10},
{"id_venta ":"842-35-2430","grado_satisfaccion":6},
{"id_venta ":"488-39-9714","grado_satisfaccion":1},
{"id_venta ":"538-33-2837","grado_satisfaccion":9},
{"id_venta ":"540-05-3922","grado_satisfaccion":4},
{"id_venta ":"291-46-1453","grado_satisfaccion":3},
{"id_venta ":"564-03-4681","grado_satisfaccion":2},
{"id_venta ":"583-78-1193","grado_satisfaccion":3},
{"id_venta ":"428-32-2348","grado_satisfaccion":8},
{"id_venta ":"862-59-5668","grado_satisfaccion":7},
{"id_venta ":"217-41-4367","grado_satisfaccion":6},
{"id_venta ":"705-20-4598","grado_satisfaccion":6},
{"id_venta ":"189-39-6794","grado_satisfaccion":5},
{"id_venta ":"629-91-5762","grado_satisfaccion":1},
{"id_venta ":"801-50-8157","grado_satisfaccion":5},
{"id_venta ":"869-86-2261","grado_satisfaccion":10},
{"id_venta ":"420-27-9702","grado_satisfaccion":8},
{"id_venta ":"553-79-6142","grado_satisfaccion":3},
{"id_venta ":"208-41-8355","grado_satisfaccion":5},
{"id_venta ":"506-80-3782","grado_satisfaccion":9},
{"id_venta ":"603-82-7538","grado_satisfaccion":1},
{"id_venta ":"475-67-8699","grado_satisfaccion":10},
{"id_venta ":"382-60-9778","grado_satisfaccion":5},
{"id_venta ":"391-83-8263","grado_satisfaccion":8},
{"id_venta ":"551-83-1437","grado_satisfaccion":10},
{"id_venta ":"567-82-5654","grado_satisfaccion":3},
{"id_venta ":"418-78-8354","grado_satisfaccion":3},
{"id_venta ":"678-24-0355","grado_satisfaccion":3},
{"id_venta ":"435-24-3470","grado_satisfaccion":6},
{"id_venta ":"635-45-6189","grado_satisfaccion":7},
{"id_venta ":"449-04-0253","grado_satisfaccion":4},
{"id_venta ":"831-46-5130","grado_satisfaccion":6},
{"id_venta ":"510-73-0675","grado_satisfaccion":6},
{"id_venta ":"373-97-1407","grado_satisfaccion":2},
{"id_venta ":"413-14-0086","grado_satisfaccion":8},
{"id_venta ":"147-59-3514","grado_satisfaccion":4},
{"id_venta ":"387-98-5809","grado_satisfaccion":2},
{"id_venta ":"127-48-8214","grado_satisfaccion":1},
{"id_venta ":"717-92-6457","grado_satisfaccion":10},
{"id_venta ":"680-54-5960","grado_satisfaccion":6},
{"id_venta ":"101-24-4000","grado_satisfaccion":3},
{"id_venta ":"131-53-0186","grado_satisfaccion":5},
{"id_venta ":"791-20-0573","grado_satisfaccion":7},
{"id_venta ":"518-95-2810","grado_satisfaccion":8},
{"id_venta ":"673-58-3308","grado_satisfaccion":4},
{"id_venta ":"128-76-8842","grado_satisfaccion":8},
{"id_venta ":"775-30-9059","grado_satisfaccion":4},
{"id_venta ":"113-15-0579","grado_satisfaccion":1},
{"id_venta ":"738-49-7069","grado_satisfaccion":6},
{"id_venta ":"218-77-5106","grado_satisfaccion":1},
{"id_venta ":"267-09-9908","grado_satisfaccion":10},
{"id_venta ":"877-79-8435","grado_satisfaccion":7},
{"id_venta ":"391-18-1856","grado_satisfaccion":10},
{"id_venta ":"223-88-8726","grado_satisfaccion":3},
{"id_venta ":"725-36-2906","grado_satisfaccion":5},
{"id_venta ":"746-37-4969","grado_satisfaccion":10},
{"id_venta ":"474-93-1993","grado_satisfaccion":2},
{"id_venta ":"442-71-2249","grado_satisfaccion":7},
{"id_venta ":"844-61-3000","grado_satisfaccion":6},
{"id_venta ":"251-23-7311","grado_satisfaccion":4},
{"id_venta ":"632-40-3037","grado_satisfaccion":5},
{"id_venta ":"121-12-6640","grado_satisfaccion":8},
{"id_venta ":"589-38-6080","grado_satisfaccion":1},
{"id_venta ":"869-19-2514","grado_satisfaccion":1},
{"id_venta ":"609-24-7396","grado_satisfaccion":10},
{"id_venta ":"252-06-6952","grado_satisfaccion":9},
{"id_venta ":"343-89-6052","grado_satisfaccion":4},
{"id_venta ":"575-44-8219","grado_satisfaccion":7},
{"id_venta ":"887-96-0605","grado_satisfaccion":5},
{"id_venta ":"654-99-8114","grado_satisfaccion":7},
{"id_venta ":"755-27-1712","grado_satisfaccion":8},
{"id_venta ":"694-90-4116","grado_satisfaccion":5},
{"id_venta ":"815-97-7100","grado_satisfaccion":8},
{"id_venta ":"359-74-8525","grado_satisfaccion":10},
{"id_venta ":"894-36-3755","grado_satisfaccion":5},
{"id_venta ":"636-48-8265","grado_satisfaccion":2},
{"id_venta ":"205-70-8530","grado_satisfaccion":10},
{"id_venta ":"794-93-9440","grado_satisfaccion":1},
{"id_venta ":"419-28-4806","grado_satisfaccion":2},
{"id_venta ":"261-21-3912","grado_satisfaccion":7},
{"id_venta ":"539-15-6219","grado_satisfaccion":2},
{"id_venta ":"224-83-6964","grado_satisfaccion":8},
{"id_venta ":"530-81-9299","grado_satisfaccion":5},
{"id_venta ":"198-69-2520","grado_satisfaccion":4},
{"id_venta ":"846-29-7148","grado_satisfaccion":9},
{"id_venta ":"798-39-1833","grado_satisfaccion":4},
{"id_venta ":"835-96-3089","grado_satisfaccion":10},
{"id_venta ":"494-81-5633","grado_satisfaccion":5},
{"id_venta ":"635-71-9212","grado_satisfaccion":1},
{"id_venta ":"497-34-8936","grado_satisfaccion":2},
{"id_venta ":"555-46-8692","grado_satisfaccion":9},
{"id_venta ":"564-81-8383","grado_satisfaccion":10},
{"id_venta ":"417-57-9999","grado_satisfaccion":6},
{"id_venta ":"581-21-0831","grado_satisfaccion":9},
{"id_venta ":"514-12-4339","grado_satisfaccion":7},
{"id_venta ":"712-62-0198","grado_satisfaccion":5},
{"id_venta ":"178-54-3254","grado_satisfaccion":7},
{"id_venta ":"239-27-4842","grado_satisfaccion":1},
{"id_venta ":"893-20-6274","grado_satisfaccion":4},
{"id_venta ":"816-84-5716","grado_satisfaccion":1},
{"id_venta ":"433-83-0441","grado_satisfaccion":1},
{"id_venta ":"142-34-5697","grado_satisfaccion":7},
{"id_venta ":"809-73-9394","grado_satisfaccion":6},
{"id_venta ":"414-31-5397","grado_satisfaccion":2},
{"id_venta ":"592-45-1670","grado_satisfaccion":1},
{"id_venta ":"331-60-7973","grado_satisfaccion":2},
{"id_venta ":"705-11-4303","grado_satisfaccion":4},
{"id_venta ":"838-51-1941","grado_satisfaccion":4},
{"id_venta ":"135-44-7527","grado_satisfaccion":8},
{"id_venta ":"222-57-1089","grado_satisfaccion":1},
{"id_venta ":"720-10-8527","grado_satisfaccion":1},
{"id_venta ":"506-28-5674","grado_satisfaccion":10},
{"id_venta ":"110-48-7580","grado_satisfaccion":2},
{"id_venta ":"625-38-4799","grado_satisfaccion":7},
{"id_venta ":"375-02-0221","grado_satisfaccion":7},
{"id_venta ":"358-97-2469","grado_satisfaccion":2},
{"id_venta ":"559-17-3812","grado_satisfaccion":5},
{"id_venta ":"542-41-2072","grado_satisfaccion":1},
{"id_venta ":"254-35-3764","grado_satisfaccion":9},
{"id_venta ":"217-32-0836","grado_satisfaccion":5},
{"id_venta ":"399-87-2345","grado_satisfaccion":1},
{"id_venta ":"305-20-9748","grado_satisfaccion":9},
{"id_venta ":"275-33-0208","grado_satisfaccion":1},
{"id_venta ":"801-08-1485","grado_satisfaccion":8},
{"id_venta ":"885-38-6368","grado_satisfaccion":2},
{"id_venta ":"259-10-4083","grado_satisfaccion":5},
{"id_venta ":"270-23-5820","grado_satisfaccion":9},
{"id_venta ":"516-85-7817","grado_satisfaccion":9},
{"id_venta ":"295-69-4949","grado_satisfaccion":8},
{"id_venta ":"436-80-4759","grado_satisfaccion":1},
{"id_venta ":"499-34-2796","grado_satisfaccion":4},
{"id_venta ":"314-87-5623","grado_satisfaccion":10},
{"id_venta ":"530-21-0607","grado_satisfaccion":1},
{"id_venta ":"715-67-5212","grado_satisfaccion":3},
{"id_venta ":"325-58-1656","grado_satisfaccion":3},
{"id_venta ":"676-82-5780","grado_satisfaccion":4},
{"id_venta ":"600-65-1679","grado_satisfaccion":7},
{"id_venta ":"529-45-6049","grado_satisfaccion":1},
{"id_venta ":"675-05-6389","grado_satisfaccion":7},
{"id_venta ":"858-88-8748","grado_satisfaccion":10},
{"id_venta ":"406-21-1832","grado_satisfaccion":2},
{"id_venta ":"479-35-8038","grado_satisfaccion":5},
{"id_venta ":"744-60-3665","grado_satisfaccion":7},
{"id_venta ":"621-92-2755","grado_satisfaccion":2},
{"id_venta ":"143-70-8988","grado_satisfaccion":6},
{"id_venta ":"107-84-9028","grado_satisfaccion":9},
{"id_venta ":"420-65-8743","grado_satisfaccion":9},
{"id_venta ":"509-81-4243","grado_satisfaccion":8},
{"id_venta ":"249-85-0473","grado_satisfaccion":7},
{"id_venta ":"149-83-3809","grado_satisfaccion":3},
{"id_venta ":"711-20-4268","grado_satisfaccion":8},
{"id_venta ":"465-01-1403","grado_satisfaccion":3},
{"id_venta ":"662-15-5210","grado_satisfaccion":1},
{"id_venta ":"804-32-4846","grado_satisfaccion":6},
{"id_venta ":"156-96-4077","grado_satisfaccion":8},
{"id_venta ":"867-66-2943","grado_satisfaccion":2},
{"id_venta ":"833-11-5281","grado_satisfaccion":5},
{"id_venta ":"810-01-3332","grado_satisfaccion":4},
{"id_venta ":"814-88-8823","grado_satisfaccion":6},
{"id_venta ":"557-17-3083","grado_satisfaccion":2},
{"id_venta ":"638-66-3476","grado_satisfaccion":4},
{"id_venta ":"729-17-4792","grado_satisfaccion":6},
{"id_venta ":"118-14-6981","grado_satisfaccion":2},
{"id_venta ":"825-87-7844","grado_satisfaccion":10},
{"id_venta ":"276-43-9729","grado_satisfaccion":8},
{"id_venta ":"119-62-2183","grado_satisfaccion":7},
{"id_venta ":"814-07-5344","grado_satisfaccion":4},
{"id_venta ":"153-27-7840","grado_satisfaccion":2},
{"id_venta ":"301-65-0375","grado_satisfaccion":4},
{"id_venta ":"783-75-8460","grado_satisfaccion":7},
{"id_venta ":"555-48-5369","grado_satisfaccion":3},
{"id_venta ":"133-33-4963","grado_satisfaccion":9},
{"id_venta ":"784-57-2324","grado_satisfaccion":2},
{"id_venta ":"322-49-0130","grado_satisfaccion":4},
{"id_venta ":"594-50-5681","grado_satisfaccion":10},
{"id_venta ":"510-16-4835","grado_satisfaccion":6},
{"id_venta ":"325-99-9087","grado_satisfaccion":4},
{"id_venta ":"624-99-2564","grado_satisfaccion":3},
{"id_venta ":"429-27-4124","grado_satisfaccion":6},
{"id_venta ":"207-20-9004","grado_satisfaccion":5},
{"id_venta ":"397-57-9292","grado_satisfaccion":5},
{"id_venta ":"855-46-1786","grado_satisfaccion":3},
{"id_venta ":"510-16-9082","grado_satisfaccion":4},
{"id_venta ":"886-64-0114","grado_satisfaccion":1},
{"id_venta ":"378-02-4541","grado_satisfaccion":10},
{"id_venta ":"405-37-3067","grado_satisfaccion":3},
{"id_venta ":"613-64-5572","grado_satisfaccion":4},
{"id_venta ":"583-56-3588","grado_satisfaccion":10},
{"id_venta ":"545-02-4372","grado_satisfaccion":9},
{"id_venta ":"627-84-6992","grado_satisfaccion":6},
{"id_venta ":"827-40-5431","grado_satisfaccion":7},
{"id_venta ":"161-74-3497","grado_satisfaccion":1},
{"id_venta ":"149-75-4767","grado_satisfaccion":4},
{"id_venta ":"641-30-3509","grado_satisfaccion":5},
{"id_venta ":"159-79-9573","grado_satisfaccion":1},
{"id_venta ":"534-93-4000","grado_satisfaccion":10},
{"id_venta ":"717-09-5266","grado_satisfaccion":9},
{"id_venta ":"483-02-9784","grado_satisfaccion":8},
{"id_venta ":"507-75-6650","grado_satisfaccion":5},
{"id_venta ":"718-64-6922","grado_satisfaccion":8},
{"id_venta ":"366-61-7641","grado_satisfaccion":6},
{"id_venta ":"257-16-9049","grado_satisfaccion":9},
{"id_venta ":"699-47-3560","grado_satisfaccion":6},
{"id_venta ":"605-70-3607","grado_satisfaccion":4},
{"id_venta ":"719-97-2827","grado_satisfaccion":2},
{"id_venta ":"228-37-1739","grado_satisfaccion":2},
{"id_venta ":"581-18-0736","grado_satisfaccion":8},
{"id_venta ":"309-64-0918","grado_satisfaccion":3},
{"id_venta ":"777-84-1797","grado_satisfaccion":8},
{"id_venta ":"762-90-7114","grado_satisfaccion":2},
{"id_venta ":"653-93-8671","grado_satisfaccion":6},
{"id_venta ":"276-75-5264","grado_satisfaccion":3},
{"id_venta ":"754-20-8593","grado_satisfaccion":3},
{"id_venta ":"847-27-7821","grado_satisfaccion":2},
{"id_venta ":"691-05-7105","grado_satisfaccion":9},
{"id_venta ":"729-43-0077","grado_satisfaccion":8},
{"id_venta ":"449-58-6916","grado_satisfaccion":4},
{"id_venta ":"246-87-4931","grado_satisfaccion":5},
{"id_venta ":"250-31-3161","grado_satisfaccion":3},
{"id_venta ":"341-41-2538","grado_satisfaccion":7},
{"id_venta ":"122-65-4013","grado_satisfaccion":3},
{"id_venta ":"540-28-7292","grado_satisfaccion":6},
{"id_venta ":"271-17-5589","grado_satisfaccion":10},
{"id_venta ":"581-47-6201","grado_satisfaccion":10},
{"id_venta ":"812-12-8760","grado_satisfaccion":4},
{"id_venta ":"830-26-3749","grado_satisfaccion":8},
{"id_venta ":"591-59-4654","grado_satisfaccion":4},
{"id_venta ":"306-80-6360","grado_satisfaccion":8},
{"id_venta ":"892-98-7732","grado_satisfaccion":8},
{"id_venta ":"650-57-5326","grado_satisfaccion":7},
{"id_venta ":"257-78-5781","grado_satisfaccion":1},
{"id_venta ":"264-80-1905","grado_satisfaccion":6},
{"id_venta ":"266-15-8081","grado_satisfaccion":4},
{"id_venta ":"519-37-3049","grado_satisfaccion":10},
{"id_venta ":"205-27-9741","grado_satisfaccion":9},
{"id_venta ":"124-04-6665","grado_satisfaccion":2},
{"id_venta ":"545-94-3931","grado_satisfaccion":2},
{"id_venta ":"161-01-0823","grado_satisfaccion":5},
{"id_venta ":"520-02-7299","grado_satisfaccion":2},
{"id_venta ":"655-02-8147","grado_satisfaccion":3},
{"id_venta ":"383-86-4357","grado_satisfaccion":10},
{"id_venta ":"231-20-3485","grado_satisfaccion":4},
{"id_venta ":"100-77-8213","grado_satisfaccion":7},
{"id_venta ":"654-04-0542","grado_satisfaccion":3},
{"id_venta ":"466-95-8580","grado_satisfaccion":7},
{"id_venta ":"603-51-0776","grado_satisfaccion":4},
{"id_venta ":"520-57-5871","grado_satisfaccion":6},
{"id_venta ":"123-91-7180","grado_satisfaccion":2},
{"id_venta ":"860-17-0931","grado_satisfaccion":5},
{"id_venta ":"626-27-5455","grado_satisfaccion":5},
{"id_venta ":"275-71-5093","grado_satisfaccion":10},
{"id_venta ":"388-49-4899","grado_satisfaccion":4},
{"id_venta ":"837-02-0905","grado_satisfaccion":5},
{"id_venta ":"712-64-3592","grado_satisfaccion":9},
{"id_venta ":"867-19-5178","grado_satisfaccion":9},
{"id_venta ":"133-68-2049","grado_satisfaccion":4},
{"id_venta ":"894-24-0918","grado_satisfaccion":1},
{"id_venta ":"173-54-9528","grado_satisfaccion":2},
{"id_venta ":"520-81-7718","grado_satisfaccion":5},
{"id_venta ":"476-45-4726","grado_satisfaccion":10},
{"id_venta ":"713-79-4434","grado_satisfaccion":2},
{"id_venta ":"372-14-2826","grado_satisfaccion":4},
{"id_venta ":"355-52-3026","grado_satisfaccion":7},
{"id_venta ":"268-25-6315","grado_satisfaccion":6},
{"id_venta ":"197-81-4756","grado_satisfaccion":6},
{"id_venta ":"624-91-7226","grado_satisfaccion":4},
{"id_venta ":"865-63-5608","grado_satisfaccion":8},
{"id_venta ":"684-14-5716","grado_satisfaccion":7},
{"id_venta ":"511-28-5914","grado_satisfaccion":7},
{"id_venta ":"221-03-8664","grado_satisfaccion":6},
{"id_venta ":"622-12-6153","grado_satisfaccion":5},
{"id_venta ":"142-10-4233","grado_satisfaccion":10},
{"id_venta ":"566-43-8430","grado_satisfaccion":8},
{"id_venta ":"315-26-3124","grado_satisfaccion":2},
{"id_venta ":"765-55-6790","grado_satisfaccion":7},
{"id_venta ":"775-02-4375","grado_satisfaccion":7},
{"id_venta ":"246-40-5148","grado_satisfaccion":6},
{"id_venta ":"430-01-7275","grado_satisfaccion":1},
{"id_venta ":"347-77-1652","grado_satisfaccion":8},
{"id_venta ":"682-44-4243","grado_satisfaccion":8},
{"id_venta ":"806-94-1194","grado_satisfaccion":10},
{"id_venta ":"207-66-2237","grado_satisfaccion":2},
{"id_venta ":"698-18-1767","grado_satisfaccion":8},
{"id_venta ":"643-33-9449","grado_satisfaccion":8},
{"id_venta ":"184-39-2362","grado_satisfaccion":6},
{"id_venta ":"545-70-3601","grado_satisfaccion":8},
{"id_venta ":"217-16-3990","grado_satisfaccion":9},
{"id_venta ":"279-72-5254","grado_satisfaccion":9},
{"id_venta ":"331-57-9633","grado_satisfaccion":8},
{"id_venta ":"481-01-3546","grado_satisfaccion":8},
{"id_venta ":"288-45-9075","grado_satisfaccion":5},
{"id_venta ":"586-76-2862","grado_satisfaccion":4},
{"id_venta ":"894-69-2444","grado_satisfaccion":1},
{"id_venta ":"520-23-2099","grado_satisfaccion":6},
{"id_venta ":"187-16-9786","grado_satisfaccion":10},
{"id_venta ":"828-32-5797","grado_satisfaccion":2},
{"id_venta ":"354-09-4571","grado_satisfaccion":4}]