[{"id_venta ":"251-26-5839","grado_satisfaccion":3},
{"id_venta ":"184-93-8381","grado_satisfaccion":8},
{"id_venta ":"469-53-9276","grado_satisfaccion":5},
{"id_venta ":"830-31-4517","grado_satisfaccion":4},
{"id_venta ":"361-12-1754","grado_satisfaccion":8},
{"id_venta ":"676-96-4784","grado_satisfaccion":1},
{"id_venta ":"212-90-2268","grado_satisfaccion":10},
{"id_venta ":"153-15-3172","grado_satisfaccion":2},
{"id_venta ":"408-01-6308","grado_satisfaccion":1},
{"id_venta ":"676-63-6983","grado_satisfaccion":4},
{"id_venta ":"607-59-7258","grado_satisfaccion":4},
{"id_venta ":"454-25-4199","grado_satisfaccion":10},
{"id_venta ":"145-84-5634","grado_satisfaccion":7},
{"id_venta ":"736-47-6876","grado_satisfaccion":8},
{"id_venta ":"623-46-7805","grado_satisfaccion":1},
{"id_venta ":"607-14-7153","grado_satisfaccion":1},
{"id_venta ":"510-32-8314","grado_satisfaccion":5},
{"id_venta ":"427-51-8840","grado_satisfaccion":9},
{"id_venta ":"837-22-7106","grado_satisfaccion":5},
{"id_venta ":"757-79-9033","grado_satisfaccion":3},
{"id_venta ":"806-72-7984","grado_satisfaccion":9},
{"id_venta ":"521-38-8499","grado_satisfaccion":9},
{"id_venta ":"578-57-3920","grado_satisfaccion":9},
{"id_venta ":"488-68-7611","grado_satisfaccion":8},
{"id_venta ":"214-58-8479","grado_satisfaccion":5},
{"id_venta ":"725-73-2446","grado_satisfaccion":2},
{"id_venta ":"542-12-8831","grado_satisfaccion":8},
{"id_venta ":"311-99-8924","grado_satisfaccion":6},
{"id_venta ":"305-77-0543","grado_satisfaccion":7},
{"id_venta ":"369-98-9166","grado_satisfaccion":3},
{"id_venta ":"380-36-9943","grado_satisfaccion":2},
{"id_venta ":"464-30-6597","grado_satisfaccion":9},
{"id_venta ":"643-68-6344","grado_satisfaccion":7},
{"id_venta ":"866-36-7665","grado_satisfaccion":2},
{"id_venta ":"170-57-2079","grado_satisfaccion":1},
{"id_venta ":"811-56-3871","grado_satisfaccion":8},
{"id_venta ":"651-36-9532","grado_satisfaccion":10},
{"id_venta ":"802-29-5770","grado_satisfaccion":8},
{"id_venta ":"102-53-7126","grado_satisfaccion":4},
{"id_venta ":"732-15-4092","grado_satisfaccion":9},
{"id_venta ":"258-30-3682","grado_satisfaccion":9},
{"id_venta ":"851-46-7764","grado_satisfaccion":3},
{"id_venta ":"292-64-0943","grado_satisfaccion":4},
{"id_venta ":"425-16-0479","grado_satisfaccion":1},
{"id_venta ":"428-82-6125","grado_satisfaccion":1},
{"id_venta ":"851-62-7282","grado_satisfaccion":4},
{"id_venta ":"695-68-7389","grado_satisfaccion":10},
{"id_venta ":"853-89-4140","grado_satisfaccion":10},
{"id_venta ":"485-77-7441","grado_satisfaccion":8},
{"id_venta ":"553-98-8834","grado_satisfaccion":8},
{"id_venta ":"688-46-0665","grado_satisfaccion":5},
{"id_venta ":"755-97-8247","grado_satisfaccion":6},
{"id_venta ":"448-14-3225","grado_satisfaccion":5},
{"id_venta ":"452-44-3577","grado_satisfaccion":9},
{"id_venta ":"788-48-5061","grado_satisfaccion":1},
{"id_venta ":"448-99-3089","grado_satisfaccion":9},
{"id_venta ":"261-35-9883","grado_satisfaccion":9},
{"id_venta ":"101-86-3285","grado_satisfaccion":9},
{"id_venta ":"294-34-0437","grado_satisfaccion":5},
{"id_venta ":"188-18-2435","grado_satisfaccion":5},
{"id_venta ":"128-04-0411","grado_satisfaccion":4},
{"id_venta ":"327-33-2738","grado_satisfaccion":9},
{"id_venta ":"767-42-9051","grado_satisfaccion":7},
{"id_venta ":"881-14-2778","grado_satisfaccion":6},
{"id_venta ":"794-11-4404","grado_satisfaccion":8},
{"id_venta ":"780-75-8230","grado_satisfaccion":8},
{"id_venta ":"478-63-3395","grado_satisfaccion":1},
{"id_venta ":"345-61-9977","grado_satisfaccion":3},
{"id_venta ":"378-32-6054","grado_satisfaccion":1},
{"id_venta ":"127-30-1780","grado_satisfaccion":9},
{"id_venta ":"458-85-0415","grado_satisfaccion":5},
{"id_venta ":"152-73-4975","grado_satisfaccion":6},
{"id_venta ":"867-51-5678","grado_satisfaccion":4},
{"id_venta ":"304-39-9057","grado_satisfaccion":8},
{"id_venta ":"159-77-6466","grado_satisfaccion":10},
{"id_venta ":"597-66-8436","grado_satisfaccion":7},
{"id_venta ":"232-49-9644","grado_satisfaccion":9},
{"id_venta ":"102-56-1548","grado_satisfaccion":6},
{"id_venta ":"153-83-5836","grado_satisfaccion":10},
{"id_venta ":"530-83-3774","grado_satisfaccion":2},
{"id_venta ":"578-13-7076","grado_satisfaccion":3},
{"id_venta ":"848-14-4694","grado_satisfaccion":5},
{"id_venta ":"803-05-8122","grado_satisfaccion":5},
{"id_venta ":"134-33-0546","grado_satisfaccion":6},
{"id_venta ":"823-71-8528","grado_satisfaccion":3},
{"id_venta ":"568-97-2850","grado_satisfaccion":3},
{"id_venta ":"853-52-0117","grado_satisfaccion":2},
{"id_venta ":"134-78-6669","grado_satisfaccion":7},
{"id_venta ":"275-49-8307","grado_satisfaccion":6},
{"id_venta ":"470-04-8359","grado_satisfaccion":1},
{"id_venta ":"164-33-3343","grado_satisfaccion":5},
{"id_venta ":"379-63-8545","grado_satisfaccion":1},
{"id_venta ":"899-19-9331","grado_satisfaccion":5},
{"id_venta ":"307-48-6958","grado_satisfaccion":10},
{"id_venta ":"264-85-1848","grado_satisfaccion":3},
{"id_venta ":"320-63-0358","grado_satisfaccion":5},
{"id_venta ":"403-14-2553","grado_satisfaccion":1},
{"id_venta ":"409-16-9671","grado_satisfaccion":4},
{"id_venta ":"341-72-6136","grado_satisfaccion":6},
{"id_venta ":"268-70-8591","grado_satisfaccion":5},
{"id_venta ":"104-06-1631","grado_satisfaccion":7},
{"id_venta ":"310-93-6855","grado_satisfaccion":2},
{"id_venta ":"571-53-9556","grado_satisfaccion":6},
{"id_venta ":"266-51-7716","grado_satisfaccion":8},
{"id_venta ":"683-82-5761","grado_satisfaccion":6},
{"id_venta ":"286-52-7268","grado_satisfaccion":6},
{"id_venta ":"224-13-5009","grado_satisfaccion":5},
{"id_venta ":"839-48-9317","grado_satisfaccion":7},
{"id_venta ":"218-67-9563","grado_satisfaccion":6},
{"id_venta ":"717-10-7512","grado_satisfaccion":7},
{"id_venta ":"205-83-5888","grado_satisfaccion":7},
{"id_venta ":"177-80-3194","grado_satisfaccion":8},
{"id_venta ":"618-12-9931","grado_satisfaccion":7},
{"id_venta ":"295-36-3646","grado_satisfaccion":4},
{"id_venta ":"632-65-6867","grado_satisfaccion":5},
{"id_venta ":"274-45-3912","grado_satisfaccion":3},
{"id_venta ":"249-45-1045","grado_satisfaccion":10},
{"id_venta ":"584-02-3360","grado_satisfaccion":6},
{"id_venta ":"422-95-7650","grado_satisfaccion":4},
{"id_venta ":"800-83-5193","grado_satisfaccion":10},
{"id_venta ":"716-88-4326","grado_satisfaccion":9},
{"id_venta ":"519-62-8317","grado_satisfaccion":2},
{"id_venta ":"232-23-4073","grado_satisfaccion":2},
{"id_venta ":"782-12-5076","grado_satisfaccion":4},
{"id_venta ":"651-70-3143","grado_satisfaccion":3},
{"id_venta ":"251-36-6837","grado_satisfaccion":3},
{"id_venta ":"472-46-1406","grado_satisfaccion":10},
{"id_venta ":"770-84-6122","grado_satisfaccion":6},
{"id_venta ":"337-70-6756","grado_satisfaccion":1},
{"id_venta ":"424-97-4923","grado_satisfaccion":4},
{"id_venta ":"644-03-0290","grado_satisfaccion":4},
{"id_venta ":"462-76-4543","grado_satisfaccion":1},
{"id_venta ":"435-22-3247","grado_satisfaccion":8},
{"id_venta ":"336-24-0565","grado_satisfaccion":7},
{"id_venta ":"834-65-7385","grado_satisfaccion":1},
{"id_venta ":"389-26-2506","grado_satisfaccion":7},
{"id_venta ":"579-04-3602","grado_satisfaccion":5},
{"id_venta ":"496-81-1445","grado_satisfaccion":7},
{"id_venta ":"314-26-1656","grado_satisfaccion":9},
{"id_venta ":"610-53-1741","grado_satisfaccion":5},
{"id_venta ":"239-99-5572","grado_satisfaccion":5},
{"id_venta ":"563-79-5641","grado_satisfaccion":2},
{"id_venta ":"895-57-4037","grado_satisfaccion":5},
{"id_venta ":"863-60-3548","grado_satisfaccion":4},
{"id_venta ":"446-78-3649","grado_satisfaccion":9},
{"id_venta ":"485-54-4027","grado_satisfaccion":9},
{"id_venta ":"369-15-0348","grado_satisfaccion":2},
{"id_venta ":"758-50-1993","grado_satisfaccion":9},
{"id_venta ":"367-64-5234","grado_satisfaccion":3},
{"id_venta ":"708-99-1576","grado_satisfaccion":3},
{"id_venta ":"271-62-3396","grado_satisfaccion":6},
{"id_venta ":"379-65-9551","grado_satisfaccion":5},
{"id_venta ":"196-74-4750","grado_satisfaccion":1},
{"id_venta ":"160-06-3360","grado_satisfaccion":6},
{"id_venta ":"894-42-8898","grado_satisfaccion":1},
{"id_venta ":"679-81-4671","grado_satisfaccion":7},
{"id_venta ":"270-01-5230","grado_satisfaccion":10},
{"id_venta ":"541-02-9126","grado_satisfaccion":9},
{"id_venta ":"660-21-1586","grado_satisfaccion":9},
{"id_venta ":"270-89-9768","grado_satisfaccion":3},
{"id_venta ":"208-83-8819","grado_satisfaccion":6},
{"id_venta ":"830-22-0036","grado_satisfaccion":5},
{"id_venta ":"385-21-5523","grado_satisfaccion":1},
{"id_venta ":"534-30-8055","grado_satisfaccion":9},
{"id_venta ":"869-75-8531","grado_satisfaccion":3},
{"id_venta ":"123-88-8132","grado_satisfaccion":1},
{"id_venta ":"621-13-9577","grado_satisfaccion":5},
{"id_venta ":"331-54-6360","grado_satisfaccion":7},
{"id_venta ":"248-92-4003","grado_satisfaccion":4},
{"id_venta ":"822-20-7107","grado_satisfaccion":7},
{"id_venta ":"512-94-6690","grado_satisfaccion":7},
{"id_venta ":"577-04-3150","grado_satisfaccion":5},
{"id_venta ":"592-93-0426","grado_satisfaccion":6},
{"id_venta ":"708-04-1761","grado_satisfaccion":2},
{"id_venta ":"407-26-0078","grado_satisfaccion":6},
{"id_venta ":"857-58-3611","grado_satisfaccion":8},
{"id_venta ":"145-95-7673","grado_satisfaccion":9},
{"id_venta ":"315-16-8317","grado_satisfaccion":10},
{"id_venta ":"303-13-4641","grado_satisfaccion":9},
{"id_venta ":"785-33-8871","grado_satisfaccion":2},
{"id_venta ":"366-32-3617","grado_satisfaccion":9},
{"id_venta ":"899-37-9405","grado_satisfaccion":6},
{"id_venta ":"474-53-3966","grado_satisfaccion":8},
{"id_venta ":"375-19-7597","grado_satisfaccion":1},
{"id_venta ":"205-51-7418","grado_satisfaccion":7},
{"id_venta ":"564-39-1210","grado_satisfaccion":8},
{"id_venta ":"471-05-0194","grado_satisfaccion":1},
{"id_venta ":"599-88-7992","grado_satisfaccion":1},
{"id_venta ":"694-58-9209","grado_satisfaccion":6},
{"id_venta ":"718-08-5376","grado_satisfaccion":10},
{"id_venta ":"850-78-4674","grado_satisfaccion":3},
{"id_venta ":"118-01-9403","grado_satisfaccion":7},
{"id_venta ":"593-48-5207","grado_satisfaccion":6},
{"id_venta ":"361-13-0788","grado_satisfaccion":6},
{"id_venta ":"812-49-2291","grado_satisfaccion":10},
{"id_venta ":"608-46-9867","grado_satisfaccion":7},
{"id_venta ":"347-80-1060","grado_satisfaccion":2},
{"id_venta ":"204-95-5492","grado_satisfaccion":2},
{"id_venta ":"734-14-2204","grado_satisfaccion":3},
{"id_venta ":"237-90-1557","grado_satisfaccion":5},
{"id_venta ":"829-59-4424","grado_satisfaccion":1},
{"id_venta ":"211-15-8391","grado_satisfaccion":2},
{"id_venta ":"215-53-0774","grado_satisfaccion":7},
{"id_venta ":"528-24-0123","grado_satisfaccion":8},
{"id_venta ":"415-12-7751","grado_satisfaccion":3},
{"id_venta ":"847-71-2161","grado_satisfaccion":10},
{"id_venta ":"190-70-6036","grado_satisfaccion":8},
{"id_venta ":"144-60-0208","grado_satisfaccion":1},
{"id_venta ":"785-43-0110","grado_satisfaccion":1},
{"id_venta ":"162-88-9284","grado_satisfaccion":1},
{"id_venta ":"293-06-5451","grado_satisfaccion":1},
{"id_venta ":"689-92-2996","grado_satisfaccion":8},
{"id_venta ":"277-41-0928","grado_satisfaccion":7},
{"id_venta ":"133-51-7843","grado_satisfaccion":4},
{"id_venta ":"437-42-0305","grado_satisfaccion":2},
{"id_venta ":"775-72-2332","grado_satisfaccion":8},
{"id_venta ":"774-45-4791","grado_satisfaccion":1},
{"id_venta ":"297-78-3457","grado_satisfaccion":6},
{"id_venta ":"381-75-9359","grado_satisfaccion":3},
{"id_venta ":"189-05-5644","grado_satisfaccion":1},
{"id_venta ":"432-47-1700","grado_satisfaccion":3},
{"id_venta ":"354-75-3439","grado_satisfaccion":10},
{"id_venta ":"542-76-8687","grado_satisfaccion":6},
{"id_venta ":"219-53-1592","grado_satisfaccion":9},
{"id_venta ":"814-19-7701","grado_satisfaccion":10},
{"id_venta ":"434-39-7821","grado_satisfaccion":4},
{"id_venta ":"771-27-6719","grado_satisfaccion":10},
{"id_venta ":"512-39-3603","grado_satisfaccion":3},
{"id_venta ":"356-80-0344","grado_satisfaccion":9},
{"id_venta ":"107-74-8977","grado_satisfaccion":4},
{"id_venta ":"360-86-2909","grado_satisfaccion":8},
{"id_venta ":"609-70-4999","grado_satisfaccion":1},
{"id_venta ":"353-29-3908","grado_satisfaccion":10},
{"id_venta ":"779-83-8648","grado_satisfaccion":8},
{"id_venta ":"637-72-6599","grado_satisfaccion":4},
{"id_venta ":"453-67-3084","grado_satisfaccion":6},
{"id_venta ":"179-52-9537","grado_satisfaccion":2},
{"id_venta ":"548-98-6027","grado_satisfaccion":8},
{"id_venta ":"643-41-2085","grado_satisfaccion":9},
{"id_venta ":"771-67-0820","grado_satisfaccion":5},
{"id_venta ":"417-54-9830","grado_satisfaccion":5},
{"id_venta ":"199-51-5519","grado_satisfaccion":1},
{"id_venta ":"668-31-5921","grado_satisfaccion":8},
{"id_venta ":"430-77-7505","grado_satisfaccion":4},
{"id_venta ":"617-81-1889","grado_satisfaccion":4},
{"id_venta ":"604-47-5402","grado_satisfaccion":10},
{"id_venta ":"465-09-0204","grado_satisfaccion":5},
{"id_venta ":"872-24-9055","grado_satisfaccion":6},
{"id_venta ":"259-83-6125","grado_satisfaccion":8},
{"id_venta ":"144-69-7756","grado_satisfaccion":10},
{"id_venta ":"780-74-7454","grado_satisfaccion":8},
{"id_venta ":"121-62-8248","grado_satisfaccion":1},
{"id_venta ":"215-39-1034","grado_satisfaccion":9},
{"id_venta ":"507-86-0937","grado_satisfaccion":3},
{"id_venta ":"821-67-2620","grado_satisfaccion":2},
{"id_venta ":"286-98-5971","grado_satisfaccion":8},
{"id_venta ":"744-56-0324","grado_satisfaccion":3},
{"id_venta ":"228-10-7476","grado_satisfaccion":8},
{"id_venta ":"623-02-1791","grado_satisfaccion":1},
{"id_venta ":"795-85-7115","grado_satisfaccion":2},
{"id_venta ":"338-49-6180","grado_satisfaccion":5},
{"id_venta ":"660-44-0542","grado_satisfaccion":3},
{"id_venta ":"404-14-0059","grado_satisfaccion":7},
{"id_venta ":"865-82-4714","grado_satisfaccion":7},
{"id_venta ":"176-71-5946","grado_satisfaccion":7},
{"id_venta ":"134-42-1300","grado_satisfaccion":9},
{"id_venta ":"854-46-3520","grado_satisfaccion":10},
{"id_venta ":"306-51-1249","grado_satisfaccion":9},
{"id_venta ":"122-31-1316","grado_satisfaccion":7},
{"id_venta ":"652-59-6437","grado_satisfaccion":6},
{"id_venta ":"793-25-4419","grado_satisfaccion":2},
{"id_venta ":"851-54-8942","grado_satisfaccion":3},
{"id_venta ":"647-22-8227","grado_satisfaccion":10},
{"id_venta ":"129-71-7107","grado_satisfaccion":10},
{"id_venta ":"318-20-0440","grado_satisfaccion":9},
{"id_venta ":"610-41-1480","grado_satisfaccion":2},
{"id_venta ":"842-69-9349","grado_satisfaccion":1},
{"id_venta ":"418-76-4342","grado_satisfaccion":6},
{"id_venta ":"473-32-2593","grado_satisfaccion":1},
{"id_venta ":"708-88-9576","grado_satisfaccion":4},
{"id_venta ":"208-77-1192","grado_satisfaccion":2},
{"id_venta ":"855-79-4734","grado_satisfaccion":6},
{"id_venta ":"265-50-0195","grado_satisfaccion":1},
{"id_venta ":"574-60-7978","grado_satisfaccion":2},
{"id_venta ":"114-93-5646","grado_satisfaccion":6},
{"id_venta ":"820-51-3443","grado_satisfaccion":2},
{"id_venta ":"477-80-7896","grado_satisfaccion":10},
{"id_venta ":"350-84-6711","grado_satisfaccion":7},
{"id_venta ":"638-41-7917","grado_satisfaccion":8},
{"id_venta ":"781-68-7689","grado_satisfaccion":4},
{"id_venta ":"894-11-7223","grado_satisfaccion":6},
{"id_venta ":"766-64-1787","grado_satisfaccion":9},
{"id_venta ":"608-40-0061","grado_satisfaccion":4},
{"id_venta ":"643-69-4597","grado_satisfaccion":5},
{"id_venta ":"281-66-0426","grado_satisfaccion":1},
{"id_venta ":"168-07-1814","grado_satisfaccion":10},
{"id_venta ":"164-15-5417","grado_satisfaccion":8},
{"id_venta ":"760-32-8813","grado_satisfaccion":4},
{"id_venta ":"434-96-3433","grado_satisfaccion":2},
{"id_venta ":"317-84-2826","grado_satisfaccion":3},
{"id_venta ":"777-48-9408","grado_satisfaccion":4},
{"id_venta ":"166-73-8779","grado_satisfaccion":10},
{"id_venta ":"863-29-6238","grado_satisfaccion":8},
{"id_venta ":"729-67-6699","grado_satisfaccion":5},
{"id_venta ":"457-95-8876","grado_satisfaccion":9},
{"id_venta ":"773-95-1760","grado_satisfaccion":1},
{"id_venta ":"622-97-4408","grado_satisfaccion":9},
{"id_venta ":"382-78-5400","grado_satisfaccion":8},
{"id_venta ":"856-22-8910","grado_satisfaccion":1},
{"id_venta ":"466-35-2734","grado_satisfaccion":7},
{"id_venta ":"708-79-8980","grado_satisfaccion":7},
{"id_venta ":"292-93-5308","grado_satisfaccion":2},
{"id_venta ":"791-45-3946","grado_satisfaccion":6},
{"id_venta ":"776-51-0973","grado_satisfaccion":3},
{"id_venta ":"893-10-0675","grado_satisfaccion":5},
{"id_venta ":"299-82-7409","grado_satisfaccion":3},
{"id_venta ":"769-22-4094","grado_satisfaccion":7},
{"id_venta ":"366-58-9775","grado_satisfaccion":7},
{"id_venta ":"143-17-9825","grado_satisfaccion":5},
{"id_venta ":"106-17-7942","grado_satisfaccion":4},
{"id_venta ":"676-84-8710","grado_satisfaccion":6},
{"id_venta ":"591-36-4061","grado_satisfaccion":5},
{"id_venta ":"836-85-6498","grado_satisfaccion":9},
{"id_venta ":"814-66-2641","grado_satisfaccion":3},
{"id_venta ":"320-34-8097","grado_satisfaccion":5},
{"id_venta ":"722-08-1015","grado_satisfaccion":8},
{"id_venta ":"898-47-7356","grado_satisfaccion":10},
{"id_venta ":"142-64-3368","grado_satisfaccion":4},
{"id_venta ":"777-45-6446","grado_satisfaccion":5},
{"id_venta ":"247-88-8652","grado_satisfaccion":8},
{"id_venta ":"345-77-5031","grado_satisfaccion":2},
{"id_venta ":"467-78-5696","grado_satisfaccion":6},
{"id_venta ":"313-60-1606","grado_satisfaccion":8},
{"id_venta ":"705-50-3991","grado_satisfaccion":4},
{"id_venta ":"218-48-7454","grado_satisfaccion":10},
{"id_venta ":"443-76-8425","grado_satisfaccion":5},
{"id_venta ":"765-33-4436","grado_satisfaccion":2},
{"id_venta ":"661-99-8336","grado_satisfaccion":9},
{"id_venta ":"730-09-3008","grado_satisfaccion":6},
{"id_venta ":"658-09-1797","grado_satisfaccion":7},
{"id_venta ":"149-71-0151","grado_satisfaccion":9},
{"id_venta ":"707-64-6096","grado_satisfaccion":2},
{"id_venta ":"433-57-1290","grado_satisfaccion":4},
{"id_venta ":"535-74-8925","grado_satisfaccion":5},
{"id_venta ":"509-41-2403","grado_satisfaccion":1},
{"id_venta ":"446-80-0888","grado_satisfaccion":6},
{"id_venta ":"329-84-1079","grado_satisfaccion":7},
{"id_venta ":"872-88-4589","grado_satisfaccion":3},
{"id_venta ":"592-97-8177","grado_satisfaccion":2},
{"id_venta ":"581-79-8785","grado_satisfaccion":8},
{"id_venta ":"790-24-6886","grado_satisfaccion":2},
{"id_venta ":"333-73-2395","grado_satisfaccion":6},
{"id_venta ":"125-22-9694","grado_satisfaccion":10},
{"id_venta ":"122-42-7338","grado_satisfaccion":9},
{"id_venta ":"533-71-2324","grado_satisfaccion":8},
{"id_venta ":"580-12-0361","grado_satisfaccion":9},
{"id_venta ":"184-47-6151","grado_satisfaccion":3},
{"id_venta ":"492-89-0695","grado_satisfaccion":2},
{"id_venta ":"381-93-1943","grado_satisfaccion":2},
{"id_venta ":"678-38-1270","grado_satisfaccion":2},
{"id_venta ":"833-19-4457","grado_satisfaccion":2},
{"id_venta ":"687-71-1201","grado_satisfaccion":1},
{"id_venta ":"628-13-3429","grado_satisfaccion":7},
{"id_venta ":"283-30-4826","grado_satisfaccion":6},
{"id_venta ":"483-14-9601","grado_satisfaccion":5},
{"id_venta ":"479-03-9051","grado_satisfaccion":2},
{"id_venta ":"154-30-2896","grado_satisfaccion":5},
{"id_venta ":"185-33-2527","grado_satisfaccion":6},
{"id_venta ":"664-95-3932","grado_satisfaccion":7},
{"id_venta ":"136-85-6241","grado_satisfaccion":4},
{"id_venta ":"335-69-2504","grado_satisfaccion":9},
{"id_venta ":"366-62-8315","grado_satisfaccion":1},
{"id_venta ":"869-15-7055","grado_satisfaccion":10},
{"id_venta ":"848-74-1150","grado_satisfaccion":3},
{"id_venta ":"506-20-6784","grado_satisfaccion":4},
{"id_venta ":"507-77-4615","grado_satisfaccion":2},
{"id_venta ":"241-07-2556","grado_satisfaccion":5},
{"id_venta ":"338-36-9885","grado_satisfaccion":5},
{"id_venta ":"120-08-3957","grado_satisfaccion":10},
{"id_venta ":"517-76-3810","grado_satisfaccion":4},
{"id_venta ":"699-25-7683","grado_satisfaccion":6},
{"id_venta ":"229-59-7336","grado_satisfaccion":8},
{"id_venta ":"204-11-5684","grado_satisfaccion":3},
{"id_venta ":"363-11-7156","grado_satisfaccion":8},
{"id_venta ":"587-08-0523","grado_satisfaccion":7},
{"id_venta ":"761-83-5391","grado_satisfaccion":4},
{"id_venta ":"560-57-6077","grado_satisfaccion":8},
{"id_venta ":"220-22-2734","grado_satisfaccion":9},
{"id_venta ":"722-84-4572","grado_satisfaccion":7},
{"id_venta ":"479-56-8313","grado_satisfaccion":7},
{"id_venta ":"668-05-5714","grado_satisfaccion":2},
{"id_venta ":"232-37-4469","grado_satisfaccion":5},
{"id_venta ":"311-96-0258","grado_satisfaccion":7},
{"id_venta ":"266-74-1250","grado_satisfaccion":6},
{"id_venta ":"449-08-6633","grado_satisfaccion":8},
{"id_venta ":"326-17-0543","grado_satisfaccion":9},
{"id_venta ":"710-69-1802","grado_satisfaccion":6},
{"id_venta ":"878-20-6180","grado_satisfaccion":5},
{"id_venta ":"546-46-5916","grado_satisfaccion":1},
{"id_venta ":"115-85-1510","grado_satisfaccion":8},
{"id_venta ":"862-30-9419","grado_satisfaccion":2},
{"id_venta ":"340-04-7627","grado_satisfaccion":1},
{"id_venta ":"386-11-7050","grado_satisfaccion":4},
{"id_venta ":"130-18-6353","grado_satisfaccion":10},
{"id_venta ":"669-62-8229","grado_satisfaccion":5},
{"id_venta ":"645-12-8934","grado_satisfaccion":3},
{"id_venta ":"567-62-2293","grado_satisfaccion":7},
{"id_venta ":"737-16-9398","grado_satisfaccion":8},
{"id_venta ":"167-18-7430","grado_satisfaccion":3},
{"id_venta ":"402-26-6287","grado_satisfaccion":3},
{"id_venta ":"351-97-0731","grado_satisfaccion":10},
{"id_venta ":"770-55-1720","grado_satisfaccion":6},
{"id_venta ":"435-66-4573","grado_satisfaccion":9},
{"id_venta ":"535-29-9556","grado_satisfaccion":1},
{"id_venta ":"244-66-6282","grado_satisfaccion":5},
{"id_venta ":"843-30-9928","grado_satisfaccion":9},
{"id_venta ":"444-68-9004","grado_satisfaccion":4},
{"id_venta ":"294-19-0379","grado_satisfaccion":9},
{"id_venta ":"125-11-0173","grado_satisfaccion":10},
{"id_venta ":"485-46-2989","grado_satisfaccion":9},
{"id_venta ":"302-90-5138","grado_satisfaccion":9},
{"id_venta ":"671-56-2970","grado_satisfaccion":7},
{"id_venta ":"398-28-0376","grado_satisfaccion":3},
{"id_venta ":"603-56-6488","grado_satisfaccion":5},
{"id_venta ":"574-76-4430","grado_satisfaccion":8},
{"id_venta ":"892-70-7737","grado_satisfaccion":7},
{"id_venta ":"597-41-6407","grado_satisfaccion":4},
{"id_venta ":"127-47-1982","grado_satisfaccion":10},
{"id_venta ":"788-42-5033","grado_satisfaccion":5},
{"id_venta ":"546-95-9780","grado_satisfaccion":9},
{"id_venta ":"744-65-4013","grado_satisfaccion":8},
{"id_venta ":"409-50-9321","grado_satisfaccion":7},
{"id_venta ":"154-63-7757","grado_satisfaccion":5},
{"id_venta ":"254-16-3203","grado_satisfaccion":5},
{"id_venta ":"293-38-8361","grado_satisfaccion":10},
{"id_venta ":"713-14-5815","grado_satisfaccion":8},
{"id_venta ":"548-98-3700","grado_satisfaccion":7},
{"id_venta ":"297-62-9990","grado_satisfaccion":10},
{"id_venta ":"469-37-0481","grado_satisfaccion":9},
{"id_venta ":"165-59-3145","grado_satisfaccion":10},
{"id_venta ":"445-70-9655","grado_satisfaccion":1},
{"id_venta ":"111-97-7714","grado_satisfaccion":7},
{"id_venta ":"673-43-2127","grado_satisfaccion":1},
{"id_venta ":"321-54-7422","grado_satisfaccion":4},
{"id_venta ":"774-12-6826","grado_satisfaccion":8},
{"id_venta ":"164-86-3249","grado_satisfaccion":1},
{"id_venta ":"816-66-4962","grado_satisfaccion":10},
{"id_venta ":"328-13-3935","grado_satisfaccion":1},
{"id_venta ":"233-93-6367","grado_satisfaccion":1},
{"id_venta ":"833-35-7199","grado_satisfaccion":1},
{"id_venta ":"678-51-8166","grado_satisfaccion":7},
{"id_venta ":"501-06-1787","grado_satisfaccion":3},
{"id_venta ":"190-41-0766","grado_satisfaccion":10},
{"id_venta ":"776-12-6130","grado_satisfaccion":3},
{"id_venta ":"711-91-0905","grado_satisfaccion":6},
{"id_venta ":"865-51-5208","grado_satisfaccion":2},
{"id_venta ":"402-59-5292","grado_satisfaccion":8},
{"id_venta ":"335-67-3968","grado_satisfaccion":3},
{"id_venta ":"836-39-3849","grado_satisfaccion":8},
{"id_venta ":"897-79-2509","grado_satisfaccion":4},
{"id_venta ":"687-02-5134","grado_satisfaccion":7},
{"id_venta ":"369-37-8956","grado_satisfaccion":4},
{"id_venta ":"730-62-9666","grado_satisfaccion":10},
{"id_venta ":"439-98-2230","grado_satisfaccion":1},
{"id_venta ":"554-65-1372","grado_satisfaccion":7},
{"id_venta ":"710-42-5846","grado_satisfaccion":10},
{"id_venta ":"584-20-9667","grado_satisfaccion":7},
{"id_venta ":"853-64-9169","grado_satisfaccion":9},
{"id_venta ":"623-45-2290","grado_satisfaccion":9},
{"id_venta ":"343-69-6481","grado_satisfaccion":1},
{"id_venta ":"103-85-0555","grado_satisfaccion":5},
{"id_venta ":"326-26-8338","grado_satisfaccion":3},
{"id_venta ":"432-27-7243","grado_satisfaccion":5},
{"id_venta ":"801-53-6545","grado_satisfaccion":4},
{"id_venta ":"452-98-6184","grado_satisfaccion":9},
{"id_venta ":"285-70-4165","grado_satisfaccion":2},
{"id_venta ":"815-10-7784","grado_satisfaccion":5},
{"id_venta ":"468-07-6085","grado_satisfaccion":9},
{"id_venta ":"382-50-5606","grado_satisfaccion":8},
{"id_venta ":"394-38-4071","grado_satisfaccion":7},
{"id_venta ":"881-04-6543","grado_satisfaccion":5},
{"id_venta ":"213-97-3840","grado_satisfaccion":6},
{"id_venta ":"240-10-9066","grado_satisfaccion":9},
{"id_venta ":"268-55-9959","grado_satisfaccion":1},
{"id_venta ":"822-74-7490","grado_satisfaccion":8},
{"id_venta ":"506-93-1435","grado_satisfaccion":2},
{"id_venta ":"813-63-9042","grado_satisfaccion":7},
{"id_venta ":"193-76-5266","grado_satisfaccion":5},
{"id_venta ":"550-76-1994","grado_satisfaccion":1},
{"id_venta ":"852-43-3375","grado_satisfaccion":2},
{"id_venta ":"559-16-4987","grado_satisfaccion":9},
{"id_venta ":"282-08-4338","grado_satisfaccion":7},
{"id_venta ":"237-19-2351","grado_satisfaccion":10},
{"id_venta ":"176-01-0403","grado_satisfaccion":3},
{"id_venta ":"188-02-3761","grado_satisfaccion":7},
{"id_venta ":"493-83-2217","grado_satisfaccion":7},
{"id_venta ":"619-53-4838","grado_satisfaccion":8},
{"id_venta ":"522-60-4718","grado_satisfaccion":8},
{"id_venta ":"373-32-2640","grado_satisfaccion":7},
{"id_venta ":"545-13-3615","grado_satisfaccion":3},
{"id_venta ":"224-99-2271","grado_satisfaccion":9},
{"id_venta ":"810-64-2753","grado_satisfaccion":5},
{"id_venta ":"153-51-8905","grado_satisfaccion":7},
{"id_venta ":"592-36-5820","grado_satisfaccion":1},
{"id_venta ":"565-36-6961","grado_satisfaccion":2},
{"id_venta ":"620-84-9143","grado_satisfaccion":10},
{"id_venta ":"748-69-2332","grado_satisfaccion":3},
{"id_venta ":"336-98-8698","grado_satisfaccion":6},
{"id_venta ":"838-74-5061","grado_satisfaccion":5},
{"id_venta ":"581-62-7374","grado_satisfaccion":10},
{"id_venta ":"766-38-8308","grado_satisfaccion":2},
{"id_venta ":"625-73-6555","grado_satisfaccion":9},
{"id_venta ":"785-26-8750","grado_satisfaccion":10},
{"id_venta ":"675-07-7551","grado_satisfaccion":8},
{"id_venta ":"352-19-2894","grado_satisfaccion":10},
{"id_venta ":"536-33-9727","grado_satisfaccion":6},
{"id_venta ":"181-74-8954","grado_satisfaccion":8},
{"id_venta ":"503-29-3770","grado_satisfaccion":10},
{"id_venta ":"481-30-7558","grado_satisfaccion":3},
{"id_venta ":"430-58-9578","grado_satisfaccion":10},
{"id_venta ":"134-93-1204","grado_satisfaccion":2},
{"id_venta ":"789-11-0366","grado_satisfaccion":10},
{"id_venta ":"639-66-0233","grado_satisfaccion":9},
{"id_venta ":"295-91-2559","grado_satisfaccion":4},
{"id_venta ":"311-16-4168","grado_satisfaccion":1},
{"id_venta ":"381-04-4038","grado_satisfaccion":1},
{"id_venta ":"424-78-7869","grado_satisfaccion":2},
{"id_venta ":"546-15-5316","grado_satisfaccion":10},
{"id_venta ":"413-04-8243","grado_satisfaccion":2},
{"id_venta ":"754-25-7275","grado_satisfaccion":5},
{"id_venta ":"764-87-8719","grado_satisfaccion":9},
{"id_venta ":"578-80-2596","grado_satisfaccion":5},
{"id_venta ":"101-63-3816","grado_satisfaccion":5},
{"id_venta ":"302-36-5533","grado_satisfaccion":8},
{"id_venta ":"713-22-3524","grado_satisfaccion":5},
{"id_venta ":"333-18-9869","grado_satisfaccion":8},
{"id_venta ":"730-18-3744","grado_satisfaccion":8},
{"id_venta ":"715-55-9365","grado_satisfaccion":3},
{"id_venta ":"750-67-4491","grado_satisfaccion":6},
{"id_venta ":"471-98-0198","grado_satisfaccion":9},
{"id_venta ":"511-52-4514","grado_satisfaccion":7},
{"id_venta ":"809-22-7997","grado_satisfaccion":7},
{"id_venta ":"581-07-4364","grado_satisfaccion":8},
{"id_venta ":"430-93-1891","grado_satisfaccion":6},
{"id_venta ":"490-07-7964","grado_satisfaccion":7},
{"id_venta ":"403-89-0373","grado_satisfaccion":7},
{"id_venta ":"685-59-7144","grado_satisfaccion":7},
{"id_venta ":"692-91-3451","grado_satisfaccion":6},
{"id_venta ":"542-10-2571","grado_satisfaccion":5},
{"id_venta ":"529-02-2712","grado_satisfaccion":8},
{"id_venta ":"867-27-5294","grado_satisfaccion":10},
{"id_venta ":"741-75-6569","grado_satisfaccion":3},
{"id_venta ":"362-70-4274","grado_satisfaccion":1},
{"id_venta ":"206-49-1306","grado_satisfaccion":9},
{"id_venta ":"706-81-6315","grado_satisfaccion":5},
{"id_venta ":"496-60-9862","grado_satisfaccion":9},
{"id_venta ":"892-43-7013","grado_satisfaccion":9},
{"id_venta ":"148-74-7137","grado_satisfaccion":6},
{"id_venta ":"639-76-1639","grado_satisfaccion":9},
{"id_venta ":"561-28-7645","grado_satisfaccion":1},
{"id_venta ":"828-19-2676","grado_satisfaccion":6},
{"id_venta ":"452-58-0524","grado_satisfaccion":1},
{"id_venta ":"594-17-9815","grado_satisfaccion":4},
{"id_venta ":"484-53-6372","grado_satisfaccion":9},
{"id_venta ":"504-62-4085","grado_satisfaccion":5},
{"id_venta ":"403-50-1449","grado_satisfaccion":2},
{"id_venta ":"265-15-6382","grado_satisfaccion":10},
{"id_venta ":"181-75-0471","grado_satisfaccion":7},
{"id_venta ":"559-17-0084","grado_satisfaccion":6},
{"id_venta ":"299-76-5686","grado_satisfaccion":6},
{"id_venta ":"413-21-5990","grado_satisfaccion":5},
{"id_venta ":"142-41-4777","grado_satisfaccion":6},
{"id_venta ":"766-39-8844","grado_satisfaccion":9},
{"id_venta ":"834-12-2266","grado_satisfaccion":5},
{"id_venta ":"743-23-5359","grado_satisfaccion":4},
{"id_venta ":"258-66-8190","grado_satisfaccion":8},
{"id_venta ":"743-06-8916","grado_satisfaccion":1},
{"id_venta ":"637-34-6724","grado_satisfaccion":8},
{"id_venta ":"408-77-1900","grado_satisfaccion":9},
{"id_venta ":"527-21-2277","grado_satisfaccion":10},
{"id_venta ":"888-50-4582","grado_satisfaccion":8},
{"id_venta ":"671-61-2504","grado_satisfaccion":1},
{"id_venta ":"133-27-5701","grado_satisfaccion":4},
{"id_venta ":"184-38-9946","grado_satisfaccion":6},
{"id_venta ":"365-16-1592","grado_satisfaccion":8},
{"id_venta ":"770-87-1897","grado_satisfaccion":3},
{"id_venta ":"868-64-9299","grado_satisfaccion":10},
{"id_venta ":"448-25-2902","grado_satisfaccion":10},
{"id_venta ":"256-16-2000","grado_satisfaccion":10},
{"id_venta ":"811-51-3062","grado_satisfaccion":10},
{"id_venta ":"160-38-2988","grado_satisfaccion":6},
{"id_venta ":"837-88-7244","grado_satisfaccion":8},
{"id_venta ":"139-02-8800","grado_satisfaccion":8},
{"id_venta ":"792-01-9121","grado_satisfaccion":5},
{"id_venta ":"222-46-7555","grado_satisfaccion":5},
{"id_venta ":"423-74-7726","grado_satisfaccion":5},
{"id_venta ":"424-98-0117","grado_satisfaccion":7},
{"id_venta ":"707-59-3541","grado_satisfaccion":2},
{"id_venta ":"138-18-4049","grado_satisfaccion":10},
{"id_venta ":"609-45-8681","grado_satisfaccion":3},
{"id_venta ":"453-39-5707","grado_satisfaccion":2},
{"id_venta ":"589-04-5086","grado_satisfaccion":3},
{"id_venta ":"358-80-3587","grado_satisfaccion":1},
{"id_venta ":"832-34-0987","grado_satisfaccion":1},
{"id_venta ":"549-89-2674","grado_satisfaccion":5},
{"id_venta ":"736-63-9367","grado_satisfaccion":10},
{"id_venta ":"257-66-0004","grado_satisfaccion":7},
{"id_venta ":"193-66-9465","grado_satisfaccion":6},
{"id_venta ":"267-89-9711","grado_satisfaccion":3},
{"id_venta ":"596-91-5287","grado_satisfaccion":9},
{"id_venta ":"820-19-5452","grado_satisfaccion":5},
{"id_venta ":"826-40-4105","grado_satisfaccion":1},
{"id_venta ":"462-19-4875","grado_satisfaccion":8},
{"id_venta ":"652-06-7283","grado_satisfaccion":2},
{"id_venta ":"180-22-9249","grado_satisfaccion":6},
{"id_venta ":"737-60-4838","grado_satisfaccion":8},
{"id_venta ":"232-98-1392","grado_satisfaccion":9},
{"id_venta ":"104-71-7986","grado_satisfaccion":3},
{"id_venta ":"496-38-1127","grado_satisfaccion":10},
{"id_venta ":"791-71-1530","grado_satisfaccion":7},
{"id_venta ":"322-16-7298","grado_satisfaccion":4},
{"id_venta ":"609-57-9681","grado_satisfaccion":1},
{"id_venta ":"581-27-0228","grado_satisfaccion":4},
{"id_venta ":"169-09-4805","grado_satisfaccion":5},
{"id_venta ":"553-86-1884","grado_satisfaccion":2},
{"id_venta ":"244-75-9976","grado_satisfaccion":9},
{"id_venta ":"633-91-3563","grado_satisfaccion":10},
{"id_venta ":"623-20-6285","grado_satisfaccion":8},
{"id_venta ":"112-07-6599","grado_satisfaccion":10},
{"id_venta ":"392-18-8156","grado_satisfaccion":6},
{"id_venta ":"454-22-0343","grado_satisfaccion":4},
{"id_venta ":"200-01-7275","grado_satisfaccion":5},
{"id_venta ":"277-80-3369","grado_satisfaccion":10},
{"id_venta ":"890-29-2845","grado_satisfaccion":10},
{"id_venta ":"184-17-0921","grado_satisfaccion":7},
{"id_venta ":"734-24-7649","grado_satisfaccion":2},
{"id_venta ":"366-78-1509","grado_satisfaccion":1},
{"id_venta ":"892-81-3165","grado_satisfaccion":6},
{"id_venta ":"398-23-4803","grado_satisfaccion":4},
{"id_venta ":"330-78-6784","grado_satisfaccion":7},
{"id_venta ":"628-28-8456","grado_satisfaccion":4},
{"id_venta ":"128-39-3330","grado_satisfaccion":10},
{"id_venta ":"414-69-8838","grado_satisfaccion":9},
{"id_venta ":"451-09-5802","grado_satisfaccion":10},
{"id_venta ":"605-46-4350","grado_satisfaccion":5},
{"id_venta ":"399-85-2729","grado_satisfaccion":7},
{"id_venta ":"288-36-3299","grado_satisfaccion":9},
{"id_venta ":"787-99-7409","grado_satisfaccion":7},
{"id_venta ":"305-20-7427","grado_satisfaccion":1},
{"id_venta ":"315-44-2958","grado_satisfaccion":7},
{"id_venta ":"537-72-7751","grado_satisfaccion":2},
{"id_venta ":"346-62-6715","grado_satisfaccion":9},
{"id_venta ":"318-30-0375","grado_satisfaccion":8},
{"id_venta ":"740-90-3402","grado_satisfaccion":6},
{"id_venta ":"855-82-1558","grado_satisfaccion":3},
{"id_venta ":"730-57-1265","grado_satisfaccion":5},
{"id_venta ":"335-71-8814","grado_satisfaccion":5},
{"id_venta ":"878-87-6651","grado_satisfaccion":6},
{"id_venta ":"436-57-5609","grado_satisfaccion":8},
{"id_venta ":"622-06-3916","grado_satisfaccion":8},
{"id_venta ":"609-87-7134","grado_satisfaccion":4},
{"id_venta ":"807-99-2461","grado_satisfaccion":8},
{"id_venta ":"847-18-1466","grado_satisfaccion":5},
{"id_venta ":"836-94-0056","grado_satisfaccion":2},
{"id_venta ":"719-73-1865","grado_satisfaccion":6},
{"id_venta ":"547-82-8979","grado_satisfaccion":4},
{"id_venta ":"127-77-3919","grado_satisfaccion":8},
{"id_venta ":"499-13-1519","grado_satisfaccion":6},
{"id_venta ":"582-98-4507","grado_satisfaccion":3},
{"id_venta ":"184-02-7534","grado_satisfaccion":4},
{"id_venta ":"355-05-6926","grado_satisfaccion":6},
{"id_venta ":"374-08-0512","grado_satisfaccion":10},
{"id_venta ":"535-96-3075","grado_satisfaccion":5},
{"id_venta ":"653-28-7797","grado_satisfaccion":10},
{"id_venta ":"672-29-3075","grado_satisfaccion":4},
{"id_venta ":"635-34-3349","grado_satisfaccion":2},
{"id_venta ":"756-51-1098","grado_satisfaccion":7},
{"id_venta ":"875-47-3162","grado_satisfaccion":7},
{"id_venta ":"105-97-4661","grado_satisfaccion":9},
{"id_venta ":"539-85-7935","grado_satisfaccion":4},
{"id_venta ":"119-34-6131","grado_satisfaccion":3},
{"id_venta ":"334-92-3362","grado_satisfaccion":6},
{"id_venta ":"603-67-7346","grado_satisfaccion":3},
{"id_venta ":"587-02-2131","grado_satisfaccion":6},
{"id_venta ":"489-82-7758","grado_satisfaccion":9},
{"id_venta ":"739-45-9647","grado_satisfaccion":1},
{"id_venta ":"427-16-2270","grado_satisfaccion":9},
{"id_venta ":"888-39-4742","grado_satisfaccion":9},
{"id_venta ":"460-58-4169","grado_satisfaccion":2},
{"id_venta ":"826-60-6154","grado_satisfaccion":2},
{"id_venta ":"152-89-6761","grado_satisfaccion":5},
{"id_venta ":"860-74-8223","grado_satisfaccion":5},
{"id_venta ":"798-16-5210","grado_satisfaccion":2},
{"id_venta ":"765-75-2193","grado_satisfaccion":8},
{"id_venta ":"111-51-0063","grado_satisfaccion":7},
{"id_venta ":"235-67-2004","grado_satisfaccion":3},
{"id_venta ":"249-69-3004","grado_satisfaccion":9},
{"id_venta ":"883-31-0012","grado_satisfaccion":3},
{"id_venta ":"311-22-3388","grado_satisfaccion":7},
{"id_venta ":"529-15-0459","grado_satisfaccion":4},
{"id_venta ":"406-36-5206","grado_satisfaccion":8},
{"id_venta ":"409-40-1201","grado_satisfaccion":7},
{"id_venta ":"353-44-4099","grado_satisfaccion":8},
{"id_venta ":"822-53-6803","grado_satisfaccion":2},
{"id_venta ":"214-97-4592","grado_satisfaccion":6},
{"id_venta ":"722-50-8961","grado_satisfaccion":7},
{"id_venta ":"273-32-1047","grado_satisfaccion":10},
{"id_venta ":"870-54-2003","grado_satisfaccion":7},
{"id_venta ":"253-02-1362","grado_satisfaccion":4},
{"id_venta ":"224-73-8975","grado_satisfaccion":8},
{"id_venta ":"170-36-0528","grado_satisfaccion":9},
{"id_venta ":"614-54-5794","grado_satisfaccion":9},
{"id_venta ":"600-06-8322","grado_satisfaccion":6},
{"id_venta ":"876-30-6016","grado_satisfaccion":10},
{"id_venta ":"760-92-9880","grado_satisfaccion":1},
{"id_venta ":"473-96-9923","grado_satisfaccion":6},
{"id_venta ":"341-81-8768","grado_satisfaccion":2},
{"id_venta ":"126-87-4327","grado_satisfaccion":4},
{"id_venta ":"299-30-2346","grado_satisfaccion":3},
{"id_venta ":"227-36-4428","grado_satisfaccion":4},
{"id_venta ":"803-49-9808","grado_satisfaccion":1},
{"id_venta ":"269-16-9967","grado_satisfaccion":8},
{"id_venta ":"883-48-3032","grado_satisfaccion":9},
{"id_venta ":"160-14-9083","grado_satisfaccion":2},
{"id_venta ":"402-92-6970","grado_satisfaccion":1},
{"id_venta ":"128-65-2761","grado_satisfaccion":4},
{"id_venta ":"841-89-1942","grado_satisfaccion":4},
{"id_venta ":"454-22-7129","grado_satisfaccion":1},
{"id_venta ":"513-86-0706","grado_satisfaccion":8},
{"id_venta ":"124-43-0012","grado_satisfaccion":9},
{"id_venta ":"389-57-3005","grado_satisfaccion":2},
{"id_venta ":"611-10-7278","grado_satisfaccion":3},
{"id_venta ":"894-87-1149","grado_satisfaccion":1},
{"id_venta ":"838-80-7640","grado_satisfaccion":10},
{"id_venta ":"715-28-0059","grado_satisfaccion":10},
{"id_venta ":"201-53-6138","grado_satisfaccion":4},
{"id_venta ":"599-58-2733","grado_satisfaccion":1},
{"id_venta ":"234-44-2706","grado_satisfaccion":9},
{"id_venta ":"582-04-5391","grado_satisfaccion":2},
{"id_venta ":"651-09-1992","grado_satisfaccion":7},
{"id_venta ":"511-46-8826","grado_satisfaccion":1},
{"id_venta ":"191-55-3571","grado_satisfaccion":5},
{"id_venta ":"680-14-8658","grado_satisfaccion":1},
{"id_venta ":"466-56-1524","grado_satisfaccion":10},
{"id_venta ":"373-68-3024","grado_satisfaccion":1},
{"id_venta ":"471-69-9977","grado_satisfaccion":3},
{"id_venta ":"131-43-3766","grado_satisfaccion":4},
{"id_venta ":"270-57-5908","grado_satisfaccion":1},
{"id_venta ":"100-41-4770","grado_satisfaccion":6},
{"id_venta ":"794-26-5638","grado_satisfaccion":2},
{"id_venta ":"459-47-8192","grado_satisfaccion":9},
{"id_venta ":"375-94-7522","grado_satisfaccion":5},
{"id_venta ":"442-28-2723","grado_satisfaccion":1},
{"id_venta ":"662-04-0122","grado_satisfaccion":1},
{"id_venta ":"574-22-4616","grado_satisfaccion":10},
{"id_venta ":"749-44-4551","grado_satisfaccion":9},
{"id_venta ":"186-61-4900","grado_satisfaccion":4},
{"id_venta ":"554-01-2461","grado_satisfaccion":1},
{"id_venta ":"553-43-7229","grado_satisfaccion":7},
{"id_venta ":"661-21-5021","grado_satisfaccion":1},
{"id_venta ":"576-03-6458","grado_satisfaccion":1},
{"id_venta ":"640-42-2343","grado_satisfaccion":3},
{"id_venta ":"815-08-7459","grado_satisfaccion":7},
{"id_venta ":"529-75-5151","grado_satisfaccion":1},
{"id_venta ":"655-76-7601","grado_satisfaccion":5},
{"id_venta ":"562-34-4727","grado_satisfaccion":1},
{"id_venta ":"558-21-2409","grado_satisfaccion":2},
{"id_venta ":"689-08-0845","grado_satisfaccion":4},
{"id_venta ":"823-15-2068","grado_satisfaccion":10},
{"id_venta ":"324-26-0750","grado_satisfaccion":7},
{"id_venta ":"263-36-8373","grado_satisfaccion":6},
{"id_venta ":"426-26-2414","grado_satisfaccion":2},
{"id_venta ":"458-62-1651","grado_satisfaccion":10},
{"id_venta ":"249-81-1795","grado_satisfaccion":2},
{"id_venta ":"179-21-3761","grado_satisfaccion":7},
{"id_venta ":"535-32-5750","grado_satisfaccion":6},
{"id_venta ":"402-42-2497","grado_satisfaccion":1},
{"id_venta ":"795-45-4928","grado_satisfaccion":2},
{"id_venta ":"308-24-6132","grado_satisfaccion":2},
{"id_venta ":"834-72-3445","grado_satisfaccion":1},
{"id_venta ":"888-97-6191","grado_satisfaccion":9},
{"id_venta ":"318-64-4557","grado_satisfaccion":5},
{"id_venta ":"103-57-5500","grado_satisfaccion":9},
{"id_venta ":"592-10-2229","grado_satisfaccion":10},
{"id_venta ":"271-15-6714","grado_satisfaccion":6},
{"id_venta ":"481-18-2383","grado_satisfaccion":3},
{"id_venta ":"265-92-7752","grado_satisfaccion":2},
{"id_venta ":"893-84-5934","grado_satisfaccion":1},
{"id_venta ":"550-20-1881","grado_satisfaccion":6},
{"id_venta ":"388-93-9551","grado_satisfaccion":1},
{"id_venta ":"118-24-2293","grado_satisfaccion":2},
{"id_venta ":"682-94-2703","grado_satisfaccion":9},
{"id_venta ":"416-25-1772","grado_satisfaccion":8},
{"id_venta ":"598-95-4178","grado_satisfaccion":6},
{"id_venta ":"310-15-4475","grado_satisfaccion":2},
{"id_venta ":"825-55-1753","grado_satisfaccion":5},
{"id_venta ":"461-30-5478","grado_satisfaccion":1},
{"id_venta ":"535-34-2132","grado_satisfaccion":1},
{"id_venta ":"684-28-8199","grado_satisfaccion":1},
{"id_venta ":"789-89-2526","grado_satisfaccion":7},
{"id_venta ":"425-19-5346","grado_satisfaccion":3},
{"id_venta ":"772-36-9152","grado_satisfaccion":5},
{"id_venta ":"320-62-8821","grado_satisfaccion":6},
{"id_venta ":"273-87-7738","grado_satisfaccion":1},
{"id_venta ":"213-92-2387","grado_satisfaccion":4},
{"id_venta ":"304-05-0154","grado_satisfaccion":5},
{"id_venta ":"211-77-8559","grado_satisfaccion":1},
{"id_venta ":"620-57-3089","grado_satisfaccion":1},
{"id_venta ":"785-02-8673","grado_satisfaccion":8},
{"id_venta ":"507-16-4803","grado_satisfaccion":8},
{"id_venta ":"840-40-4923","grado_satisfaccion":4},
{"id_venta ":"669-26-6202","grado_satisfaccion":6},
{"id_venta ":"771-35-1201","grado_satisfaccion":5},
{"id_venta ":"124-35-7515","grado_satisfaccion":6},
{"id_venta ":"650-83-8705","grado_satisfaccion":10},
{"id_venta ":"673-60-2819","grado_satisfaccion":3},
{"id_venta ":"769-24-1699","grado_satisfaccion":3},
{"id_venta ":"732-87-0547","grado_satisfaccion":7},
{"id_venta ":"862-07-9533","grado_satisfaccion":4},
{"id_venta ":"358-71-3988","grado_satisfaccion":2},
{"id_venta ":"352-70-5186","grado_satisfaccion":7},
{"id_venta ":"895-32-0507","grado_satisfaccion":2},
{"id_venta ":"396-34-5969","grado_satisfaccion":8},
{"id_venta ":"838-16-8085","grado_satisfaccion":9},
{"id_venta ":"656-24-5001","grado_satisfaccion":7},
{"id_venta ":"372-99-3676","grado_satisfaccion":10},
{"id_venta ":"166-96-0572","grado_satisfaccion":5},
{"id_venta ":"365-84-6306","grado_satisfaccion":3},
{"id_venta ":"266-56-1612","grado_satisfaccion":7},
{"id_venta ":"624-84-1504","grado_satisfaccion":6},
{"id_venta ":"619-75-4482","grado_satisfaccion":8},
{"id_venta ":"732-76-0302","grado_satisfaccion":4},
{"id_venta ":"444-36-8652","grado_satisfaccion":9},
{"id_venta ":"287-50-2830","grado_satisfaccion":2},
{"id_venta ":"118-50-7504","grado_satisfaccion":6},
{"id_venta ":"844-92-0354","grado_satisfaccion":7},
{"id_venta ":"828-38-5206","grado_satisfaccion":9},
{"id_venta ":"782-31-3836","grado_satisfaccion":5},
{"id_venta ":"723-99-7926","grado_satisfaccion":5},
{"id_venta ":"578-41-3901","grado_satisfaccion":3},
{"id_venta ":"858-42-7450","grado_satisfaccion":10},
{"id_venta ":"884-42-9917","grado_satisfaccion":7},
{"id_venta ":"696-50-8310","grado_satisfaccion":8},
{"id_venta ":"305-89-7084","grado_satisfaccion":5},
{"id_venta ":"765-13-9056","grado_satisfaccion":1},
{"id_venta ":"882-01-7411","grado_satisfaccion":9},
{"id_venta ":"389-37-6423","grado_satisfaccion":10},
{"id_venta ":"454-46-8586","grado_satisfaccion":5},
{"id_venta ":"357-83-3458","grado_satisfaccion":9},
{"id_venta ":"786-93-5683","grado_satisfaccion":4},
{"id_venta ":"515-91-1362","grado_satisfaccion":2},
{"id_venta ":"287-98-7580","grado_satisfaccion":4},
{"id_venta ":"547-84-4099","grado_satisfaccion":4},
{"id_venta ":"887-64-5980","grado_satisfaccion":7},
{"id_venta ":"533-37-8939","grado_satisfaccion":6},
{"id_venta ":"192-80-7652","grado_satisfaccion":2},
{"id_venta ":"834-84-3849","grado_satisfaccion":3},
{"id_venta ":"134-14-4807","grado_satisfaccion":6},
{"id_venta ":"115-01-7484","grado_satisfaccion":1},
{"id_venta ":"837-13-8008","grado_satisfaccion":1},
{"id_venta ":"121-56-3696","grado_satisfaccion":7},
{"id_venta ":"726-69-0584","grado_satisfaccion":3},
{"id_venta ":"706-26-3880","grado_satisfaccion":9},
{"id_venta ":"498-20-0832","grado_satisfaccion":8},
{"id_venta ":"273-72-4751","grado_satisfaccion":5},
{"id_venta ":"861-88-6893","grado_satisfaccion":5},
{"id_venta ":"700-79-1772","grado_satisfaccion":6},
{"id_venta ":"517-44-4769","grado_satisfaccion":4},
{"id_venta ":"149-31-2877","grado_satisfaccion":9},
{"id_venta ":"544-19-8366","grado_satisfaccion":1},
{"id_venta ":"154-29-2280","grado_satisfaccion":3},
{"id_venta ":"750-07-4593","grado_satisfaccion":7},
{"id_venta ":"742-10-1486","grado_satisfaccion":8},
{"id_venta ":"494-50-8365","grado_satisfaccion":3},
{"id_venta ":"792-88-6468","grado_satisfaccion":4},
{"id_venta ":"435-20-2288","grado_satisfaccion":4},
{"id_venta ":"370-43-1382","grado_satisfaccion":9},
{"id_venta ":"136-20-7094","grado_satisfaccion":3},
{"id_venta ":"655-07-7709","grado_satisfaccion":3},
{"id_venta ":"842-39-3650","grado_satisfaccion":4},
{"id_venta ":"698-83-6845","grado_satisfaccion":7},
{"id_venta ":"282-61-5828","grado_satisfaccion":8},
{"id_venta ":"399-90-6033","grado_satisfaccion":5},
{"id_venta ":"720-93-4110","grado_satisfaccion":8},
{"id_venta ":"376-60-3606","grado_satisfaccion":10},
{"id_venta ":"588-40-5180","grado_satisfaccion":3},
{"id_venta ":"402-91-5924","grado_satisfaccion":5},
{"id_venta ":"213-54-3311","grado_satisfaccion":9},
{"id_venta ":"188-49-2698","grado_satisfaccion":7},
{"id_venta ":"725-26-3919","grado_satisfaccion":2},
{"id_venta ":"527-27-8022","grado_satisfaccion":5},
{"id_venta ":"698-35-5409","grado_satisfaccion":9},
{"id_venta ":"840-08-2262","grado_satisfaccion":4},
{"id_venta ":"230-66-1161","grado_satisfaccion":9},
{"id_venta ":"314-52-2540","grado_satisfaccion":6},
{"id_venta ":"409-23-1596","grado_satisfaccion":10},
{"id_venta ":"660-22-6542","grado_satisfaccion":4},
{"id_venta ":"436-84-0339","grado_satisfaccion":5},
{"id_venta ":"172-03-5887","grado_satisfaccion":10},
{"id_venta ":"447-02-2571","grado_satisfaccion":1},
{"id_venta ":"183-18-5238","grado_satisfaccion":9},
{"id_venta ":"469-52-5680","grado_satisfaccion":3},
{"id_venta ":"855-20-2194","grado_satisfaccion":5},
{"id_venta ":"239-77-4100","grado_satisfaccion":6},
{"id_venta ":"301-62-5587","grado_satisfaccion":4},
{"id_venta ":"490-08-0112","grado_satisfaccion":7},
{"id_venta ":"379-94-2815","grado_satisfaccion":9},
{"id_venta ":"127-14-7460","grado_satisfaccion":2},
{"id_venta ":"482-67-1330","grado_satisfaccion":1},
{"id_venta ":"613-84-0346","grado_satisfaccion":6},
{"id_venta ":"268-01-7473","grado_satisfaccion":1},
{"id_venta ":"604-96-7490","grado_satisfaccion":7},
{"id_venta ":"327-46-4149","grado_satisfaccion":3},
{"id_venta ":"167-27-8404","grado_satisfaccion":2},
{"id_venta ":"761-33-4678","grado_satisfaccion":6},
{"id_venta ":"839-04-3293","grado_satisfaccion":10},
{"id_venta ":"829-99-3444","grado_satisfaccion":1},
{"id_venta ":"218-04-5835","grado_satisfaccion":7},
{"id_venta ":"466-87-3873","grado_satisfaccion":2},
{"id_venta ":"584-17-3937","grado_satisfaccion":8},
{"id_venta ":"586-09-9673","grado_satisfaccion":2},
{"id_venta ":"340-37-5488","grado_satisfaccion":7},
{"id_venta ":"836-03-0781","grado_satisfaccion":6},
{"id_venta ":"519-02-4697","grado_satisfaccion":1},
{"id_venta ":"588-43-9991","grado_satisfaccion":5},
{"id_venta ":"142-14-4124","grado_satisfaccion":2},
{"id_venta ":"796-25-9633","grado_satisfaccion":7},
{"id_venta ":"187-57-6167","grado_satisfaccion":8},
{"id_venta ":"311-65-3802","grado_satisfaccion":7},
{"id_venta ":"480-14-2116","grado_satisfaccion":8},
{"id_venta ":"799-29-9419","grado_satisfaccion":6},
{"id_venta ":"187-48-6228","grado_satisfaccion":10},
{"id_venta ":"626-33-4249","grado_satisfaccion":4},
{"id_venta ":"347-04-1120","grado_satisfaccion":6},
{"id_venta ":"845-22-5826","grado_satisfaccion":1},
{"id_venta ":"509-46-9485","grado_satisfaccion":10},
{"id_venta ":"313-52-9483","grado_satisfaccion":9},
{"id_venta ":"770-62-1455","grado_satisfaccion":8},
{"id_venta ":"222-37-5984","grado_satisfaccion":3},
{"id_venta ":"310-12-1619","grado_satisfaccion":10},
{"id_venta ":"291-46-5048","grado_satisfaccion":10},
{"id_venta ":"348-44-9408","grado_satisfaccion":8},
{"id_venta ":"839-22-1752","grado_satisfaccion":8},
{"id_venta ":"125-45-8979","grado_satisfaccion":4},
{"id_venta ":"541-49-7626","grado_satisfaccion":4},
{"id_venta ":"246-31-9589","grado_satisfaccion":2},
{"id_venta ":"145-28-8151","grado_satisfaccion":6},
{"id_venta ":"323-98-5262","grado_satisfaccion":6},
{"id_venta ":"108-01-2594","grado_satisfaccion":2},
{"id_venta ":"699-18-4586","grado_satisfaccion":3},
{"id_venta ":"843-59-9637","grado_satisfaccion":9},
{"id_venta ":"433-62-4211","grado_satisfaccion":6},
{"id_venta ":"547-16-8715","grado_satisfaccion":4},
{"id_venta ":"753-23-1950","grado_satisfaccion":10},
{"id_venta ":"791-91-7966","grado_satisfaccion":1},
{"id_venta ":"435-18-9771","grado_satisfaccion":1},
{"id_venta ":"814-06-8646","grado_satisfaccion":5},
{"id_venta ":"414-73-8720","grado_satisfaccion":3},
{"id_venta ":"501-94-8237","grado_satisfaccion":10},
{"id_venta ":"758-07-6121","grado_satisfaccion":7},
{"id_venta ":"727-45-0534","grado_satisfaccion":10},
{"id_venta ":"339-29-6042","grado_satisfaccion":10},
{"id_venta ":"398-36-0197","grado_satisfaccion":1},
{"id_venta ":"452-69-3910","grado_satisfaccion":5},
{"id_venta ":"149-73-1396","grado_satisfaccion":5},
{"id_venta ":"172-19-3120","grado_satisfaccion":7},
{"id_venta ":"183-93-7818","grado_satisfaccion":3},
{"id_venta ":"880-05-0571","grado_satisfaccion":8},
{"id_venta ":"378-66-6119","grado_satisfaccion":9},
{"id_venta ":"399-09-2538","grado_satisfaccion":2},
{"id_venta ":"833-36-7384","grado_satisfaccion":10},
{"id_venta ":"546-86-5551","grado_satisfaccion":6},
{"id_venta ":"355-11-5134","grado_satisfaccion":3},
{"id_venta ":"668-69-4282","grado_satisfaccion":5},
{"id_venta ":"323-80-4362","grado_satisfaccion":10},
{"id_venta ":"365-36-0197","grado_satisfaccion":9},
{"id_venta ":"851-85-7596","grado_satisfaccion":10},
{"id_venta ":"787-60-0557","grado_satisfaccion":6},
{"id_venta ":"746-33-5356","grado_satisfaccion":1},
{"id_venta ":"752-37-5954","grado_satisfaccion":4},
{"id_venta ":"114-12-9473","grado_satisfaccion":8},
{"id_venta ":"443-39-5985","grado_satisfaccion":5},
{"id_venta ":"484-01-4180","grado_satisfaccion":2},
{"id_venta ":"820-83-4522","grado_satisfaccion":3},
{"id_venta ":"608-71-3061","grado_satisfaccion":7},
{"id_venta ":"855-89-3377","grado_satisfaccion":9},
{"id_venta ":"481-66-2019","grado_satisfaccion":2},
{"id_venta ":"510-07-0365","grado_satisfaccion":8},
{"id_venta ":"464-72-6650","grado_satisfaccion":7},
{"id_venta ":"117-15-1233","grado_satisfaccion":10},
{"id_venta ":"845-19-1460","grado_satisfaccion":7},
{"id_venta ":"644-23-6280","grado_satisfaccion":6},
{"id_venta ":"682-47-7750","grado_satisfaccion":7},
{"id_venta ":"217-40-9263","grado_satisfaccion":5},
{"id_venta ":"791-53-6847","grado_satisfaccion":4},
{"id_venta ":"107-70-5492","grado_satisfaccion":1},
{"id_venta ":"511-15-2775","grado_satisfaccion":5},
{"id_venta ":"862-28-5293","grado_satisfaccion":4},
{"id_venta ":"221-11-4116","grado_satisfaccion":4},
{"id_venta ":"574-79-7753","grado_satisfaccion":7}]