[{"id_venta ":"736-82-3833","grado_satisfaccion":9},
{"id_venta ":"176-31-6872","grado_satisfaccion":3},
{"id_venta ":"440-74-8087","grado_satisfaccion":4},
{"id_venta ":"315-42-1549","grado_satisfaccion":1},
{"id_venta ":"733-02-3823","grado_satisfaccion":9},
{"id_venta ":"624-36-4502","grado_satisfaccion":5},
{"id_venta ":"898-63-3289","grado_satisfaccion":9},
{"id_venta ":"344-51-4668","grado_satisfaccion":4},
{"id_venta ":"247-06-9844","grado_satisfaccion":10},
{"id_venta ":"676-18-0036","grado_satisfaccion":7},
{"id_venta ":"662-91-3998","grado_satisfaccion":2},
{"id_venta ":"209-40-7307","grado_satisfaccion":4},
{"id_venta ":"834-76-8203","grado_satisfaccion":5},
{"id_venta ":"764-67-6383","grado_satisfaccion":4},
{"id_venta ":"188-99-4701","grado_satisfaccion":7},
{"id_venta ":"240-44-4933","grado_satisfaccion":4},
{"id_venta ":"508-79-7780","grado_satisfaccion":2},
{"id_venta ":"649-38-8565","grado_satisfaccion":4},
{"id_venta ":"769-43-6381","grado_satisfaccion":9},
{"id_venta ":"795-90-9519","grado_satisfaccion":6},
{"id_venta ":"290-44-7686","grado_satisfaccion":2},
{"id_venta ":"602-38-0969","grado_satisfaccion":9},
{"id_venta ":"687-22-6184","grado_satisfaccion":1},
{"id_venta ":"584-06-1662","grado_satisfaccion":8},
{"id_venta ":"882-10-6564","grado_satisfaccion":3},
{"id_venta ":"447-88-3832","grado_satisfaccion":4},
{"id_venta ":"165-77-4737","grado_satisfaccion":1},
{"id_venta ":"487-09-0954","grado_satisfaccion":5},
{"id_venta ":"363-51-8771","grado_satisfaccion":6},
{"id_venta ":"246-32-5200","grado_satisfaccion":3},
{"id_venta ":"350-97-2654","grado_satisfaccion":2},
{"id_venta ":"481-62-5006","grado_satisfaccion":9},
{"id_venta ":"686-64-5091","grado_satisfaccion":10},
{"id_venta ":"387-30-3719","grado_satisfaccion":4},
{"id_venta ":"728-31-6368","grado_satisfaccion":1},
{"id_venta ":"627-17-0233","grado_satisfaccion":8},
{"id_venta ":"163-69-1609","grado_satisfaccion":9},
{"id_venta ":"224-77-4359","grado_satisfaccion":9},
{"id_venta ":"549-90-6435","grado_satisfaccion":8},
{"id_venta ":"663-38-6919","grado_satisfaccion":7},
{"id_venta ":"431-58-9414","grado_satisfaccion":10},
{"id_venta ":"702-91-8169","grado_satisfaccion":9},
{"id_venta ":"603-55-2121","grado_satisfaccion":4},
{"id_venta ":"111-14-0582","grado_satisfaccion":5},
{"id_venta ":"559-09-2706","grado_satisfaccion":1},
{"id_venta ":"463-77-8273","grado_satisfaccion":6},
{"id_venta ":"716-85-4097","grado_satisfaccion":9},
{"id_venta ":"314-47-9199","grado_satisfaccion":2},
{"id_venta ":"741-21-4101","grado_satisfaccion":9},
{"id_venta ":"243-31-6191","grado_satisfaccion":5},
{"id_venta ":"361-99-2644","grado_satisfaccion":6},
{"id_venta ":"155-48-4434","grado_satisfaccion":7},
{"id_venta ":"641-42-0978","grado_satisfaccion":1},
{"id_venta ":"470-66-6045","grado_satisfaccion":1},
{"id_venta ":"366-63-7581","grado_satisfaccion":7},
{"id_venta ":"845-07-4570","grado_satisfaccion":7},
{"id_venta ":"662-31-2620","grado_satisfaccion":7},
{"id_venta ":"729-78-1054","grado_satisfaccion":8},
{"id_venta ":"274-49-9775","grado_satisfaccion":5},
{"id_venta ":"299-42-5780","grado_satisfaccion":8},
{"id_venta ":"570-74-7695","grado_satisfaccion":9},
{"id_venta ":"724-26-9034","grado_satisfaccion":10},
{"id_venta ":"347-05-1947","grado_satisfaccion":5},
{"id_venta ":"574-52-7647","grado_satisfaccion":1},
{"id_venta ":"124-06-8632","grado_satisfaccion":2},
{"id_venta ":"562-18-7643","grado_satisfaccion":7},
{"id_venta ":"811-46-9921","grado_satisfaccion":10},
{"id_venta ":"859-89-5503","grado_satisfaccion":9},
{"id_venta ":"509-08-1310","grado_satisfaccion":10},
{"id_venta ":"652-75-3864","grado_satisfaccion":6},
{"id_venta ":"586-63-9678","grado_satisfaccion":9},
{"id_venta ":"543-12-9129","grado_satisfaccion":7},
{"id_venta ":"688-17-6944","grado_satisfaccion":9},
{"id_venta ":"535-55-4674","grado_satisfaccion":6},
{"id_venta ":"538-48-9841","grado_satisfaccion":2},
{"id_venta ":"508-27-7567","grado_satisfaccion":5},
{"id_venta ":"679-67-5655","grado_satisfaccion":4},
{"id_venta ":"284-78-6344","grado_satisfaccion":5},
{"id_venta ":"245-38-5004","grado_satisfaccion":1},
{"id_venta ":"387-92-2347","grado_satisfaccion":7},
{"id_venta ":"536-04-0326","grado_satisfaccion":4},
{"id_venta ":"426-70-0302","grado_satisfaccion":9},
{"id_venta ":"640-09-0708","grado_satisfaccion":1},
{"id_venta ":"587-31-2448","grado_satisfaccion":10},
{"id_venta ":"525-47-4225","grado_satisfaccion":10},
{"id_venta ":"109-07-7307","grado_satisfaccion":6},
{"id_venta ":"144-69-8924","grado_satisfaccion":4},
{"id_venta ":"598-92-7560","grado_satisfaccion":9},
{"id_venta ":"879-63-1000","grado_satisfaccion":8},
{"id_venta ":"508-01-6298","grado_satisfaccion":2},
{"id_venta ":"414-97-8753","grado_satisfaccion":2},
{"id_venta ":"682-03-0174","grado_satisfaccion":3},
{"id_venta ":"230-06-5949","grado_satisfaccion":4},
{"id_venta ":"472-83-2481","grado_satisfaccion":6},
{"id_venta ":"607-05-8917","grado_satisfaccion":6},
{"id_venta ":"823-84-0731","grado_satisfaccion":3},
{"id_venta ":"689-51-2951","grado_satisfaccion":4},
{"id_venta ":"375-91-2192","grado_satisfaccion":3},
{"id_venta ":"848-52-3901","grado_satisfaccion":10},
{"id_venta ":"104-21-3120","grado_satisfaccion":7},
{"id_venta ":"357-84-6408","grado_satisfaccion":6},
{"id_venta ":"378-34-4769","grado_satisfaccion":4},
{"id_venta ":"242-84-3296","grado_satisfaccion":10},
{"id_venta ":"250-07-3872","grado_satisfaccion":6},
{"id_venta ":"307-87-6961","grado_satisfaccion":3},
{"id_venta ":"624-97-8879","grado_satisfaccion":9},
{"id_venta ":"616-46-7144","grado_satisfaccion":7},
{"id_venta ":"108-63-0259","grado_satisfaccion":7},
{"id_venta ":"723-92-8133","grado_satisfaccion":5},
{"id_venta ":"444-68-6342","grado_satisfaccion":10},
{"id_venta ":"297-46-6132","grado_satisfaccion":4},
{"id_venta ":"502-33-4882","grado_satisfaccion":6},
{"id_venta ":"384-42-2551","grado_satisfaccion":2},
{"id_venta ":"717-19-3084","grado_satisfaccion":5},
{"id_venta ":"806-05-5336","grado_satisfaccion":9},
{"id_venta ":"560-25-5653","grado_satisfaccion":2},
{"id_venta ":"774-11-7213","grado_satisfaccion":7},
{"id_venta ":"533-37-6525","grado_satisfaccion":8},
{"id_venta ":"497-70-1642","grado_satisfaccion":8},
{"id_venta ":"580-01-3052","grado_satisfaccion":1},
{"id_venta ":"356-26-9132","grado_satisfaccion":6},
{"id_venta ":"702-02-7743","grado_satisfaccion":4},
{"id_venta ":"446-31-1579","grado_satisfaccion":3},
{"id_venta ":"651-72-7557","grado_satisfaccion":8},
{"id_venta ":"167-77-0034","grado_satisfaccion":4},
{"id_venta ":"192-65-9658","grado_satisfaccion":8},
{"id_venta ":"533-49-7561","grado_satisfaccion":3},
{"id_venta ":"848-97-9470","grado_satisfaccion":6},
{"id_venta ":"177-30-1723","grado_satisfaccion":2},
{"id_venta ":"513-73-2868","grado_satisfaccion":5},
{"id_venta ":"891-90-1349","grado_satisfaccion":2},
{"id_venta ":"220-60-4204","grado_satisfaccion":3},
{"id_venta ":"555-91-7323","grado_satisfaccion":2},
{"id_venta ":"719-29-2868","grado_satisfaccion":10},
{"id_venta ":"622-73-1600","grado_satisfaccion":6},
{"id_venta ":"364-78-3609","grado_satisfaccion":5},
{"id_venta ":"795-71-3345","grado_satisfaccion":8},
{"id_venta ":"423-24-3004","grado_satisfaccion":3},
{"id_venta ":"323-52-6693","grado_satisfaccion":8},
{"id_venta ":"309-71-7557","grado_satisfaccion":10},
{"id_venta ":"786-63-1816","grado_satisfaccion":1},
{"id_venta ":"520-94-6646","grado_satisfaccion":8},
{"id_venta ":"679-25-6776","grado_satisfaccion":7},
{"id_venta ":"357-93-9643","grado_satisfaccion":3},
{"id_venta ":"121-75-0592","grado_satisfaccion":4},
{"id_venta ":"772-55-9115","grado_satisfaccion":1},
{"id_venta ":"335-71-3679","grado_satisfaccion":10},
{"id_venta ":"452-96-8124","grado_satisfaccion":1},
{"id_venta ":"428-71-0499","grado_satisfaccion":7},
{"id_venta ":"276-14-1760","grado_satisfaccion":7},
{"id_venta ":"287-41-7733","grado_satisfaccion":9},
{"id_venta ":"187-20-2804","grado_satisfaccion":4},
{"id_venta ":"273-99-4469","grado_satisfaccion":9},
{"id_venta ":"351-73-7386","grado_satisfaccion":1},
{"id_venta ":"170-57-2672","grado_satisfaccion":1},
{"id_venta ":"169-27-1965","grado_satisfaccion":1},
{"id_venta ":"229-75-2478","grado_satisfaccion":4},
{"id_venta ":"656-30-4004","grado_satisfaccion":6},
{"id_venta ":"373-69-8784","grado_satisfaccion":6},
{"id_venta ":"271-65-1529","grado_satisfaccion":4},
{"id_venta ":"101-17-0582","grado_satisfaccion":10},
{"id_venta ":"324-14-4879","grado_satisfaccion":7},
{"id_venta ":"610-17-0286","grado_satisfaccion":3},
{"id_venta ":"115-67-0355","grado_satisfaccion":6},
{"id_venta ":"369-87-5150","grado_satisfaccion":10},
{"id_venta ":"137-77-9045","grado_satisfaccion":5},
{"id_venta ":"244-49-3672","grado_satisfaccion":10},
{"id_venta ":"343-23-9546","grado_satisfaccion":4},
{"id_venta ":"158-51-8542","grado_satisfaccion":5},
{"id_venta ":"268-76-5689","grado_satisfaccion":2},
{"id_venta ":"296-41-3849","grado_satisfaccion":10},
{"id_venta ":"446-30-5407","grado_satisfaccion":5},
{"id_venta ":"554-13-1901","grado_satisfaccion":7},
{"id_venta ":"465-30-7611","grado_satisfaccion":6},
{"id_venta ":"571-82-5183","grado_satisfaccion":6},
{"id_venta ":"704-63-5246","grado_satisfaccion":10},
{"id_venta ":"774-55-2758","grado_satisfaccion":9},
{"id_venta ":"115-20-0124","grado_satisfaccion":1},
{"id_venta ":"370-34-6488","grado_satisfaccion":4},
{"id_venta ":"842-06-9851","grado_satisfaccion":3},
{"id_venta ":"345-58-9036","grado_satisfaccion":4},
{"id_venta ":"333-26-3540","grado_satisfaccion":5},
{"id_venta ":"345-46-3326","grado_satisfaccion":9},
{"id_venta ":"278-77-6860","grado_satisfaccion":1},
{"id_venta ":"754-48-5203","grado_satisfaccion":2},
{"id_venta ":"583-35-9398","grado_satisfaccion":2},
{"id_venta ":"452-16-8331","grado_satisfaccion":2},
{"id_venta ":"690-46-9575","grado_satisfaccion":10},
{"id_venta ":"521-56-8066","grado_satisfaccion":3},
{"id_venta ":"167-49-5071","grado_satisfaccion":6},
{"id_venta ":"747-34-0897","grado_satisfaccion":6},
{"id_venta ":"272-45-8387","grado_satisfaccion":9},
{"id_venta ":"117-12-7324","grado_satisfaccion":3},
{"id_venta ":"206-62-2933","grado_satisfaccion":2},
{"id_venta ":"854-19-3624","grado_satisfaccion":5},
{"id_venta ":"777-80-6205","grado_satisfaccion":7},
{"id_venta ":"827-47-3556","grado_satisfaccion":8},
{"id_venta ":"411-31-4806","grado_satisfaccion":10},
{"id_venta ":"206-20-2644","grado_satisfaccion":2},
{"id_venta ":"218-96-9368","grado_satisfaccion":10},
{"id_venta ":"715-86-4676","grado_satisfaccion":7},
{"id_venta ":"196-94-5378","grado_satisfaccion":10},
{"id_venta ":"885-36-8534","grado_satisfaccion":8},
{"id_venta ":"397-83-4196","grado_satisfaccion":7},
{"id_venta ":"163-97-4090","grado_satisfaccion":9},
{"id_venta ":"168-83-9721","grado_satisfaccion":10},
{"id_venta ":"502-71-8657","grado_satisfaccion":10},
{"id_venta ":"401-82-3829","grado_satisfaccion":5},
{"id_venta ":"224-75-4871","grado_satisfaccion":2},
{"id_venta ":"197-78-6550","grado_satisfaccion":7},
{"id_venta ":"762-84-9858","grado_satisfaccion":3},
{"id_venta ":"832-29-0466","grado_satisfaccion":5},
{"id_venta ":"444-04-0448","grado_satisfaccion":8},
{"id_venta ":"820-82-4745","grado_satisfaccion":5},
{"id_venta ":"384-27-0409","grado_satisfaccion":3},
{"id_venta ":"225-71-0245","grado_satisfaccion":7},
{"id_venta ":"722-80-0695","grado_satisfaccion":7},
{"id_venta ":"264-23-3090","grado_satisfaccion":2},
{"id_venta ":"574-04-9547","grado_satisfaccion":2},
{"id_venta ":"443-65-2627","grado_satisfaccion":1},
{"id_venta ":"821-25-2759","grado_satisfaccion":4},
{"id_venta ":"503-86-2576","grado_satisfaccion":7},
{"id_venta ":"746-16-4911","grado_satisfaccion":1},
{"id_venta ":"320-02-2584","grado_satisfaccion":5},
{"id_venta ":"202-29-0352","grado_satisfaccion":5},
{"id_venta ":"159-86-4015","grado_satisfaccion":4},
{"id_venta ":"742-42-8380","grado_satisfaccion":1},
{"id_venta ":"140-10-4518","grado_satisfaccion":9},
{"id_venta ":"324-82-6918","grado_satisfaccion":5},
{"id_venta ":"707-79-1290","grado_satisfaccion":10},
{"id_venta ":"601-09-6964","grado_satisfaccion":2},
{"id_venta ":"839-97-7600","grado_satisfaccion":10},
{"id_venta ":"141-48-7696","grado_satisfaccion":7},
{"id_venta ":"205-63-2929","grado_satisfaccion":3},
{"id_venta ":"244-22-6730","grado_satisfaccion":1},
{"id_venta ":"152-86-7126","grado_satisfaccion":5},
{"id_venta ":"218-31-2655","grado_satisfaccion":4},
{"id_venta ":"648-75-0787","grado_satisfaccion":2},
{"id_venta ":"549-05-7075","grado_satisfaccion":1},
{"id_venta ":"800-72-3174","grado_satisfaccion":5},
{"id_venta ":"870-13-0865","grado_satisfaccion":7},
{"id_venta ":"722-32-2302","grado_satisfaccion":1},
{"id_venta ":"322-70-9358","grado_satisfaccion":4},
{"id_venta ":"432-14-3876","grado_satisfaccion":2},
{"id_venta ":"760-54-6166","grado_satisfaccion":3},
{"id_venta ":"676-56-2813","grado_satisfaccion":1},
{"id_venta ":"373-63-1833","grado_satisfaccion":10},
{"id_venta ":"723-29-7296","grado_satisfaccion":3},
{"id_venta ":"134-89-5180","grado_satisfaccion":8},
{"id_venta ":"175-34-0255","grado_satisfaccion":2},
{"id_venta ":"529-95-9056","grado_satisfaccion":6},
{"id_venta ":"298-15-1497","grado_satisfaccion":10},
{"id_venta ":"208-10-5937","grado_satisfaccion":7},
{"id_venta ":"143-93-6108","grado_satisfaccion":4},
{"id_venta ":"678-44-7522","grado_satisfaccion":9},
{"id_venta ":"157-77-7544","grado_satisfaccion":8},
{"id_venta ":"511-76-1322","grado_satisfaccion":3},
{"id_venta ":"370-13-4999","grado_satisfaccion":2},
{"id_venta ":"154-19-7593","grado_satisfaccion":7},
{"id_venta ":"671-04-3524","grado_satisfaccion":8},
{"id_venta ":"202-14-0893","grado_satisfaccion":3},
{"id_venta ":"772-26-8892","grado_satisfaccion":7},
{"id_venta ":"189-49-0230","grado_satisfaccion":7},
{"id_venta ":"635-80-1636","grado_satisfaccion":7},
{"id_venta ":"701-90-9335","grado_satisfaccion":2},
{"id_venta ":"259-36-9514","grado_satisfaccion":2},
{"id_venta ":"320-94-8808","grado_satisfaccion":6},
{"id_venta ":"215-31-0629","grado_satisfaccion":1},
{"id_venta ":"821-47-3373","grado_satisfaccion":8},
{"id_venta ":"121-76-0836","grado_satisfaccion":2},
{"id_venta ":"862-38-7586","grado_satisfaccion":10},
{"id_venta ":"457-78-5317","grado_satisfaccion":4},
{"id_venta ":"119-25-2099","grado_satisfaccion":7},
{"id_venta ":"469-39-1199","grado_satisfaccion":10},
{"id_venta ":"786-11-1572","grado_satisfaccion":10},
{"id_venta ":"750-80-5225","grado_satisfaccion":6},
{"id_venta ":"848-67-9622","grado_satisfaccion":1},
{"id_venta ":"183-43-6393","grado_satisfaccion":1},
{"id_venta ":"710-95-9825","grado_satisfaccion":2},
{"id_venta ":"217-12-7503","grado_satisfaccion":10},
{"id_venta ":"119-55-6211","grado_satisfaccion":2},
{"id_venta ":"622-37-0471","grado_satisfaccion":1},
{"id_venta ":"752-78-6941","grado_satisfaccion":2},
{"id_venta ":"611-81-5361","grado_satisfaccion":7},
{"id_venta ":"269-27-3858","grado_satisfaccion":4},
{"id_venta ":"395-42-3534","grado_satisfaccion":1},
{"id_venta ":"144-39-7986","grado_satisfaccion":7},
{"id_venta ":"642-20-7919","grado_satisfaccion":7},
{"id_venta ":"700-66-2179","grado_satisfaccion":4},
{"id_venta ":"646-44-4866","grado_satisfaccion":10},
{"id_venta ":"659-64-4427","grado_satisfaccion":3},
{"id_venta ":"189-89-0149","grado_satisfaccion":3},
{"id_venta ":"877-70-9784","grado_satisfaccion":9},
{"id_venta ":"634-35-1007","grado_satisfaccion":3},
{"id_venta ":"531-68-0432","grado_satisfaccion":3},
{"id_venta ":"701-45-5513","grado_satisfaccion":7},
{"id_venta ":"852-34-7931","grado_satisfaccion":2},
{"id_venta ":"425-50-1060","grado_satisfaccion":6},
{"id_venta ":"505-58-8370","grado_satisfaccion":3},
{"id_venta ":"181-26-3868","grado_satisfaccion":5},
{"id_venta ":"299-84-3482","grado_satisfaccion":5},
{"id_venta ":"447-12-3811","grado_satisfaccion":9},
{"id_venta ":"724-05-5549","grado_satisfaccion":8},
{"id_venta ":"116-04-5950","grado_satisfaccion":1},
{"id_venta ":"580-18-6048","grado_satisfaccion":4},
{"id_venta ":"868-59-7044","grado_satisfaccion":8},
{"id_venta ":"144-12-7163","grado_satisfaccion":8},
{"id_venta ":"833-20-1621","grado_satisfaccion":5},
{"id_venta ":"282-16-5217","grado_satisfaccion":9},
{"id_venta ":"619-24-8361","grado_satisfaccion":2},
{"id_venta ":"534-31-8526","grado_satisfaccion":2},
{"id_venta ":"112-92-1910","grado_satisfaccion":7},
{"id_venta ":"654-77-3138","grado_satisfaccion":8},
{"id_venta ":"727-49-8530","grado_satisfaccion":5},
{"id_venta ":"728-03-5791","grado_satisfaccion":3},
{"id_venta ":"575-52-1712","grado_satisfaccion":2},
{"id_venta ":"641-83-7287","grado_satisfaccion":3},
{"id_venta ":"236-24-3814","grado_satisfaccion":4},
{"id_venta ":"713-46-9309","grado_satisfaccion":2},
{"id_venta ":"389-97-7661","grado_satisfaccion":7},
{"id_venta ":"611-48-4666","grado_satisfaccion":6},
{"id_venta ":"213-51-5746","grado_satisfaccion":3},
{"id_venta ":"746-71-6778","grado_satisfaccion":2},
{"id_venta ":"153-62-3613","grado_satisfaccion":2},
{"id_venta ":"194-30-8989","grado_satisfaccion":2},
{"id_venta ":"879-83-7492","grado_satisfaccion":3},
{"id_venta ":"105-28-8145","grado_satisfaccion":10},
{"id_venta ":"709-09-4483","grado_satisfaccion":5},
{"id_venta ":"521-94-8978","grado_satisfaccion":10},
{"id_venta ":"687-66-0183","grado_satisfaccion":9},
{"id_venta ":"387-99-4696","grado_satisfaccion":2},
{"id_venta ":"853-84-5072","grado_satisfaccion":2},
{"id_venta ":"835-42-5957","grado_satisfaccion":7},
{"id_venta ":"816-34-4100","grado_satisfaccion":6},
{"id_venta ":"706-72-1935","grado_satisfaccion":10},
{"id_venta ":"307-65-9779","grado_satisfaccion":3},
{"id_venta ":"527-26-3771","grado_satisfaccion":7},
{"id_venta ":"407-05-7753","grado_satisfaccion":1},
{"id_venta ":"467-75-0496","grado_satisfaccion":4},
{"id_venta ":"596-76-3968","grado_satisfaccion":8},
{"id_venta ":"459-95-7354","grado_satisfaccion":10},
{"id_venta ":"224-18-8707","grado_satisfaccion":1},
{"id_venta ":"110-75-2824","grado_satisfaccion":10},
{"id_venta ":"861-53-7591","grado_satisfaccion":3},
{"id_venta ":"642-32-3761","grado_satisfaccion":8},
{"id_venta ":"443-05-8056","grado_satisfaccion":7},
{"id_venta ":"827-70-3812","grado_satisfaccion":10},
{"id_venta ":"292-40-9322","grado_satisfaccion":2},
{"id_venta ":"557-25-0320","grado_satisfaccion":6},
{"id_venta ":"803-07-4844","grado_satisfaccion":3},
{"id_venta ":"462-54-4620","grado_satisfaccion":3},
{"id_venta ":"405-61-4732","grado_satisfaccion":10},
{"id_venta ":"379-01-8654","grado_satisfaccion":3},
{"id_venta ":"446-53-0495","grado_satisfaccion":8},
{"id_venta ":"401-14-2006","grado_satisfaccion":10},
{"id_venta ":"586-54-1461","grado_satisfaccion":2},
{"id_venta ":"493-12-5825","grado_satisfaccion":4},
{"id_venta ":"176-91-2452","grado_satisfaccion":2},
{"id_venta ":"844-17-7634","grado_satisfaccion":2},
{"id_venta ":"109-66-5689","grado_satisfaccion":9},
{"id_venta ":"721-65-1838","grado_satisfaccion":4},
{"id_venta ":"788-02-0036","grado_satisfaccion":9},
{"id_venta ":"319-23-1380","grado_satisfaccion":3},
{"id_venta ":"205-09-3875","grado_satisfaccion":8},
{"id_venta ":"633-16-0234","grado_satisfaccion":9},
{"id_venta ":"144-78-9510","grado_satisfaccion":10},
{"id_venta ":"139-32-1369","grado_satisfaccion":3},
{"id_venta ":"206-16-7495","grado_satisfaccion":8},
{"id_venta ":"734-50-6603","grado_satisfaccion":5},
{"id_venta ":"515-69-0216","grado_satisfaccion":1},
{"id_venta ":"328-33-3635","grado_satisfaccion":4},
{"id_venta ":"513-71-6150","grado_satisfaccion":6},
{"id_venta ":"448-50-4492","grado_satisfaccion":4},
{"id_venta ":"826-84-5615","grado_satisfaccion":8},
{"id_venta ":"872-09-6283","grado_satisfaccion":8},
{"id_venta ":"780-32-8216","grado_satisfaccion":1},
{"id_venta ":"894-11-9820","grado_satisfaccion":10},
{"id_venta ":"643-79-3707","grado_satisfaccion":6},
{"id_venta ":"312-57-3391","grado_satisfaccion":10},
{"id_venta ":"516-03-4153","grado_satisfaccion":10},
{"id_venta ":"431-89-0118","grado_satisfaccion":1},
{"id_venta ":"499-58-8829","grado_satisfaccion":7},
{"id_venta ":"688-79-4064","grado_satisfaccion":9},
{"id_venta ":"319-14-7590","grado_satisfaccion":6},
{"id_venta ":"232-16-5695","grado_satisfaccion":8},
{"id_venta ":"385-93-8543","grado_satisfaccion":7},
{"id_venta ":"782-93-8925","grado_satisfaccion":2},
{"id_venta ":"804-53-2512","grado_satisfaccion":6},
{"id_venta ":"311-71-9105","grado_satisfaccion":3},
{"id_venta ":"590-06-5846","grado_satisfaccion":8},
{"id_venta ":"142-48-3071","grado_satisfaccion":3},
{"id_venta ":"890-87-5166","grado_satisfaccion":1},
{"id_venta ":"371-93-2496","grado_satisfaccion":1},
{"id_venta ":"482-82-0389","grado_satisfaccion":3},
{"id_venta ":"809-91-6439","grado_satisfaccion":5},
{"id_venta ":"223-92-6425","grado_satisfaccion":2},
{"id_venta ":"685-35-7095","grado_satisfaccion":2},
{"id_venta ":"210-72-5591","grado_satisfaccion":7},
{"id_venta ":"593-22-9615","grado_satisfaccion":10},
{"id_venta ":"369-63-2464","grado_satisfaccion":5},
{"id_venta ":"476-24-0210","grado_satisfaccion":5},
{"id_venta ":"604-42-2236","grado_satisfaccion":5},
{"id_venta ":"865-35-8312","grado_satisfaccion":6},
{"id_venta ":"422-30-7695","grado_satisfaccion":9},
{"id_venta ":"460-30-0936","grado_satisfaccion":7},
{"id_venta ":"143-99-9670","grado_satisfaccion":3},
{"id_venta ":"740-62-5494","grado_satisfaccion":5},
{"id_venta ":"692-18-1727","grado_satisfaccion":4},
{"id_venta ":"152-56-5822","grado_satisfaccion":6},
{"id_venta ":"650-18-3669","grado_satisfaccion":10},
{"id_venta ":"814-45-2189","grado_satisfaccion":5},
{"id_venta ":"664-83-3120","grado_satisfaccion":10},
{"id_venta ":"469-08-5182","grado_satisfaccion":5},
{"id_venta ":"253-29-8314","grado_satisfaccion":9},
{"id_venta ":"329-20-0846","grado_satisfaccion":1},
{"id_venta ":"692-04-5011","grado_satisfaccion":6},
{"id_venta ":"492-73-7201","grado_satisfaccion":9},
{"id_venta ":"496-77-0940","grado_satisfaccion":3},
{"id_venta ":"312-81-2958","grado_satisfaccion":2},
{"id_venta ":"796-55-0813","grado_satisfaccion":6},
{"id_venta ":"757-67-7036","grado_satisfaccion":3},
{"id_venta ":"430-84-5548","grado_satisfaccion":10},
{"id_venta ":"561-93-4553","grado_satisfaccion":6},
{"id_venta ":"194-35-5738","grado_satisfaccion":7},
{"id_venta ":"431-87-1258","grado_satisfaccion":7},
{"id_venta ":"549-75-1829","grado_satisfaccion":10},
{"id_venta ":"226-37-5879","grado_satisfaccion":5},
{"id_venta ":"496-99-6913","grado_satisfaccion":6},
{"id_venta ":"155-92-1260","grado_satisfaccion":7},
{"id_venta ":"455-55-4537","grado_satisfaccion":10},
{"id_venta ":"602-87-7132","grado_satisfaccion":10},
{"id_venta ":"385-96-2379","grado_satisfaccion":2},
{"id_venta ":"385-96-2695","grado_satisfaccion":1},
{"id_venta ":"464-85-4308","grado_satisfaccion":4},
{"id_venta ":"885-64-2246","grado_satisfaccion":6},
{"id_venta ":"899-87-0193","grado_satisfaccion":8},
{"id_venta ":"162-83-8888","grado_satisfaccion":7},
{"id_venta ":"290-35-5891","grado_satisfaccion":7},
{"id_venta ":"520-74-4373","grado_satisfaccion":4},
{"id_venta ":"136-81-3983","grado_satisfaccion":1},
{"id_venta ":"888-22-3391","grado_satisfaccion":7},
{"id_venta ":"775-10-8516","grado_satisfaccion":6},
{"id_venta ":"232-52-6368","grado_satisfaccion":10},
{"id_venta ":"283-90-0022","grado_satisfaccion":5},
{"id_venta ":"403-50-2749","grado_satisfaccion":1},
{"id_venta ":"602-08-3142","grado_satisfaccion":6},
{"id_venta ":"749-89-7378","grado_satisfaccion":10},
{"id_venta ":"110-22-0185","grado_satisfaccion":2},
{"id_venta ":"383-84-9738","grado_satisfaccion":10},
{"id_venta ":"365-83-4714","grado_satisfaccion":1},
{"id_venta ":"827-40-0451","grado_satisfaccion":2},
{"id_venta ":"629-12-8399","grado_satisfaccion":10},
{"id_venta ":"438-81-8505","grado_satisfaccion":1},
{"id_venta ":"378-99-6992","grado_satisfaccion":8},
{"id_venta ":"763-28-9977","grado_satisfaccion":4},
{"id_venta ":"801-86-3325","grado_satisfaccion":1},
{"id_venta ":"270-61-9227","grado_satisfaccion":9},
{"id_venta ":"293-98-0786","grado_satisfaccion":8},
{"id_venta ":"204-81-9479","grado_satisfaccion":7},
{"id_venta ":"227-37-8422","grado_satisfaccion":10},
{"id_venta ":"792-07-7750","grado_satisfaccion":8},
{"id_venta ":"476-31-4506","grado_satisfaccion":4},
{"id_venta ":"373-23-6995","grado_satisfaccion":7},
{"id_venta ":"178-29-0180","grado_satisfaccion":9},
{"id_venta ":"484-40-3750","grado_satisfaccion":5},
{"id_venta ":"534-26-8034","grado_satisfaccion":5},
{"id_venta ":"538-61-5186","grado_satisfaccion":9},
{"id_venta ":"393-07-3725","grado_satisfaccion":3},
{"id_venta ":"726-01-5124","grado_satisfaccion":9},
{"id_venta ":"431-31-0731","grado_satisfaccion":8},
{"id_venta ":"780-41-2289","grado_satisfaccion":10},
{"id_venta ":"447-44-3907","grado_satisfaccion":8},
{"id_venta ":"789-71-3924","grado_satisfaccion":1},
{"id_venta ":"199-71-6869","grado_satisfaccion":9},
{"id_venta ":"875-47-4792","grado_satisfaccion":9},
{"id_venta ":"723-41-2952","grado_satisfaccion":9},
{"id_venta ":"142-15-6243","grado_satisfaccion":5},
{"id_venta ":"593-97-1225","grado_satisfaccion":6},
{"id_venta ":"366-43-7705","grado_satisfaccion":7},
{"id_venta ":"401-66-0773","grado_satisfaccion":5},
{"id_venta ":"193-55-2694","grado_satisfaccion":10},
{"id_venta ":"119-49-1955","grado_satisfaccion":3},
{"id_venta ":"541-59-0068","grado_satisfaccion":7},
{"id_venta ":"124-50-6180","grado_satisfaccion":9},
{"id_venta ":"113-82-7318","grado_satisfaccion":5},
{"id_venta ":"245-72-0215","grado_satisfaccion":2},
{"id_venta ":"555-38-4331","grado_satisfaccion":10},
{"id_venta ":"598-02-0113","grado_satisfaccion":3},
{"id_venta ":"579-99-5923","grado_satisfaccion":3},
{"id_venta ":"842-50-3840","grado_satisfaccion":4},
{"id_venta ":"105-04-1220","grado_satisfaccion":9},
{"id_venta ":"711-75-0967","grado_satisfaccion":9},
{"id_venta ":"884-05-9487","grado_satisfaccion":2},
{"id_venta ":"364-75-6794","grado_satisfaccion":9},
{"id_venta ":"432-63-6354","grado_satisfaccion":10},
{"id_venta ":"813-47-6924","grado_satisfaccion":9},
{"id_venta ":"267-80-5088","grado_satisfaccion":3},
{"id_venta ":"486-90-8790","grado_satisfaccion":5},
{"id_venta ":"889-82-1828","grado_satisfaccion":1},
{"id_venta ":"306-55-9769","grado_satisfaccion":6},
{"id_venta ":"263-93-5453","grado_satisfaccion":1},
{"id_venta ":"804-70-7520","grado_satisfaccion":5},
{"id_venta ":"247-44-9632","grado_satisfaccion":8},
{"id_venta ":"757-77-4649","grado_satisfaccion":4},
{"id_venta ":"588-65-4077","grado_satisfaccion":6},
{"id_venta ":"567-35-4631","grado_satisfaccion":4},
{"id_venta ":"519-15-6244","grado_satisfaccion":8},
{"id_venta ":"675-77-1007","grado_satisfaccion":4},
{"id_venta ":"889-64-3417","grado_satisfaccion":1},
{"id_venta ":"601-61-7640","grado_satisfaccion":10},
{"id_venta ":"452-04-7252","grado_satisfaccion":3},
{"id_venta ":"152-87-3369","grado_satisfaccion":1},
{"id_venta ":"656-52-5210","grado_satisfaccion":5},
{"id_venta ":"248-91-5555","grado_satisfaccion":6},
{"id_venta ":"131-66-7140","grado_satisfaccion":3},
{"id_venta ":"755-39-6602","grado_satisfaccion":5},
{"id_venta ":"437-60-9056","grado_satisfaccion":1},
{"id_venta ":"583-75-1941","grado_satisfaccion":4},
{"id_venta ":"226-41-8198","grado_satisfaccion":10},
{"id_venta ":"413-35-7030","grado_satisfaccion":9},
{"id_venta ":"368-67-3248","grado_satisfaccion":8},
{"id_venta ":"667-92-0560","grado_satisfaccion":1},
{"id_venta ":"652-82-9140","grado_satisfaccion":2},
{"id_venta ":"566-55-9828","grado_satisfaccion":8},
{"id_venta ":"390-29-9400","grado_satisfaccion":7},
{"id_venta ":"499-20-4894","grado_satisfaccion":5},
{"id_venta ":"526-77-6547","grado_satisfaccion":9},
{"id_venta ":"219-20-8218","grado_satisfaccion":3},
{"id_venta ":"674-81-9894","grado_satisfaccion":2},
{"id_venta ":"515-78-1487","grado_satisfaccion":9},
{"id_venta ":"363-25-9192","grado_satisfaccion":5},
{"id_venta ":"195-79-5781","grado_satisfaccion":7},
{"id_venta ":"307-57-8434","grado_satisfaccion":2},
{"id_venta ":"817-48-6760","grado_satisfaccion":10},
{"id_venta ":"402-64-0088","grado_satisfaccion":7},
{"id_venta ":"593-28-7654","grado_satisfaccion":9},
{"id_venta ":"645-62-3380","grado_satisfaccion":1},
{"id_venta ":"115-74-4915","grado_satisfaccion":8},
{"id_venta ":"234-62-3802","grado_satisfaccion":5},
{"id_venta ":"778-82-1992","grado_satisfaccion":1},
{"id_venta ":"753-23-6571","grado_satisfaccion":9},
{"id_venta ":"185-31-3162","grado_satisfaccion":3},
{"id_venta ":"398-68-1552","grado_satisfaccion":10},
{"id_venta ":"375-72-2170","grado_satisfaccion":3},
{"id_venta ":"504-12-8942","grado_satisfaccion":2},
{"id_venta ":"434-59-6285","grado_satisfaccion":4},
{"id_venta ":"154-68-0345","grado_satisfaccion":9},
{"id_venta ":"694-18-8403","grado_satisfaccion":1},
{"id_venta ":"779-55-0613","grado_satisfaccion":5},
{"id_venta ":"152-77-7780","grado_satisfaccion":2},
{"id_venta ":"189-35-7493","grado_satisfaccion":5},
{"id_venta ":"681-07-6686","grado_satisfaccion":3},
{"id_venta ":"658-49-6303","grado_satisfaccion":8},
{"id_venta ":"475-95-0884","grado_satisfaccion":6},
{"id_venta ":"259-89-6731","grado_satisfaccion":9},
{"id_venta ":"194-29-1892","grado_satisfaccion":6},
{"id_venta ":"800-33-1865","grado_satisfaccion":3},
{"id_venta ":"717-39-8264","grado_satisfaccion":9},
{"id_venta ":"690-72-9815","grado_satisfaccion":8},
{"id_venta ":"168-93-5309","grado_satisfaccion":7},
{"id_venta ":"225-12-1022","grado_satisfaccion":3},
{"id_venta ":"793-51-9247","grado_satisfaccion":3},
{"id_venta ":"288-19-9916","grado_satisfaccion":2},
{"id_venta ":"277-22-1280","grado_satisfaccion":1},
{"id_venta ":"405-57-2371","grado_satisfaccion":5},
{"id_venta ":"657-85-1043","grado_satisfaccion":2},
{"id_venta ":"621-91-7285","grado_satisfaccion":9},
{"id_venta ":"504-83-7910","grado_satisfaccion":9},
{"id_venta ":"402-69-9856","grado_satisfaccion":2},
{"id_venta ":"764-03-8632","grado_satisfaccion":2},
{"id_venta ":"825-23-6829","grado_satisfaccion":3},
{"id_venta ":"492-73-3014","grado_satisfaccion":4},
{"id_venta ":"838-12-5372","grado_satisfaccion":8},
{"id_venta ":"431-20-4616","grado_satisfaccion":5},
{"id_venta ":"630-39-6887","grado_satisfaccion":5},
{"id_venta ":"258-36-8621","grado_satisfaccion":5},
{"id_venta ":"849-38-6844","grado_satisfaccion":10},
{"id_venta ":"886-57-0628","grado_satisfaccion":5},
{"id_venta ":"585-33-3621","grado_satisfaccion":6},
{"id_venta ":"341-25-9077","grado_satisfaccion":1},
{"id_venta ":"231-21-0641","grado_satisfaccion":6},
{"id_venta ":"139-98-4886","grado_satisfaccion":4},
{"id_venta ":"240-13-1004","grado_satisfaccion":5},
{"id_venta ":"257-30-5658","grado_satisfaccion":3},
{"id_venta ":"796-94-8769","grado_satisfaccion":3},
{"id_venta ":"228-61-8378","grado_satisfaccion":1},
{"id_venta ":"227-44-3073","grado_satisfaccion":4},
{"id_venta ":"553-43-1816","grado_satisfaccion":10},
{"id_venta ":"272-31-6601","grado_satisfaccion":5},
{"id_venta ":"118-52-5812","grado_satisfaccion":3},
{"id_venta ":"425-39-0761","grado_satisfaccion":9},
{"id_venta ":"655-73-4760","grado_satisfaccion":5},
{"id_venta ":"321-03-7440","grado_satisfaccion":9},
{"id_venta ":"246-84-2681","grado_satisfaccion":10},
{"id_venta ":"464-75-0749","grado_satisfaccion":8},
{"id_venta ":"636-66-9112","grado_satisfaccion":5},
{"id_venta ":"248-29-1008","grado_satisfaccion":8},
{"id_venta ":"235-69-2667","grado_satisfaccion":6},
{"id_venta ":"655-37-6834","grado_satisfaccion":9},
{"id_venta ":"425-08-3981","grado_satisfaccion":4},
{"id_venta ":"360-20-2175","grado_satisfaccion":6},
{"id_venta ":"449-87-0775","grado_satisfaccion":4},
{"id_venta ":"463-26-2501","grado_satisfaccion":2},
{"id_venta ":"706-36-2289","grado_satisfaccion":1},
{"id_venta ":"103-07-8652","grado_satisfaccion":8},
{"id_venta ":"867-11-6498","grado_satisfaccion":8},
{"id_venta ":"626-49-1253","grado_satisfaccion":2},
{"id_venta ":"880-92-9429","grado_satisfaccion":1},
{"id_venta ":"656-98-1837","grado_satisfaccion":5},
{"id_venta ":"677-77-6875","grado_satisfaccion":3},
{"id_venta ":"143-03-1443","grado_satisfaccion":2},
{"id_venta ":"520-22-7238","grado_satisfaccion":8},
{"id_venta ":"733-67-1821","grado_satisfaccion":1},
{"id_venta ":"341-03-5487","grado_satisfaccion":5},
{"id_venta ":"256-49-3654","grado_satisfaccion":10},
{"id_venta ":"836-91-2623","grado_satisfaccion":10},
{"id_venta ":"745-71-2524","grado_satisfaccion":6},
{"id_venta ":"169-88-2231","grado_satisfaccion":8},
{"id_venta ":"769-84-7754","grado_satisfaccion":5},
{"id_venta ":"338-85-3525","grado_satisfaccion":6},
{"id_venta ":"171-50-0439","grado_satisfaccion":2},
{"id_venta ":"163-26-6883","grado_satisfaccion":2},
{"id_venta ":"500-79-2207","grado_satisfaccion":9},
{"id_venta ":"346-03-5132","grado_satisfaccion":9},
{"id_venta ":"428-58-5086","grado_satisfaccion":8},
{"id_venta ":"624-20-9351","grado_satisfaccion":10},
{"id_venta ":"585-65-6078","grado_satisfaccion":10},
{"id_venta ":"487-46-1539","grado_satisfaccion":6},
{"id_venta ":"844-52-2537","grado_satisfaccion":8},
{"id_venta ":"657-14-7346","grado_satisfaccion":8},
{"id_venta ":"328-18-5698","grado_satisfaccion":3},
{"id_venta ":"705-80-9651","grado_satisfaccion":6},
{"id_venta ":"671-24-4675","grado_satisfaccion":1},
{"id_venta ":"145-41-9312","grado_satisfaccion":10},
{"id_venta ":"198-80-6386","grado_satisfaccion":9},
{"id_venta ":"589-14-5127","grado_satisfaccion":2},
{"id_venta ":"686-95-1226","grado_satisfaccion":2},
{"id_venta ":"246-30-4488","grado_satisfaccion":9},
{"id_venta ":"431-62-7265","grado_satisfaccion":1},
{"id_venta ":"816-70-9355","grado_satisfaccion":3},
{"id_venta ":"706-55-3682","grado_satisfaccion":9},
{"id_venta ":"444-23-2648","grado_satisfaccion":5},
{"id_venta ":"212-70-2717","grado_satisfaccion":5},
{"id_venta ":"518-77-0578","grado_satisfaccion":6},
{"id_venta ":"214-56-2277","grado_satisfaccion":5},
{"id_venta ":"132-34-6846","grado_satisfaccion":5},
{"id_venta ":"862-72-4335","grado_satisfaccion":2},
{"id_venta ":"495-09-7918","grado_satisfaccion":5},
{"id_venta ":"520-28-7886","grado_satisfaccion":8},
{"id_venta ":"258-47-9500","grado_satisfaccion":3},
{"id_venta ":"443-09-4267","grado_satisfaccion":5},
{"id_venta ":"852-96-8251","grado_satisfaccion":6},
{"id_venta ":"816-81-3970","grado_satisfaccion":5},
{"id_venta ":"440-34-7748","grado_satisfaccion":10},
{"id_venta ":"582-06-7735","grado_satisfaccion":7},
{"id_venta ":"620-91-4646","grado_satisfaccion":5},
{"id_venta ":"377-05-7280","grado_satisfaccion":7},
{"id_venta ":"882-67-3975","grado_satisfaccion":5},
{"id_venta ":"479-55-4038","grado_satisfaccion":3},
{"id_venta ":"311-30-9617","grado_satisfaccion":4},
{"id_venta ":"257-70-8234","grado_satisfaccion":8},
{"id_venta ":"787-79-1037","grado_satisfaccion":4},
{"id_venta ":"663-43-3375","grado_satisfaccion":1},
{"id_venta ":"878-13-7957","grado_satisfaccion":2},
{"id_venta ":"729-48-0350","grado_satisfaccion":7},
{"id_venta ":"486-18-7820","grado_satisfaccion":7},
{"id_venta ":"281-85-9662","grado_satisfaccion":9},
{"id_venta ":"322-11-8882","grado_satisfaccion":9},
{"id_venta ":"894-92-2107","grado_satisfaccion":9},
{"id_venta ":"804-81-5523","grado_satisfaccion":10},
{"id_venta ":"189-45-7842","grado_satisfaccion":4},
{"id_venta ":"642-54-0255","grado_satisfaccion":2},
{"id_venta ":"733-73-7416","grado_satisfaccion":9},
{"id_venta ":"641-92-5961","grado_satisfaccion":6},
{"id_venta ":"763-15-4980","grado_satisfaccion":5},
{"id_venta ":"600-07-7347","grado_satisfaccion":2},
{"id_venta ":"346-85-3561","grado_satisfaccion":3},
{"id_venta ":"726-82-8955","grado_satisfaccion":10},
{"id_venta ":"345-76-0245","grado_satisfaccion":9},
{"id_venta ":"151-87-6045","grado_satisfaccion":6},
{"id_venta ":"414-50-2412","grado_satisfaccion":10},
{"id_venta ":"465-83-2011","grado_satisfaccion":3},
{"id_venta ":"630-28-7491","grado_satisfaccion":3},
{"id_venta ":"611-56-7927","grado_satisfaccion":5},
{"id_venta ":"746-12-7842","grado_satisfaccion":8},
{"id_venta ":"325-45-9727","grado_satisfaccion":6},
{"id_venta ":"471-86-9993","grado_satisfaccion":10},
{"id_venta ":"608-99-1187","grado_satisfaccion":6},
{"id_venta ":"645-11-7608","grado_satisfaccion":7},
{"id_venta ":"362-40-3774","grado_satisfaccion":4},
{"id_venta ":"311-92-4043","grado_satisfaccion":3},
{"id_venta ":"510-64-2951","grado_satisfaccion":2},
{"id_venta ":"399-39-0479","grado_satisfaccion":4},
{"id_venta ":"696-09-4978","grado_satisfaccion":3},
{"id_venta ":"555-09-5040","grado_satisfaccion":3},
{"id_venta ":"839-77-5925","grado_satisfaccion":7},
{"id_venta ":"333-44-7010","grado_satisfaccion":9},
{"id_venta ":"291-93-8530","grado_satisfaccion":1},
{"id_venta ":"501-26-6472","grado_satisfaccion":3},
{"id_venta ":"352-11-3296","grado_satisfaccion":3},
{"id_venta ":"738-11-2035","grado_satisfaccion":4},
{"id_venta ":"118-96-3717","grado_satisfaccion":9},
{"id_venta ":"481-78-8701","grado_satisfaccion":1},
{"id_venta ":"110-48-4692","grado_satisfaccion":5},
{"id_venta ":"619-30-9583","grado_satisfaccion":5},
{"id_venta ":"790-77-3306","grado_satisfaccion":6},
{"id_venta ":"141-68-6892","grado_satisfaccion":10},
{"id_venta ":"633-93-6415","grado_satisfaccion":1},
{"id_venta ":"290-82-5402","grado_satisfaccion":9},
{"id_venta ":"259-55-4395","grado_satisfaccion":3},
{"id_venta ":"130-34-2539","grado_satisfaccion":10},
{"id_venta ":"577-59-4025","grado_satisfaccion":9},
{"id_venta ":"623-32-4130","grado_satisfaccion":5},
{"id_venta ":"813-38-7495","grado_satisfaccion":7},
{"id_venta ":"729-88-8264","grado_satisfaccion":10},
{"id_venta ":"360-55-7260","grado_satisfaccion":8},
{"id_venta ":"629-29-8643","grado_satisfaccion":3},
{"id_venta ":"643-13-6390","grado_satisfaccion":2},
{"id_venta ":"340-66-5884","grado_satisfaccion":6},
{"id_venta ":"749-29-9769","grado_satisfaccion":9},
{"id_venta ":"879-86-7183","grado_satisfaccion":6},
{"id_venta ":"446-51-5830","grado_satisfaccion":2},
{"id_venta ":"849-18-6635","grado_satisfaccion":4},
{"id_venta ":"576-99-6386","grado_satisfaccion":2},
{"id_venta ":"384-13-2492","grado_satisfaccion":3},
{"id_venta ":"491-20-3847","grado_satisfaccion":2},
{"id_venta ":"678-36-0919","grado_satisfaccion":9},
{"id_venta ":"313-14-3931","grado_satisfaccion":9},
{"id_venta ":"198-96-9490","grado_satisfaccion":8},
{"id_venta ":"463-16-1800","grado_satisfaccion":2},
{"id_venta ":"152-76-2990","grado_satisfaccion":2},
{"id_venta ":"390-60-8566","grado_satisfaccion":10},
{"id_venta ":"871-26-7178","grado_satisfaccion":10},
{"id_venta ":"414-06-1322","grado_satisfaccion":8},
{"id_venta ":"305-88-0990","grado_satisfaccion":6},
{"id_venta ":"188-06-9906","grado_satisfaccion":8},
{"id_venta ":"357-67-6614","grado_satisfaccion":7},
{"id_venta ":"561-69-0323","grado_satisfaccion":8},
{"id_venta ":"512-24-8906","grado_satisfaccion":7},
{"id_venta ":"777-90-0732","grado_satisfaccion":2},
{"id_venta ":"786-71-7078","grado_satisfaccion":10},
{"id_venta ":"877-04-9358","grado_satisfaccion":10},
{"id_venta ":"131-50-0584","grado_satisfaccion":5},
{"id_venta ":"754-81-9250","grado_satisfaccion":6},
{"id_venta ":"717-19-3604","grado_satisfaccion":3},
{"id_venta ":"147-88-6338","grado_satisfaccion":10},
{"id_venta ":"324-52-6388","grado_satisfaccion":6},
{"id_venta ":"487-92-8127","grado_satisfaccion":4},
{"id_venta ":"403-27-1312","grado_satisfaccion":5},
{"id_venta ":"883-98-8141","grado_satisfaccion":4},
{"id_venta ":"740-80-6115","grado_satisfaccion":7},
{"id_venta ":"163-67-0532","grado_satisfaccion":8},
{"id_venta ":"709-57-2929","grado_satisfaccion":1},
{"id_venta ":"552-94-7075","grado_satisfaccion":3},
{"id_venta ":"193-07-5887","grado_satisfaccion":8},
{"id_venta ":"634-23-7009","grado_satisfaccion":8},
{"id_venta ":"290-94-0951","grado_satisfaccion":9},
{"id_venta ":"822-55-5388","grado_satisfaccion":5},
{"id_venta ":"727-99-0122","grado_satisfaccion":9},
{"id_venta ":"624-86-0869","grado_satisfaccion":2},
{"id_venta ":"190-15-0095","grado_satisfaccion":3},
{"id_venta ":"876-85-2662","grado_satisfaccion":7},
{"id_venta ":"897-16-6719","grado_satisfaccion":4},
{"id_venta ":"767-71-5037","grado_satisfaccion":8},
{"id_venta ":"480-18-1577","grado_satisfaccion":7},
{"id_venta ":"124-40-1654","grado_satisfaccion":9},
{"id_venta ":"615-14-7000","grado_satisfaccion":4},
{"id_venta ":"672-19-9233","grado_satisfaccion":10},
{"id_venta ":"185-43-8811","grado_satisfaccion":7},
{"id_venta ":"115-80-5622","grado_satisfaccion":6},
{"id_venta ":"363-88-0742","grado_satisfaccion":8},
{"id_venta ":"108-21-3513","grado_satisfaccion":4},
{"id_venta ":"464-34-1999","grado_satisfaccion":9},
{"id_venta ":"660-14-7563","grado_satisfaccion":10},
{"id_venta ":"433-73-5679","grado_satisfaccion":3},
{"id_venta ":"716-88-1480","grado_satisfaccion":5},
{"id_venta ":"762-49-8842","grado_satisfaccion":10},
{"id_venta ":"426-94-5385","grado_satisfaccion":3},
{"id_venta ":"750-34-1870","grado_satisfaccion":4},
{"id_venta ":"377-51-1931","grado_satisfaccion":4},
{"id_venta ":"555-60-1352","grado_satisfaccion":1},
{"id_venta ":"531-86-6887","grado_satisfaccion":7},
{"id_venta ":"722-49-3398","grado_satisfaccion":7},
{"id_venta ":"209-25-4786","grado_satisfaccion":10},
{"id_venta ":"855-45-4622","grado_satisfaccion":8},
{"id_venta ":"749-89-2127","grado_satisfaccion":3},
{"id_venta ":"466-63-7816","grado_satisfaccion":9},
{"id_venta ":"397-27-8779","grado_satisfaccion":5},
{"id_venta ":"773-28-5267","grado_satisfaccion":10},
{"id_venta ":"698-52-3209","grado_satisfaccion":8},
{"id_venta ":"882-07-5974","grado_satisfaccion":2},
{"id_venta ":"608-70-7786","grado_satisfaccion":4},
{"id_venta ":"468-44-3660","grado_satisfaccion":9},
{"id_venta ":"250-95-3878","grado_satisfaccion":2},
{"id_venta ":"338-80-0822","grado_satisfaccion":9},
{"id_venta ":"431-01-7350","grado_satisfaccion":4},
{"id_venta ":"349-82-3692","grado_satisfaccion":3},
{"id_venta ":"792-60-9686","grado_satisfaccion":5},
{"id_venta ":"838-08-6258","grado_satisfaccion":2},
{"id_venta ":"808-47-3522","grado_satisfaccion":2},
{"id_venta ":"156-86-5125","grado_satisfaccion":2},
{"id_venta ":"280-56-9368","grado_satisfaccion":4},
{"id_venta ":"288-22-9326","grado_satisfaccion":2},
{"id_venta ":"639-19-1604","grado_satisfaccion":4},
{"id_venta ":"481-75-9559","grado_satisfaccion":8},
{"id_venta ":"699-77-0277","grado_satisfaccion":4},
{"id_venta ":"580-09-5917","grado_satisfaccion":2},
{"id_venta ":"372-49-8661","grado_satisfaccion":4},
{"id_venta ":"329-28-1055","grado_satisfaccion":9},
{"id_venta ":"738-80-9140","grado_satisfaccion":5},
{"id_venta ":"798-98-2219","grado_satisfaccion":9},
{"id_venta ":"205-17-6592","grado_satisfaccion":7},
{"id_venta ":"264-08-9747","grado_satisfaccion":9},
{"id_venta ":"679-29-4357","grado_satisfaccion":4},
{"id_venta ":"173-43-8795","grado_satisfaccion":1},
{"id_venta ":"316-32-0059","grado_satisfaccion":1},
{"id_venta ":"770-55-1940","grado_satisfaccion":8},
{"id_venta ":"167-31-4894","grado_satisfaccion":1},
{"id_venta ":"585-17-2620","grado_satisfaccion":5},
{"id_venta ":"610-32-1025","grado_satisfaccion":3},
{"id_venta ":"682-98-8180","grado_satisfaccion":5},
{"id_venta ":"296-42-9507","grado_satisfaccion":9},
{"id_venta ":"259-96-1956","grado_satisfaccion":8},
{"id_venta ":"685-73-7628","grado_satisfaccion":9},
{"id_venta ":"809-09-6022","grado_satisfaccion":5},
{"id_venta ":"727-48-2211","grado_satisfaccion":1},
{"id_venta ":"797-15-4644","grado_satisfaccion":3},
{"id_venta ":"557-42-6910","grado_satisfaccion":6},
{"id_venta ":"565-48-3174","grado_satisfaccion":7},
{"id_venta ":"767-64-7798","grado_satisfaccion":3},
{"id_venta ":"681-38-8963","grado_satisfaccion":3},
{"id_venta ":"656-41-5461","grado_satisfaccion":4},
{"id_venta ":"425-13-2710","grado_satisfaccion":8},
{"id_venta ":"714-28-2231","grado_satisfaccion":8},
{"id_venta ":"305-42-3256","grado_satisfaccion":8},
{"id_venta ":"126-42-2290","grado_satisfaccion":1},
{"id_venta ":"649-16-4288","grado_satisfaccion":9},
{"id_venta ":"633-82-3036","grado_satisfaccion":5},
{"id_venta ":"187-58-8174","grado_satisfaccion":1},
{"id_venta ":"205-78-0703","grado_satisfaccion":5},
{"id_venta ":"730-85-2170","grado_satisfaccion":2},
{"id_venta ":"457-98-0833","grado_satisfaccion":10},
{"id_venta ":"287-32-0785","grado_satisfaccion":7},
{"id_venta ":"191-47-1093","grado_satisfaccion":9},
{"id_venta ":"521-45-8837","grado_satisfaccion":9},
{"id_venta ":"693-08-9719","grado_satisfaccion":10},
{"id_venta ":"343-67-8372","grado_satisfaccion":3},
{"id_venta ":"831-11-8350","grado_satisfaccion":8},
{"id_venta ":"629-28-0630","grado_satisfaccion":2},
{"id_venta ":"416-58-0067","grado_satisfaccion":9},
{"id_venta ":"286-54-8245","grado_satisfaccion":7},
{"id_venta ":"261-23-6110","grado_satisfaccion":2},
{"id_venta ":"723-75-2263","grado_satisfaccion":10},
{"id_venta ":"355-97-4905","grado_satisfaccion":2},
{"id_venta ":"314-93-6696","grado_satisfaccion":8},
{"id_venta ":"881-62-0275","grado_satisfaccion":1},
{"id_venta ":"892-31-4307","grado_satisfaccion":3},
{"id_venta ":"247-09-4767","grado_satisfaccion":3},
{"id_venta ":"350-41-6767","grado_satisfaccion":3},
{"id_venta ":"122-45-3043","grado_satisfaccion":6},
{"id_venta ":"354-69-9997","grado_satisfaccion":3},
{"id_venta ":"394-36-3278","grado_satisfaccion":1},
{"id_venta ":"103-28-7626","grado_satisfaccion":6},
{"id_venta ":"474-40-7533","grado_satisfaccion":10},
{"id_venta ":"660-30-2751","grado_satisfaccion":6},
{"id_venta ":"711-48-6427","grado_satisfaccion":10},
{"id_venta ":"421-78-0716","grado_satisfaccion":10},
{"id_venta ":"733-74-1860","grado_satisfaccion":5},
{"id_venta ":"701-20-2392","grado_satisfaccion":1},
{"id_venta ":"430-60-6974","grado_satisfaccion":1},
{"id_venta ":"825-91-9408","grado_satisfaccion":10},
{"id_venta ":"886-88-4431","grado_satisfaccion":9},
{"id_venta ":"421-28-6217","grado_satisfaccion":7},
{"id_venta ":"307-14-1874","grado_satisfaccion":1},
{"id_venta ":"869-61-5380","grado_satisfaccion":7},
{"id_venta ":"440-70-4354","grado_satisfaccion":1},
{"id_venta ":"832-89-0254","grado_satisfaccion":8},
{"id_venta ":"851-11-5566","grado_satisfaccion":5},
{"id_venta ":"888-30-3020","grado_satisfaccion":3},
{"id_venta ":"221-35-6794","grado_satisfaccion":6},
{"id_venta ":"268-44-8227","grado_satisfaccion":6},
{"id_venta ":"743-11-4111","grado_satisfaccion":7},
{"id_venta ":"577-55-0782","grado_satisfaccion":1},
{"id_venta ":"721-24-5760","grado_satisfaccion":3},
{"id_venta ":"893-44-7380","grado_satisfaccion":7},
{"id_venta ":"284-50-2419","grado_satisfaccion":8},
{"id_venta ":"680-88-1293","grado_satisfaccion":6},
{"id_venta ":"665-29-1713","grado_satisfaccion":9},
{"id_venta ":"521-97-0593","grado_satisfaccion":6},
{"id_venta ":"713-84-8187","grado_satisfaccion":1},
{"id_venta ":"571-87-1465","grado_satisfaccion":3},
{"id_venta ":"319-79-4851","grado_satisfaccion":4},
{"id_venta ":"471-26-2079","grado_satisfaccion":3},
{"id_venta ":"873-98-2434","grado_satisfaccion":4},
{"id_venta ":"783-61-7797","grado_satisfaccion":5},
{"id_venta ":"586-06-7437","grado_satisfaccion":4},
{"id_venta ":"574-51-3434","grado_satisfaccion":2},
{"id_venta ":"369-10-6643","grado_satisfaccion":2},
{"id_venta ":"376-22-1088","grado_satisfaccion":9},
{"id_venta ":"494-51-1883","grado_satisfaccion":7},
{"id_venta ":"791-73-2685","grado_satisfaccion":1},
{"id_venta ":"796-43-9032","grado_satisfaccion":5},
{"id_venta ":"114-09-7028","grado_satisfaccion":7},
{"id_venta ":"500-84-7584","grado_satisfaccion":10},
{"id_venta ":"577-77-5256","grado_satisfaccion":9},
{"id_venta ":"760-41-8738","grado_satisfaccion":10},
{"id_venta ":"509-04-9175","grado_satisfaccion":9},
{"id_venta ":"311-93-6809","grado_satisfaccion":3},
{"id_venta ":"829-39-2889","grado_satisfaccion":10},
{"id_venta ":"576-82-5445","grado_satisfaccion":10},
{"id_venta ":"897-22-6954","grado_satisfaccion":1},
{"id_venta ":"717-32-4262","grado_satisfaccion":2},
{"id_venta ":"140-84-9937","grado_satisfaccion":3},
{"id_venta ":"315-38-7572","grado_satisfaccion":2},
{"id_venta ":"818-66-9953","grado_satisfaccion":6},
{"id_venta ":"824-46-2351","grado_satisfaccion":1},
{"id_venta ":"878-85-0859","grado_satisfaccion":10},
{"id_venta ":"849-60-5124","grado_satisfaccion":3},
{"id_venta ":"488-49-4082","grado_satisfaccion":10},
{"id_venta ":"271-94-4056","grado_satisfaccion":9},
{"id_venta ":"175-41-2590","grado_satisfaccion":10},
{"id_venta ":"396-16-2215","grado_satisfaccion":10},
{"id_venta ":"657-93-4052","grado_satisfaccion":8},
{"id_venta ":"751-34-9134","grado_satisfaccion":10},
{"id_venta ":"747-27-7513","grado_satisfaccion":1},
{"id_venta ":"839-41-8901","grado_satisfaccion":3},
{"id_venta ":"218-43-1561","grado_satisfaccion":7},
{"id_venta ":"412-36-9717","grado_satisfaccion":8},
{"id_venta ":"196-23-0397","grado_satisfaccion":4},
{"id_venta ":"595-36-0805","grado_satisfaccion":1},
{"id_venta ":"323-81-9176","grado_satisfaccion":5},
{"id_venta ":"112-68-3549","grado_satisfaccion":3},
{"id_venta ":"726-16-6943","grado_satisfaccion":6},
{"id_venta ":"864-62-4958","grado_satisfaccion":7},
{"id_venta ":"557-89-7232","grado_satisfaccion":7},
{"id_venta ":"522-11-7910","grado_satisfaccion":2},
{"id_venta ":"788-36-7314","grado_satisfaccion":6},
{"id_venta ":"390-71-5530","grado_satisfaccion":8},
{"id_venta ":"405-40-8294","grado_satisfaccion":7},
{"id_venta ":"357-17-5503","grado_satisfaccion":8},
{"id_venta ":"582-14-0254","grado_satisfaccion":3},
{"id_venta ":"193-90-8087","grado_satisfaccion":5},
{"id_venta ":"114-42-7526","grado_satisfaccion":5},
{"id_venta ":"460-72-2538","grado_satisfaccion":4},
{"id_venta ":"572-71-9327","grado_satisfaccion":3},
{"id_venta ":"882-69-2230","grado_satisfaccion":4},
{"id_venta ":"735-68-3150","grado_satisfaccion":2},
{"id_venta ":"372-47-4909","grado_satisfaccion":2},
{"id_venta ":"545-12-3839","grado_satisfaccion":1},
{"id_venta ":"574-75-0175","grado_satisfaccion":2},
{"id_venta ":"155-01-4109","grado_satisfaccion":8},
{"id_venta ":"307-86-3075","grado_satisfaccion":7},
{"id_venta ":"709-13-0767","grado_satisfaccion":7},
{"id_venta ":"616-45-1987","grado_satisfaccion":7},
{"id_venta ":"440-30-7524","grado_satisfaccion":6},
{"id_venta ":"629-52-7768","grado_satisfaccion":2},
{"id_venta ":"327-87-7684","grado_satisfaccion":9},
{"id_venta ":"228-48-0967","grado_satisfaccion":7},
{"id_venta ":"215-01-0703","grado_satisfaccion":8},
{"id_venta ":"848-22-0257","grado_satisfaccion":4},
{"id_venta ":"375-04-1380","grado_satisfaccion":7},
{"id_venta ":"669-85-5824","grado_satisfaccion":6},
{"id_venta ":"846-19-3737","grado_satisfaccion":5},
{"id_venta ":"399-13-5292","grado_satisfaccion":10},
{"id_venta ":"392-86-0994","grado_satisfaccion":5},
{"id_venta ":"645-90-9312","grado_satisfaccion":3},
{"id_venta ":"232-42-5390","grado_satisfaccion":6},
{"id_venta ":"721-76-6119","grado_satisfaccion":10},
{"id_venta ":"643-06-3115","grado_satisfaccion":9},
{"id_venta ":"429-26-7272","grado_satisfaccion":7},
{"id_venta ":"431-40-7668","grado_satisfaccion":10},
{"id_venta ":"798-09-8701","grado_satisfaccion":8},
{"id_venta ":"183-49-7311","grado_satisfaccion":10},
{"id_venta ":"379-44-9277","grado_satisfaccion":1},
{"id_venta ":"740-15-6109","grado_satisfaccion":8},
{"id_venta ":"328-20-2018","grado_satisfaccion":8},
{"id_venta ":"257-73-0486","grado_satisfaccion":8},
{"id_venta ":"889-49-6866","grado_satisfaccion":10},
{"id_venta ":"614-55-2806","grado_satisfaccion":2},
{"id_venta ":"442-01-9978","grado_satisfaccion":8},
{"id_venta ":"643-80-9477","grado_satisfaccion":4},
{"id_venta ":"813-07-0560","grado_satisfaccion":4},
{"id_venta ":"433-16-6618","grado_satisfaccion":5},
{"id_venta ":"329-06-5674","grado_satisfaccion":1},
{"id_venta ":"384-91-1505","grado_satisfaccion":7},
{"id_venta ":"735-02-8626","grado_satisfaccion":3},
{"id_venta ":"735-75-2385","grado_satisfaccion":10},
{"id_venta ":"366-29-5574","grado_satisfaccion":6},
{"id_venta ":"765-77-9621","grado_satisfaccion":10},
{"id_venta ":"813-17-7680","grado_satisfaccion":10},
{"id_venta ":"461-62-8943","grado_satisfaccion":2},
{"id_venta ":"199-84-4743","grado_satisfaccion":5},
{"id_venta ":"811-85-8710","grado_satisfaccion":10},
{"id_venta ":"292-42-9102","grado_satisfaccion":8},
{"id_venta ":"703-98-2842","grado_satisfaccion":10},
{"id_venta ":"408-71-5841","grado_satisfaccion":8},
{"id_venta ":"154-49-6156","grado_satisfaccion":6},
{"id_venta ":"776-97-1910","grado_satisfaccion":3},
{"id_venta ":"156-83-3799","grado_satisfaccion":1},
{"id_venta ":"344-28-8459","grado_satisfaccion":2}]