[{"id_venta ":"371-71-1812","grado_satisfaccion":4},
{"id_venta ":"604-54-3865","grado_satisfaccion":7},
{"id_venta ":"198-74-1981","grado_satisfaccion":2},
{"id_venta ":"333-07-6103","grado_satisfaccion":8},
{"id_venta ":"766-21-8138","grado_satisfaccion":7},
{"id_venta ":"891-51-3945","grado_satisfaccion":8},
{"id_venta ":"203-27-7227","grado_satisfaccion":10},
{"id_venta ":"611-93-3217","grado_satisfaccion":1},
{"id_venta ":"498-50-8602","grado_satisfaccion":1},
{"id_venta ":"799-80-7585","grado_satisfaccion":2},
{"id_venta ":"343-62-3538","grado_satisfaccion":6},
{"id_venta ":"123-42-1272","grado_satisfaccion":5},
{"id_venta ":"574-79-7722","grado_satisfaccion":9},
{"id_venta ":"537-74-4999","grado_satisfaccion":9},
{"id_venta ":"722-97-3858","grado_satisfaccion":6},
{"id_venta ":"195-26-0001","grado_satisfaccion":10},
{"id_venta ":"198-55-9009","grado_satisfaccion":7},
{"id_venta ":"457-67-1464","grado_satisfaccion":8},
{"id_venta ":"103-26-9452","grado_satisfaccion":1},
{"id_venta ":"183-22-2597","grado_satisfaccion":10},
{"id_venta ":"217-25-3659","grado_satisfaccion":5},
{"id_venta ":"470-58-0654","grado_satisfaccion":1},
{"id_venta ":"236-58-5597","grado_satisfaccion":4},
{"id_venta ":"225-76-3201","grado_satisfaccion":9},
{"id_venta ":"408-94-5261","grado_satisfaccion":6},
{"id_venta ":"187-46-3392","grado_satisfaccion":3},
{"id_venta ":"125-84-8565","grado_satisfaccion":4},
{"id_venta ":"106-62-5059","grado_satisfaccion":4},
{"id_venta ":"228-47-0579","grado_satisfaccion":5},
{"id_venta ":"125-74-0006","grado_satisfaccion":8},
{"id_venta ":"781-75-4552","grado_satisfaccion":10},
{"id_venta ":"515-78-2137","grado_satisfaccion":9},
{"id_venta ":"478-22-7061","grado_satisfaccion":9},
{"id_venta ":"758-23-4456","grado_satisfaccion":2},
{"id_venta ":"304-24-3252","grado_satisfaccion":5},
{"id_venta ":"676-56-9426","grado_satisfaccion":5},
{"id_venta ":"322-82-2522","grado_satisfaccion":2},
{"id_venta ":"125-08-1077","grado_satisfaccion":5},
{"id_venta ":"496-01-2961","grado_satisfaccion":6},
{"id_venta ":"109-32-8258","grado_satisfaccion":4},
{"id_venta ":"571-68-2420","grado_satisfaccion":4},
{"id_venta ":"683-40-0648","grado_satisfaccion":2},
{"id_venta ":"134-86-1258","grado_satisfaccion":10},
{"id_venta ":"527-90-8437","grado_satisfaccion":6},
{"id_venta ":"255-32-7705","grado_satisfaccion":6},
{"id_venta ":"328-67-3912","grado_satisfaccion":8},
{"id_venta ":"253-04-6191","grado_satisfaccion":4},
{"id_venta ":"639-52-6176","grado_satisfaccion":9},
{"id_venta ":"514-84-5357","grado_satisfaccion":3},
{"id_venta ":"324-79-1015","grado_satisfaccion":8},
{"id_venta ":"649-30-6530","grado_satisfaccion":5},
{"id_venta ":"652-59-4750","grado_satisfaccion":2},
{"id_venta ":"498-45-0092","grado_satisfaccion":1},
{"id_venta ":"162-95-9625","grado_satisfaccion":8},
{"id_venta ":"542-12-0078","grado_satisfaccion":10},
{"id_venta ":"547-34-4788","grado_satisfaccion":9},
{"id_venta ":"804-33-8165","grado_satisfaccion":1},
{"id_venta ":"186-90-3117","grado_satisfaccion":4},
{"id_venta ":"560-98-3895","grado_satisfaccion":1},
{"id_venta ":"851-09-5592","grado_satisfaccion":7},
{"id_venta ":"883-98-0708","grado_satisfaccion":7},
{"id_venta ":"760-84-5484","grado_satisfaccion":2},
{"id_venta ":"438-42-7745","grado_satisfaccion":5},
{"id_venta ":"798-25-1733","grado_satisfaccion":8},
{"id_venta ":"569-56-4126","grado_satisfaccion":1},
{"id_venta ":"488-30-3444","grado_satisfaccion":7},
{"id_venta ":"878-04-4743","grado_satisfaccion":3},
{"id_venta ":"598-99-5781","grado_satisfaccion":7},
{"id_venta ":"327-07-0125","grado_satisfaccion":8},
{"id_venta ":"169-91-3388","grado_satisfaccion":8},
{"id_venta ":"610-34-3395","grado_satisfaccion":6},
{"id_venta ":"146-72-4189","grado_satisfaccion":3},
{"id_venta ":"162-03-1586","grado_satisfaccion":10},
{"id_venta ":"332-26-8626","grado_satisfaccion":3},
{"id_venta ":"170-23-2574","grado_satisfaccion":10},
{"id_venta ":"241-08-7325","grado_satisfaccion":5},
{"id_venta ":"440-07-0058","grado_satisfaccion":8},
{"id_venta ":"789-14-7249","grado_satisfaccion":4},
{"id_venta ":"833-21-8647","grado_satisfaccion":6},
{"id_venta ":"281-69-5647","grado_satisfaccion":10},
{"id_venta ":"585-85-3109","grado_satisfaccion":2},
{"id_venta ":"568-52-7635","grado_satisfaccion":8},
{"id_venta ":"212-22-1010","grado_satisfaccion":1},
{"id_venta ":"452-27-5177","grado_satisfaccion":6},
{"id_venta ":"823-22-2606","grado_satisfaccion":6},
{"id_venta ":"306-34-5260","grado_satisfaccion":2},
{"id_venta ":"634-63-6054","grado_satisfaccion":2},
{"id_venta ":"485-31-7271","grado_satisfaccion":1},
{"id_venta ":"588-93-6612","grado_satisfaccion":9},
{"id_venta ":"373-24-8825","grado_satisfaccion":9},
{"id_venta ":"349-73-6076","grado_satisfaccion":1},
{"id_venta ":"218-68-7782","grado_satisfaccion":10},
{"id_venta ":"683-34-3916","grado_satisfaccion":3},
{"id_venta ":"549-37-9935","grado_satisfaccion":4},
{"id_venta ":"875-83-5063","grado_satisfaccion":4},
{"id_venta ":"333-81-5985","grado_satisfaccion":1},
{"id_venta ":"703-65-1371","grado_satisfaccion":1},
{"id_venta ":"367-96-5014","grado_satisfaccion":5},
{"id_venta ":"726-12-6984","grado_satisfaccion":7},
{"id_venta ":"326-89-1370","grado_satisfaccion":10},
{"id_venta ":"826-84-7200","grado_satisfaccion":3},
{"id_venta ":"567-08-0947","grado_satisfaccion":10},
{"id_venta ":"733-36-1566","grado_satisfaccion":6},
{"id_venta ":"461-80-4700","grado_satisfaccion":10},
{"id_venta ":"740-77-7601","grado_satisfaccion":5},
{"id_venta ":"878-39-3455","grado_satisfaccion":9},
{"id_venta ":"684-33-0034","grado_satisfaccion":10},
{"id_venta ":"317-13-9167","grado_satisfaccion":1},
{"id_venta ":"182-28-3585","grado_satisfaccion":7},
{"id_venta ":"765-96-0216","grado_satisfaccion":6},
{"id_venta ":"292-20-6946","grado_satisfaccion":1},
{"id_venta ":"438-83-2749","grado_satisfaccion":4},
{"id_venta ":"846-72-9254","grado_satisfaccion":8},
{"id_venta ":"862-43-7414","grado_satisfaccion":2},
{"id_venta ":"222-27-8864","grado_satisfaccion":5},
{"id_venta ":"475-67-8620","grado_satisfaccion":8},
{"id_venta ":"747-03-0379","grado_satisfaccion":7},
{"id_venta ":"200-19-4971","grado_satisfaccion":7},
{"id_venta ":"428-02-0324","grado_satisfaccion":2},
{"id_venta ":"167-53-2102","grado_satisfaccion":1},
{"id_venta ":"825-40-8297","grado_satisfaccion":2},
{"id_venta ":"198-52-8361","grado_satisfaccion":1},
{"id_venta ":"423-07-5274","grado_satisfaccion":10},
{"id_venta ":"261-47-3622","grado_satisfaccion":4},
{"id_venta ":"606-62-0133","grado_satisfaccion":6},
{"id_venta ":"806-82-0933","grado_satisfaccion":10},
{"id_venta ":"208-09-1691","grado_satisfaccion":1},
{"id_venta ":"318-94-8452","grado_satisfaccion":10},
{"id_venta ":"308-58-2802","grado_satisfaccion":8},
{"id_venta ":"764-21-7751","grado_satisfaccion":6},
{"id_venta ":"152-32-4402","grado_satisfaccion":3},
{"id_venta ":"659-74-6787","grado_satisfaccion":7},
{"id_venta ":"857-95-2267","grado_satisfaccion":5},
{"id_venta ":"842-16-4471","grado_satisfaccion":3},
{"id_venta ":"675-30-7397","grado_satisfaccion":9},
{"id_venta ":"517-21-7948","grado_satisfaccion":3},
{"id_venta ":"751-77-1587","grado_satisfaccion":9},
{"id_venta ":"520-98-4971","grado_satisfaccion":4},
{"id_venta ":"315-15-9809","grado_satisfaccion":5},
{"id_venta ":"354-91-6577","grado_satisfaccion":6},
{"id_venta ":"729-76-7742","grado_satisfaccion":2},
{"id_venta ":"513-63-3558","grado_satisfaccion":2},
{"id_venta ":"419-64-8898","grado_satisfaccion":5},
{"id_venta ":"764-94-3992","grado_satisfaccion":5},
{"id_venta ":"655-57-3244","grado_satisfaccion":9},
{"id_venta ":"880-58-8025","grado_satisfaccion":4},
{"id_venta ":"372-83-8040","grado_satisfaccion":3},
{"id_venta ":"294-78-2585","grado_satisfaccion":8},
{"id_venta ":"700-96-4981","grado_satisfaccion":5},
{"id_venta ":"620-59-5011","grado_satisfaccion":9},
{"id_venta ":"150-15-3422","grado_satisfaccion":10},
{"id_venta ":"253-36-9539","grado_satisfaccion":4},
{"id_venta ":"510-84-9478","grado_satisfaccion":6},
{"id_venta ":"742-34-4208","grado_satisfaccion":4},
{"id_venta ":"864-05-1287","grado_satisfaccion":8},
{"id_venta ":"402-80-3798","grado_satisfaccion":9},
{"id_venta ":"582-25-4475","grado_satisfaccion":9},
{"id_venta ":"543-54-3898","grado_satisfaccion":3},
{"id_venta ":"812-54-1982","grado_satisfaccion":2},
{"id_venta ":"518-77-0521","grado_satisfaccion":7},
{"id_venta ":"364-67-2258","grado_satisfaccion":1},
{"id_venta ":"257-18-7819","grado_satisfaccion":1},
{"id_venta ":"853-50-1092","grado_satisfaccion":3},
{"id_venta ":"223-76-6735","grado_satisfaccion":3},
{"id_venta ":"336-24-0660","grado_satisfaccion":4},
{"id_venta ":"327-02-6503","grado_satisfaccion":7},
{"id_venta ":"605-99-5583","grado_satisfaccion":6},
{"id_venta ":"462-23-8585","grado_satisfaccion":10},
{"id_venta ":"343-07-5683","grado_satisfaccion":9},
{"id_venta ":"160-63-9555","grado_satisfaccion":1},
{"id_venta ":"260-08-8903","grado_satisfaccion":8},
{"id_venta ":"764-81-7102","grado_satisfaccion":3},
{"id_venta ":"700-77-6282","grado_satisfaccion":9},
{"id_venta ":"821-68-8965","grado_satisfaccion":8},
{"id_venta ":"776-76-6607","grado_satisfaccion":9},
{"id_venta ":"722-27-4113","grado_satisfaccion":9},
{"id_venta ":"469-43-4409","grado_satisfaccion":4},
{"id_venta ":"418-94-8704","grado_satisfaccion":10},
{"id_venta ":"714-62-5932","grado_satisfaccion":6},
{"id_venta ":"449-23-8910","grado_satisfaccion":5},
{"id_venta ":"629-66-1881","grado_satisfaccion":8},
{"id_venta ":"327-52-5404","grado_satisfaccion":8},
{"id_venta ":"811-22-3084","grado_satisfaccion":8},
{"id_venta ":"163-49-9697","grado_satisfaccion":7},
{"id_venta ":"778-90-8653","grado_satisfaccion":5},
{"id_venta ":"886-76-7278","grado_satisfaccion":2},
{"id_venta ":"673-24-7303","grado_satisfaccion":4},
{"id_venta ":"211-82-3232","grado_satisfaccion":4},
{"id_venta ":"599-67-3644","grado_satisfaccion":7},
{"id_venta ":"266-64-3440","grado_satisfaccion":2},
{"id_venta ":"640-30-5602","grado_satisfaccion":2},
{"id_venta ":"488-85-0239","grado_satisfaccion":6},
{"id_venta ":"846-04-1500","grado_satisfaccion":6},
{"id_venta ":"840-25-4779","grado_satisfaccion":4},
{"id_venta ":"221-91-5046","grado_satisfaccion":8},
{"id_venta ":"807-17-6189","grado_satisfaccion":3},
{"id_venta ":"139-89-8908","grado_satisfaccion":4},
{"id_venta ":"122-15-9354","grado_satisfaccion":2},
{"id_venta ":"499-23-2647","grado_satisfaccion":1},
{"id_venta ":"337-30-9488","grado_satisfaccion":7},
{"id_venta ":"792-67-1925","grado_satisfaccion":2},
{"id_venta ":"451-95-9125","grado_satisfaccion":7},
{"id_venta ":"511-57-7816","grado_satisfaccion":3},
{"id_venta ":"551-50-8334","grado_satisfaccion":4},
{"id_venta ":"291-20-7211","grado_satisfaccion":8},
{"id_venta ":"199-56-8210","grado_satisfaccion":10},
{"id_venta ":"195-47-4413","grado_satisfaccion":9},
{"id_venta ":"508-27-7642","grado_satisfaccion":2},
{"id_venta ":"618-90-2909","grado_satisfaccion":6},
{"id_venta ":"542-43-7906","grado_satisfaccion":8},
{"id_venta ":"272-17-2249","grado_satisfaccion":1},
{"id_venta ":"234-57-2187","grado_satisfaccion":2},
{"id_venta ":"179-43-3126","grado_satisfaccion":3},
{"id_venta ":"287-15-0347","grado_satisfaccion":2},
{"id_venta ":"222-90-0522","grado_satisfaccion":4},
{"id_venta ":"572-18-5714","grado_satisfaccion":4},
{"id_venta ":"805-37-1307","grado_satisfaccion":10},
{"id_venta ":"727-94-3931","grado_satisfaccion":2},
{"id_venta ":"304-49-9014","grado_satisfaccion":2},
{"id_venta ":"555-76-8981","grado_satisfaccion":2},
{"id_venta ":"260-45-3046","grado_satisfaccion":3},
{"id_venta ":"176-55-0244","grado_satisfaccion":7},
{"id_venta ":"133-64-4196","grado_satisfaccion":1},
{"id_venta ":"204-21-6551","grado_satisfaccion":5},
{"id_venta ":"407-37-6923","grado_satisfaccion":6},
{"id_venta ":"199-76-1867","grado_satisfaccion":5},
{"id_venta ":"318-66-5482","grado_satisfaccion":10},
{"id_venta ":"601-80-3239","grado_satisfaccion":9},
{"id_venta ":"463-80-9971","grado_satisfaccion":5},
{"id_venta ":"309-54-7225","grado_satisfaccion":10},
{"id_venta ":"662-49-6229","grado_satisfaccion":8},
{"id_venta ":"420-07-7191","grado_satisfaccion":7},
{"id_venta ":"782-80-9728","grado_satisfaccion":1},
{"id_venta ":"597-39-7059","grado_satisfaccion":6},
{"id_venta ":"351-63-6936","grado_satisfaccion":5},
{"id_venta ":"321-48-4025","grado_satisfaccion":1},
{"id_venta ":"499-94-6462","grado_satisfaccion":9},
{"id_venta ":"846-60-5567","grado_satisfaccion":1},
{"id_venta ":"289-27-1491","grado_satisfaccion":5},
{"id_venta ":"494-32-2033","grado_satisfaccion":10},
{"id_venta ":"413-57-4486","grado_satisfaccion":9},
{"id_venta ":"662-27-4948","grado_satisfaccion":3},
{"id_venta ":"113-15-1327","grado_satisfaccion":2},
{"id_venta ":"546-58-0726","grado_satisfaccion":9},
{"id_venta ":"253-61-8415","grado_satisfaccion":9},
{"id_venta ":"852-25-0383","grado_satisfaccion":5},
{"id_venta ":"289-16-7210","grado_satisfaccion":5},
{"id_venta ":"683-95-8453","grado_satisfaccion":7},
{"id_venta ":"890-84-6469","grado_satisfaccion":8},
{"id_venta ":"217-21-7906","grado_satisfaccion":9},
{"id_venta ":"445-91-9810","grado_satisfaccion":5},
{"id_venta ":"765-80-9585","grado_satisfaccion":5},
{"id_venta ":"830-64-4182","grado_satisfaccion":2},
{"id_venta ":"720-84-3450","grado_satisfaccion":5},
{"id_venta ":"804-77-6445","grado_satisfaccion":3},
{"id_venta ":"274-04-6397","grado_satisfaccion":9},
{"id_venta ":"856-80-0019","grado_satisfaccion":1},
{"id_venta ":"123-50-8705","grado_satisfaccion":6},
{"id_venta ":"664-81-9886","grado_satisfaccion":7},
{"id_venta ":"138-03-9560","grado_satisfaccion":3},
{"id_venta ":"733-22-9515","grado_satisfaccion":9},
{"id_venta ":"724-04-1420","grado_satisfaccion":9},
{"id_venta ":"752-69-5778","grado_satisfaccion":9},
{"id_venta ":"686-81-0633","grado_satisfaccion":10},
{"id_venta ":"286-66-9612","grado_satisfaccion":2},
{"id_venta ":"379-91-4893","grado_satisfaccion":5},
{"id_venta ":"158-70-9428","grado_satisfaccion":10},
{"id_venta ":"535-20-9706","grado_satisfaccion":8},
{"id_venta ":"636-29-4241","grado_satisfaccion":9},
{"id_venta ":"583-77-2225","grado_satisfaccion":3},
{"id_venta ":"878-74-0181","grado_satisfaccion":1},
{"id_venta ":"422-61-1166","grado_satisfaccion":10},
{"id_venta ":"123-35-6220","grado_satisfaccion":7},
{"id_venta ":"252-56-7997","grado_satisfaccion":8},
{"id_venta ":"287-71-4369","grado_satisfaccion":5},
{"id_venta ":"694-39-4474","grado_satisfaccion":5},
{"id_venta ":"404-67-8941","grado_satisfaccion":2},
{"id_venta ":"209-17-1697","grado_satisfaccion":7},
{"id_venta ":"893-39-9012","grado_satisfaccion":5},
{"id_venta ":"137-02-0593","grado_satisfaccion":2},
{"id_venta ":"491-36-7108","grado_satisfaccion":6},
{"id_venta ":"106-51-9054","grado_satisfaccion":4},
{"id_venta ":"654-03-6414","grado_satisfaccion":2},
{"id_venta ":"361-79-9428","grado_satisfaccion":5},
{"id_venta ":"780-81-6245","grado_satisfaccion":9},
{"id_venta ":"735-85-4442","grado_satisfaccion":5},
{"id_venta ":"677-77-8967","grado_satisfaccion":1},
{"id_venta ":"644-82-9038","grado_satisfaccion":7},
{"id_venta ":"896-96-4283","grado_satisfaccion":1},
{"id_venta ":"710-34-3537","grado_satisfaccion":10},
{"id_venta ":"251-96-8152","grado_satisfaccion":4},
{"id_venta ":"400-87-3699","grado_satisfaccion":7},
{"id_venta ":"154-18-3538","grado_satisfaccion":2},
{"id_venta ":"555-65-8283","grado_satisfaccion":7},
{"id_venta ":"229-66-3319","grado_satisfaccion":10},
{"id_venta ":"500-41-4437","grado_satisfaccion":8},
{"id_venta ":"213-10-6667","grado_satisfaccion":10},
{"id_venta ":"374-81-9061","grado_satisfaccion":3},
{"id_venta ":"879-17-9691","grado_satisfaccion":2},
{"id_venta ":"371-27-8812","grado_satisfaccion":6},
{"id_venta ":"589-05-7445","grado_satisfaccion":6},
{"id_venta ":"127-36-5051","grado_satisfaccion":3},
{"id_venta ":"165-23-2245","grado_satisfaccion":6},
{"id_venta ":"829-02-5246","grado_satisfaccion":1},
{"id_venta ":"467-89-1739","grado_satisfaccion":6},
{"id_venta ":"326-59-4224","grado_satisfaccion":2},
{"id_venta ":"723-19-6844","grado_satisfaccion":4},
{"id_venta ":"462-42-5505","grado_satisfaccion":6},
{"id_venta ":"628-78-9378","grado_satisfaccion":10},
{"id_venta ":"403-23-0447","grado_satisfaccion":1},
{"id_venta ":"848-08-6070","grado_satisfaccion":10},
{"id_venta ":"673-09-0637","grado_satisfaccion":4},
{"id_venta ":"705-32-6698","grado_satisfaccion":5},
{"id_venta ":"286-32-2572","grado_satisfaccion":4},
{"id_venta ":"301-85-3142","grado_satisfaccion":9},
{"id_venta ":"452-96-6308","grado_satisfaccion":8},
{"id_venta ":"714-83-2619","grado_satisfaccion":2},
{"id_venta ":"298-85-5805","grado_satisfaccion":10},
{"id_venta ":"156-61-8630","grado_satisfaccion":4},
{"id_venta ":"172-84-4225","grado_satisfaccion":8},
{"id_venta ":"793-09-7505","grado_satisfaccion":3},
{"id_venta ":"404-65-4302","grado_satisfaccion":7},
{"id_venta ":"286-62-0255","grado_satisfaccion":9},
{"id_venta ":"351-52-8097","grado_satisfaccion":3},
{"id_venta ":"386-96-8181","grado_satisfaccion":3},
{"id_venta ":"254-76-7961","grado_satisfaccion":6},
{"id_venta ":"414-49-1035","grado_satisfaccion":7},
{"id_venta ":"792-92-1889","grado_satisfaccion":10},
{"id_venta ":"115-80-8658","grado_satisfaccion":3},
{"id_venta ":"896-33-7632","grado_satisfaccion":4},
{"id_venta ":"292-56-5938","grado_satisfaccion":3},
{"id_venta ":"766-50-3360","grado_satisfaccion":4},
{"id_venta ":"227-65-3194","grado_satisfaccion":10},
{"id_venta ":"447-39-3306","grado_satisfaccion":10},
{"id_venta ":"887-15-0734","grado_satisfaccion":7},
{"id_venta ":"623-86-8229","grado_satisfaccion":1},
{"id_venta ":"167-14-3725","grado_satisfaccion":6},
{"id_venta ":"325-46-6757","grado_satisfaccion":4},
{"id_venta ":"508-30-2112","grado_satisfaccion":9},
{"id_venta ":"818-71-9655","grado_satisfaccion":4},
{"id_venta ":"249-70-5968","grado_satisfaccion":1},
{"id_venta ":"516-37-7467","grado_satisfaccion":10},
{"id_venta ":"156-72-3912","grado_satisfaccion":1},
{"id_venta ":"323-83-5638","grado_satisfaccion":3},
{"id_venta ":"190-95-3430","grado_satisfaccion":1},
{"id_venta ":"585-72-7048","grado_satisfaccion":4},
{"id_venta ":"628-97-1281","grado_satisfaccion":10},
{"id_venta ":"647-17-5873","grado_satisfaccion":2},
{"id_venta ":"802-25-4049","grado_satisfaccion":6},
{"id_venta ":"795-24-4990","grado_satisfaccion":10},
{"id_venta ":"500-82-2482","grado_satisfaccion":7},
{"id_venta ":"493-84-7884","grado_satisfaccion":6},
{"id_venta ":"207-83-0991","grado_satisfaccion":10},
{"id_venta ":"843-03-4116","grado_satisfaccion":4},
{"id_venta ":"883-05-0859","grado_satisfaccion":6},
{"id_venta ":"104-28-7699","grado_satisfaccion":2},
{"id_venta ":"525-48-9088","grado_satisfaccion":7},
{"id_venta ":"883-95-0627","grado_satisfaccion":2},
{"id_venta ":"136-75-5936","grado_satisfaccion":5},
{"id_venta ":"440-40-5784","grado_satisfaccion":7},
{"id_venta ":"894-85-0257","grado_satisfaccion":5},
{"id_venta ":"187-96-8527","grado_satisfaccion":5},
{"id_venta ":"368-50-3487","grado_satisfaccion":10},
{"id_venta ":"525-85-9568","grado_satisfaccion":10},
{"id_venta ":"217-85-1202","grado_satisfaccion":5},
{"id_venta ":"621-58-8259","grado_satisfaccion":6},
{"id_venta ":"888-79-6717","grado_satisfaccion":7},
{"id_venta ":"665-91-0396","grado_satisfaccion":10},
{"id_venta ":"360-75-3507","grado_satisfaccion":1},
{"id_venta ":"579-73-9731","grado_satisfaccion":6},
{"id_venta ":"314-54-4281","grado_satisfaccion":9},
{"id_venta ":"427-56-9117","grado_satisfaccion":2},
{"id_venta ":"549-47-4120","grado_satisfaccion":9},
{"id_venta ":"791-38-8591","grado_satisfaccion":8},
{"id_venta ":"263-53-1769","grado_satisfaccion":6},
{"id_venta ":"782-32-7229","grado_satisfaccion":3},
{"id_venta ":"528-44-2863","grado_satisfaccion":9},
{"id_venta ":"195-38-5651","grado_satisfaccion":9},
{"id_venta ":"232-18-3657","grado_satisfaccion":10},
{"id_venta ":"849-84-9925","grado_satisfaccion":10},
{"id_venta ":"761-82-3152","grado_satisfaccion":6},
{"id_venta ":"808-59-9626","grado_satisfaccion":5},
{"id_venta ":"219-64-5005","grado_satisfaccion":4},
{"id_venta ":"688-99-7968","grado_satisfaccion":8},
{"id_venta ":"775-22-7581","grado_satisfaccion":1},
{"id_venta ":"727-45-1602","grado_satisfaccion":8},
{"id_venta ":"255-23-0541","grado_satisfaccion":3},
{"id_venta ":"630-72-3849","grado_satisfaccion":5},
{"id_venta ":"486-54-6499","grado_satisfaccion":4},
{"id_venta ":"625-46-7023","grado_satisfaccion":7},
{"id_venta ":"662-48-8789","grado_satisfaccion":4},
{"id_venta ":"843-93-1431","grado_satisfaccion":7},
{"id_venta ":"402-81-1696","grado_satisfaccion":7},
{"id_venta ":"622-12-8030","grado_satisfaccion":9},
{"id_venta ":"132-76-4090","grado_satisfaccion":3},
{"id_venta ":"113-81-2036","grado_satisfaccion":10},
{"id_venta ":"147-94-8350","grado_satisfaccion":10},
{"id_venta ":"291-20-3796","grado_satisfaccion":10},
{"id_venta ":"896-35-6065","grado_satisfaccion":2},
{"id_venta ":"686-04-5230","grado_satisfaccion":7},
{"id_venta ":"869-36-3753","grado_satisfaccion":10},
{"id_venta ":"497-24-1136","grado_satisfaccion":9},
{"id_venta ":"786-27-5935","grado_satisfaccion":3},
{"id_venta ":"221-18-0612","grado_satisfaccion":8},
{"id_venta ":"633-66-7881","grado_satisfaccion":1},
{"id_venta ":"516-88-8528","grado_satisfaccion":7},
{"id_venta ":"603-40-2117","grado_satisfaccion":3},
{"id_venta ":"553-57-2807","grado_satisfaccion":3},
{"id_venta ":"379-13-7346","grado_satisfaccion":3},
{"id_venta ":"202-04-0589","grado_satisfaccion":9},
{"id_venta ":"725-70-6052","grado_satisfaccion":6},
{"id_venta ":"825-70-7868","grado_satisfaccion":4},
{"id_venta ":"110-67-5657","grado_satisfaccion":6},
{"id_venta ":"715-58-1843","grado_satisfaccion":8},
{"id_venta ":"204-27-6662","grado_satisfaccion":6},
{"id_venta ":"760-24-3892","grado_satisfaccion":8},
{"id_venta ":"131-34-2059","grado_satisfaccion":5},
{"id_venta ":"434-23-9504","grado_satisfaccion":7},
{"id_venta ":"125-78-9773","grado_satisfaccion":6},
{"id_venta ":"184-90-5010","grado_satisfaccion":6},
{"id_venta ":"506-80-4245","grado_satisfaccion":1},
{"id_venta ":"492-48-9034","grado_satisfaccion":9},
{"id_venta ":"189-73-0578","grado_satisfaccion":4},
{"id_venta ":"191-86-4940","grado_satisfaccion":6},
{"id_venta ":"539-98-1240","grado_satisfaccion":9},
{"id_venta ":"845-20-7570","grado_satisfaccion":6},
{"id_venta ":"842-83-1959","grado_satisfaccion":2},
{"id_venta ":"205-02-0646","grado_satisfaccion":10},
{"id_venta ":"311-14-3873","grado_satisfaccion":1},
{"id_venta ":"237-09-0582","grado_satisfaccion":5},
{"id_venta ":"895-30-4525","grado_satisfaccion":1},
{"id_venta ":"765-31-4650","grado_satisfaccion":5},
{"id_venta ":"811-98-5394","grado_satisfaccion":6},
{"id_venta ":"873-28-2135","grado_satisfaccion":3},
{"id_venta ":"629-66-9290","grado_satisfaccion":10},
{"id_venta ":"430-85-5068","grado_satisfaccion":7},
{"id_venta ":"108-39-3868","grado_satisfaccion":10},
{"id_venta ":"878-79-2698","grado_satisfaccion":2},
{"id_venta ":"618-50-4117","grado_satisfaccion":3},
{"id_venta ":"684-69-8851","grado_satisfaccion":6},
{"id_venta ":"789-44-3421","grado_satisfaccion":1},
{"id_venta ":"815-24-1752","grado_satisfaccion":10},
{"id_venta ":"502-74-1794","grado_satisfaccion":1},
{"id_venta ":"197-84-5703","grado_satisfaccion":8},
{"id_venta ":"560-22-6247","grado_satisfaccion":4},
{"id_venta ":"689-38-5224","grado_satisfaccion":2},
{"id_venta ":"252-43-0771","grado_satisfaccion":8},
{"id_venta ":"173-29-2269","grado_satisfaccion":6},
{"id_venta ":"724-24-2547","grado_satisfaccion":3},
{"id_venta ":"708-02-7598","grado_satisfaccion":2},
{"id_venta ":"351-90-9214","grado_satisfaccion":4},
{"id_venta ":"467-57-4790","grado_satisfaccion":2},
{"id_venta ":"369-16-9355","grado_satisfaccion":8},
{"id_venta ":"304-84-6389","grado_satisfaccion":2},
{"id_venta ":"872-40-9321","grado_satisfaccion":8},
{"id_venta ":"560-81-3746","grado_satisfaccion":3},
{"id_venta ":"710-72-9948","grado_satisfaccion":9},
{"id_venta ":"550-75-5925","grado_satisfaccion":4},
{"id_venta ":"647-63-5841","grado_satisfaccion":3},
{"id_venta ":"349-57-6548","grado_satisfaccion":2},
{"id_venta ":"325-25-3681","grado_satisfaccion":3},
{"id_venta ":"230-35-7946","grado_satisfaccion":3},
{"id_venta ":"413-75-5492","grado_satisfaccion":7},
{"id_venta ":"255-03-2848","grado_satisfaccion":5},
{"id_venta ":"484-53-8885","grado_satisfaccion":8},
{"id_venta ":"752-60-5840","grado_satisfaccion":10},
{"id_venta ":"774-82-1130","grado_satisfaccion":8},
{"id_venta ":"186-49-1796","grado_satisfaccion":3},
{"id_venta ":"517-88-6246","grado_satisfaccion":8},
{"id_venta ":"893-95-4617","grado_satisfaccion":4},
{"id_venta ":"324-73-6499","grado_satisfaccion":9},
{"id_venta ":"347-49-4012","grado_satisfaccion":3},
{"id_venta ":"275-11-2470","grado_satisfaccion":3},
{"id_venta ":"337-42-6385","grado_satisfaccion":3},
{"id_venta ":"337-78-0192","grado_satisfaccion":6},
{"id_venta ":"285-09-9781","grado_satisfaccion":6},
{"id_venta ":"703-23-7400","grado_satisfaccion":3},
{"id_venta ":"534-57-2368","grado_satisfaccion":5},
{"id_venta ":"424-52-2604","grado_satisfaccion":8},
{"id_venta ":"388-01-6602","grado_satisfaccion":8},
{"id_venta ":"108-19-9383","grado_satisfaccion":8},
{"id_venta ":"132-08-6615","grado_satisfaccion":6},
{"id_venta ":"579-46-2227","grado_satisfaccion":7},
{"id_venta ":"517-23-6014","grado_satisfaccion":2},
{"id_venta ":"893-04-1403","grado_satisfaccion":6},
{"id_venta ":"160-72-4874","grado_satisfaccion":10},
{"id_venta ":"490-58-3494","grado_satisfaccion":1},
{"id_venta ":"407-56-7873","grado_satisfaccion":5},
{"id_venta ":"851-39-5126","grado_satisfaccion":6},
{"id_venta ":"764-22-9097","grado_satisfaccion":2},
{"id_venta ":"846-18-2015","grado_satisfaccion":1},
{"id_venta ":"697-74-0018","grado_satisfaccion":5},
{"id_venta ":"737-40-9254","grado_satisfaccion":9},
{"id_venta ":"235-65-5145","grado_satisfaccion":4},
{"id_venta ":"121-88-8787","grado_satisfaccion":10},
{"id_venta ":"584-16-7361","grado_satisfaccion":3},
{"id_venta ":"626-92-1781","grado_satisfaccion":2},
{"id_venta ":"670-76-6688","grado_satisfaccion":6},
{"id_venta ":"544-07-7660","grado_satisfaccion":4},
{"id_venta ":"423-17-6355","grado_satisfaccion":3},
{"id_venta ":"531-64-1469","grado_satisfaccion":7},
{"id_venta ":"173-31-7739","grado_satisfaccion":1},
{"id_venta ":"674-16-1745","grado_satisfaccion":1},
{"id_venta ":"308-55-7295","grado_satisfaccion":9},
{"id_venta ":"112-26-2979","grado_satisfaccion":10},
{"id_venta ":"466-13-9963","grado_satisfaccion":2},
{"id_venta ":"617-41-4520","grado_satisfaccion":7},
{"id_venta ":"897-58-6402","grado_satisfaccion":1},
{"id_venta ":"751-34-2238","grado_satisfaccion":3},
{"id_venta ":"835-83-8726","grado_satisfaccion":6},
{"id_venta ":"446-79-1435","grado_satisfaccion":9},
{"id_venta ":"566-15-8989","grado_satisfaccion":10},
{"id_venta ":"327-75-6239","grado_satisfaccion":8},
{"id_venta ":"130-85-9942","grado_satisfaccion":5},
{"id_venta ":"879-70-6781","grado_satisfaccion":8},
{"id_venta ":"187-17-2574","grado_satisfaccion":9},
{"id_venta ":"883-77-6010","grado_satisfaccion":10},
{"id_venta ":"401-69-9304","grado_satisfaccion":6},
{"id_venta ":"381-49-5858","grado_satisfaccion":5},
{"id_venta ":"485-78-3382","grado_satisfaccion":1},
{"id_venta ":"814-46-9957","grado_satisfaccion":4},
{"id_venta ":"512-58-8326","grado_satisfaccion":2},
{"id_venta ":"762-36-5095","grado_satisfaccion":2},
{"id_venta ":"107-64-5950","grado_satisfaccion":10},
{"id_venta ":"584-77-6395","grado_satisfaccion":7},
{"id_venta ":"675-47-5316","grado_satisfaccion":7},
{"id_venta ":"754-35-9052","grado_satisfaccion":9},
{"id_venta ":"108-86-1596","grado_satisfaccion":10},
{"id_venta ":"414-43-2257","grado_satisfaccion":5},
{"id_venta ":"243-40-8868","grado_satisfaccion":10},
{"id_venta ":"590-05-2081","grado_satisfaccion":6},
{"id_venta ":"739-49-3497","grado_satisfaccion":3},
{"id_venta ":"612-52-2461","grado_satisfaccion":4},
{"id_venta ":"719-23-7212","grado_satisfaccion":3},
{"id_venta ":"555-42-6393","grado_satisfaccion":10},
{"id_venta ":"364-67-9927","grado_satisfaccion":2},
{"id_venta ":"523-68-3565","grado_satisfaccion":8},
{"id_venta ":"126-50-0049","grado_satisfaccion":10},
{"id_venta ":"484-23-2533","grado_satisfaccion":5},
{"id_venta ":"400-72-6630","grado_satisfaccion":9},
{"id_venta ":"607-35-1732","grado_satisfaccion":10},
{"id_venta ":"887-05-4981","grado_satisfaccion":2},
{"id_venta ":"674-15-4987","grado_satisfaccion":10},
{"id_venta ":"440-96-7007","grado_satisfaccion":1},
{"id_venta ":"312-72-9856","grado_satisfaccion":2},
{"id_venta ":"833-96-0688","grado_satisfaccion":9},
{"id_venta ":"179-15-0166","grado_satisfaccion":3},
{"id_venta ":"547-05-8710","grado_satisfaccion":4},
{"id_venta ":"773-50-8376","grado_satisfaccion":1},
{"id_venta ":"848-06-3293","grado_satisfaccion":6},
{"id_venta ":"714-08-0653","grado_satisfaccion":1},
{"id_venta ":"171-34-4683","grado_satisfaccion":3},
{"id_venta ":"668-89-5572","grado_satisfaccion":2},
{"id_venta ":"615-53-0395","grado_satisfaccion":1},
{"id_venta ":"358-85-3468","grado_satisfaccion":7},
{"id_venta ":"451-06-7158","grado_satisfaccion":6},
{"id_venta ":"568-81-9196","grado_satisfaccion":1},
{"id_venta ":"319-26-7234","grado_satisfaccion":8},
{"id_venta ":"761-02-1122","grado_satisfaccion":1},
{"id_venta ":"248-08-9033","grado_satisfaccion":9},
{"id_venta ":"232-41-1788","grado_satisfaccion":10},
{"id_venta ":"437-40-0366","grado_satisfaccion":6},
{"id_venta ":"471-95-3893","grado_satisfaccion":8},
{"id_venta ":"111-31-5404","grado_satisfaccion":9},
{"id_venta ":"248-04-8474","grado_satisfaccion":6},
{"id_venta ":"299-69-1109","grado_satisfaccion":7},
{"id_venta ":"334-68-4834","grado_satisfaccion":8},
{"id_venta ":"646-07-3583","grado_satisfaccion":3},
{"id_venta ":"534-34-3769","grado_satisfaccion":3},
{"id_venta ":"100-49-2350","grado_satisfaccion":4},
{"id_venta ":"415-44-0273","grado_satisfaccion":10},
{"id_venta ":"779-81-3161","grado_satisfaccion":6},
{"id_venta ":"846-94-5138","grado_satisfaccion":10},
{"id_venta ":"492-61-7210","grado_satisfaccion":7},
{"id_venta ":"204-27-2219","grado_satisfaccion":4},
{"id_venta ":"288-05-3739","grado_satisfaccion":1},
{"id_venta ":"348-55-5178","grado_satisfaccion":10},
{"id_venta ":"127-60-5805","grado_satisfaccion":7},
{"id_venta ":"265-64-9356","grado_satisfaccion":2},
{"id_venta ":"169-18-4124","grado_satisfaccion":3},
{"id_venta ":"404-14-6180","grado_satisfaccion":2},
{"id_venta ":"237-73-4002","grado_satisfaccion":4},
{"id_venta ":"264-07-5294","grado_satisfaccion":2},
{"id_venta ":"671-66-5788","grado_satisfaccion":8},
{"id_venta ":"447-08-5347","grado_satisfaccion":9},
{"id_venta ":"505-21-3845","grado_satisfaccion":1},
{"id_venta ":"650-84-0498","grado_satisfaccion":10},
{"id_venta ":"483-99-3159","grado_satisfaccion":10},
{"id_venta ":"600-77-3071","grado_satisfaccion":2},
{"id_venta ":"339-91-9233","grado_satisfaccion":4},
{"id_venta ":"430-53-4340","grado_satisfaccion":7},
{"id_venta ":"491-98-7096","grado_satisfaccion":1},
{"id_venta ":"494-75-5081","grado_satisfaccion":10},
{"id_venta ":"448-03-1438","grado_satisfaccion":3},
{"id_venta ":"763-49-6970","grado_satisfaccion":6},
{"id_venta ":"605-06-9662","grado_satisfaccion":4},
{"id_venta ":"776-98-7340","grado_satisfaccion":2},
{"id_venta ":"244-92-9801","grado_satisfaccion":6},
{"id_venta ":"426-05-7295","grado_satisfaccion":4},
{"id_venta ":"212-89-8264","grado_satisfaccion":1},
{"id_venta ":"878-36-3389","grado_satisfaccion":3},
{"id_venta ":"830-33-1079","grado_satisfaccion":5},
{"id_venta ":"652-85-2375","grado_satisfaccion":8},
{"id_venta ":"891-34-8065","grado_satisfaccion":3},
{"id_venta ":"849-04-7114","grado_satisfaccion":2},
{"id_venta ":"401-88-8969","grado_satisfaccion":1},
{"id_venta ":"757-62-2562","grado_satisfaccion":2},
{"id_venta ":"653-37-2139","grado_satisfaccion":1},
{"id_venta ":"736-30-5277","grado_satisfaccion":6},
{"id_venta ":"360-04-5486","grado_satisfaccion":7},
{"id_venta ":"154-40-7440","grado_satisfaccion":10},
{"id_venta ":"415-17-8353","grado_satisfaccion":7},
{"id_venta ":"778-31-3855","grado_satisfaccion":4},
{"id_venta ":"416-67-7174","grado_satisfaccion":6},
{"id_venta ":"330-54-3519","grado_satisfaccion":6},
{"id_venta ":"747-91-7135","grado_satisfaccion":5},
{"id_venta ":"369-84-9226","grado_satisfaccion":8},
{"id_venta ":"672-38-3845","grado_satisfaccion":9},
{"id_venta ":"104-68-8787","grado_satisfaccion":2},
{"id_venta ":"664-21-4823","grado_satisfaccion":8},
{"id_venta ":"610-50-8738","grado_satisfaccion":9},
{"id_venta ":"760-41-6944","grado_satisfaccion":1},
{"id_venta ":"122-56-0156","grado_satisfaccion":9},
{"id_venta ":"571-99-1092","grado_satisfaccion":5},
{"id_venta ":"467-63-4736","grado_satisfaccion":3},
{"id_venta ":"883-54-1664","grado_satisfaccion":1},
{"id_venta ":"574-53-6242","grado_satisfaccion":9},
{"id_venta ":"642-21-6196","grado_satisfaccion":8},
{"id_venta ":"449-63-8904","grado_satisfaccion":5},
{"id_venta ":"880-73-7041","grado_satisfaccion":1},
{"id_venta ":"529-24-1156","grado_satisfaccion":10},
{"id_venta ":"308-21-0673","grado_satisfaccion":9},
{"id_venta ":"257-69-5267","grado_satisfaccion":10},
{"id_venta ":"765-66-3678","grado_satisfaccion":6},
{"id_venta ":"273-02-6845","grado_satisfaccion":6},
{"id_venta ":"523-87-8108","grado_satisfaccion":6},
{"id_venta ":"820-55-7171","grado_satisfaccion":2},
{"id_venta ":"306-18-6371","grado_satisfaccion":5},
{"id_venta ":"158-72-1864","grado_satisfaccion":1},
{"id_venta ":"356-26-3319","grado_satisfaccion":7},
{"id_venta ":"882-60-1958","grado_satisfaccion":9},
{"id_venta ":"438-14-2636","grado_satisfaccion":1},
{"id_venta ":"290-33-8323","grado_satisfaccion":4},
{"id_venta ":"789-64-6917","grado_satisfaccion":2},
{"id_venta ":"482-06-9714","grado_satisfaccion":1},
{"id_venta ":"506-14-3016","grado_satisfaccion":1},
{"id_venta ":"845-62-4741","grado_satisfaccion":7},
{"id_venta ":"826-61-6080","grado_satisfaccion":8},
{"id_venta ":"280-64-1486","grado_satisfaccion":9},
{"id_venta ":"532-14-2642","grado_satisfaccion":9},
{"id_venta ":"404-77-7426","grado_satisfaccion":10},
{"id_venta ":"431-79-6732","grado_satisfaccion":1},
{"id_venta ":"214-60-5180","grado_satisfaccion":6},
{"id_venta ":"714-96-3305","grado_satisfaccion":4},
{"id_venta ":"585-74-3946","grado_satisfaccion":9},
{"id_venta ":"765-54-8739","grado_satisfaccion":5},
{"id_venta ":"729-08-4559","grado_satisfaccion":7},
{"id_venta ":"770-26-4919","grado_satisfaccion":7},
{"id_venta ":"550-29-1052","grado_satisfaccion":4},
{"id_venta ":"883-91-6604","grado_satisfaccion":7},
{"id_venta ":"147-60-1344","grado_satisfaccion":6},
{"id_venta ":"105-34-8507","grado_satisfaccion":5},
{"id_venta ":"387-01-1639","grado_satisfaccion":7},
{"id_venta ":"851-91-7751","grado_satisfaccion":2},
{"id_venta ":"547-26-1296","grado_satisfaccion":4},
{"id_venta ":"687-57-9570","grado_satisfaccion":8},
{"id_venta ":"562-08-5931","grado_satisfaccion":2},
{"id_venta ":"729-40-0979","grado_satisfaccion":10},
{"id_venta ":"414-57-5963","grado_satisfaccion":3},
{"id_venta ":"841-57-0594","grado_satisfaccion":10},
{"id_venta ":"499-75-5596","grado_satisfaccion":3},
{"id_venta ":"580-67-3041","grado_satisfaccion":1},
{"id_venta ":"348-41-3805","grado_satisfaccion":10},
{"id_venta ":"679-99-8557","grado_satisfaccion":7},
{"id_venta ":"376-31-9909","grado_satisfaccion":8},
{"id_venta ":"285-23-2904","grado_satisfaccion":2},
{"id_venta ":"343-42-5105","grado_satisfaccion":10},
{"id_venta ":"276-09-0428","grado_satisfaccion":8},
{"id_venta ":"515-77-2979","grado_satisfaccion":3},
{"id_venta ":"310-33-2559","grado_satisfaccion":10},
{"id_venta ":"488-31-5390","grado_satisfaccion":4},
{"id_venta ":"140-19-5758","grado_satisfaccion":10},
{"id_venta ":"772-19-1858","grado_satisfaccion":2},
{"id_venta ":"833-63-3472","grado_satisfaccion":1},
{"id_venta ":"506-29-3954","grado_satisfaccion":1},
{"id_venta ":"590-84-8130","grado_satisfaccion":3},
{"id_venta ":"261-88-0440","grado_satisfaccion":8},
{"id_venta ":"119-12-9713","grado_satisfaccion":3},
{"id_venta ":"468-40-6459","grado_satisfaccion":5},
{"id_venta ":"300-36-2517","grado_satisfaccion":8},
{"id_venta ":"336-89-7279","grado_satisfaccion":6},
{"id_venta ":"171-93-8928","grado_satisfaccion":5},
{"id_venta ":"774-52-5512","grado_satisfaccion":9},
{"id_venta ":"225-52-1609","grado_satisfaccion":3},
{"id_venta ":"472-98-8379","grado_satisfaccion":5},
{"id_venta ":"581-80-1269","grado_satisfaccion":9},
{"id_venta ":"207-62-4702","grado_satisfaccion":3},
{"id_venta ":"603-55-1275","grado_satisfaccion":9},
{"id_venta ":"397-51-8029","grado_satisfaccion":3},
{"id_venta ":"814-46-5102","grado_satisfaccion":3},
{"id_venta ":"730-46-4522","grado_satisfaccion":8},
{"id_venta ":"145-97-9953","grado_satisfaccion":10},
{"id_venta ":"704-17-6558","grado_satisfaccion":7},
{"id_venta ":"538-02-3759","grado_satisfaccion":9},
{"id_venta ":"572-57-7187","grado_satisfaccion":6},
{"id_venta ":"868-11-8100","grado_satisfaccion":3},
{"id_venta ":"529-90-2180","grado_satisfaccion":4},
{"id_venta ":"733-76-2874","grado_satisfaccion":5},
{"id_venta ":"831-14-3519","grado_satisfaccion":3},
{"id_venta ":"606-24-4685","grado_satisfaccion":6},
{"id_venta ":"891-55-0577","grado_satisfaccion":5},
{"id_venta ":"331-87-8910","grado_satisfaccion":5},
{"id_venta ":"658-18-9525","grado_satisfaccion":1},
{"id_venta ":"432-38-9846","grado_satisfaccion":3},
{"id_venta ":"561-06-1576","grado_satisfaccion":9},
{"id_venta ":"576-56-9830","grado_satisfaccion":7},
{"id_venta ":"171-50-8814","grado_satisfaccion":5},
{"id_venta ":"276-52-8842","grado_satisfaccion":4},
{"id_venta ":"867-98-2720","grado_satisfaccion":2},
{"id_venta ":"575-09-1365","grado_satisfaccion":10},
{"id_venta ":"324-12-2632","grado_satisfaccion":6},
{"id_venta ":"721-33-8387","grado_satisfaccion":8},
{"id_venta ":"445-46-2124","grado_satisfaccion":10},
{"id_venta ":"376-66-5488","grado_satisfaccion":2},
{"id_venta ":"521-74-0092","grado_satisfaccion":8},
{"id_venta ":"716-79-8761","grado_satisfaccion":8},
{"id_venta ":"422-63-8947","grado_satisfaccion":10},
{"id_venta ":"491-87-9669","grado_satisfaccion":6},
{"id_venta ":"390-31-9083","grado_satisfaccion":9},
{"id_venta ":"445-02-5500","grado_satisfaccion":5},
{"id_venta ":"165-72-4000","grado_satisfaccion":8},
{"id_venta ":"141-76-9293","grado_satisfaccion":7},
{"id_venta ":"186-62-8013","grado_satisfaccion":8},
{"id_venta ":"474-35-3001","grado_satisfaccion":4},
{"id_venta ":"668-62-3755","grado_satisfaccion":7},
{"id_venta ":"596-38-2332","grado_satisfaccion":7},
{"id_venta ":"334-99-8593","grado_satisfaccion":7},
{"id_venta ":"301-22-9261","grado_satisfaccion":2},
{"id_venta ":"129-50-4469","grado_satisfaccion":3},
{"id_venta ":"744-15-0775","grado_satisfaccion":3},
{"id_venta ":"204-03-3045","grado_satisfaccion":6},
{"id_venta ":"783-22-3879","grado_satisfaccion":3},
{"id_venta ":"586-90-2955","grado_satisfaccion":1},
{"id_venta ":"502-38-6089","grado_satisfaccion":5},
{"id_venta ":"619-10-2128","grado_satisfaccion":9},
{"id_venta ":"314-82-2797","grado_satisfaccion":2},
{"id_venta ":"193-61-4156","grado_satisfaccion":4},
{"id_venta ":"346-04-8741","grado_satisfaccion":9},
{"id_venta ":"835-45-9615","grado_satisfaccion":6},
{"id_venta ":"784-28-9684","grado_satisfaccion":6},
{"id_venta ":"818-08-3743","grado_satisfaccion":1},
{"id_venta ":"819-52-3355","grado_satisfaccion":3},
{"id_venta ":"694-39-9746","grado_satisfaccion":5},
{"id_venta ":"701-61-0962","grado_satisfaccion":6},
{"id_venta ":"256-47-1564","grado_satisfaccion":8},
{"id_venta ":"614-67-6894","grado_satisfaccion":6},
{"id_venta ":"535-55-2269","grado_satisfaccion":3},
{"id_venta ":"471-33-1147","grado_satisfaccion":10},
{"id_venta ":"440-25-9815","grado_satisfaccion":10},
{"id_venta ":"457-26-4676","grado_satisfaccion":3},
{"id_venta ":"256-96-6199","grado_satisfaccion":6},
{"id_venta ":"688-71-9198","grado_satisfaccion":7},
{"id_venta ":"422-19-8587","grado_satisfaccion":5},
{"id_venta ":"882-99-9705","grado_satisfaccion":10},
{"id_venta ":"312-87-9078","grado_satisfaccion":6},
{"id_venta ":"185-91-1755","grado_satisfaccion":7},
{"id_venta ":"101-71-8775","grado_satisfaccion":3},
{"id_venta ":"883-73-6494","grado_satisfaccion":3},
{"id_venta ":"416-67-0465","grado_satisfaccion":10},
{"id_venta ":"278-86-8504","grado_satisfaccion":2},
{"id_venta ":"468-95-2929","grado_satisfaccion":1},
{"id_venta ":"571-07-3974","grado_satisfaccion":7},
{"id_venta ":"844-78-9046","grado_satisfaccion":10},
{"id_venta ":"224-64-2025","grado_satisfaccion":10},
{"id_venta ":"100-08-7042","grado_satisfaccion":4},
{"id_venta ":"451-02-5201","grado_satisfaccion":4},
{"id_venta ":"176-90-5480","grado_satisfaccion":4},
{"id_venta ":"106-50-6189","grado_satisfaccion":8},
{"id_venta ":"231-22-8024","grado_satisfaccion":7},
{"id_venta ":"649-99-4968","grado_satisfaccion":1},
{"id_venta ":"216-05-5178","grado_satisfaccion":10},
{"id_venta ":"206-55-5999","grado_satisfaccion":5},
{"id_venta ":"280-02-1113","grado_satisfaccion":8},
{"id_venta ":"359-67-1838","grado_satisfaccion":9},
{"id_venta ":"453-23-2726","grado_satisfaccion":6},
{"id_venta ":"687-93-5388","grado_satisfaccion":2},
{"id_venta ":"642-43-7751","grado_satisfaccion":1},
{"id_venta ":"430-68-5600","grado_satisfaccion":2},
{"id_venta ":"475-92-5537","grado_satisfaccion":8},
{"id_venta ":"656-42-9914","grado_satisfaccion":2},
{"id_venta ":"879-34-3211","grado_satisfaccion":7},
{"id_venta ":"794-79-1744","grado_satisfaccion":9},
{"id_venta ":"285-52-4848","grado_satisfaccion":10},
{"id_venta ":"831-01-6511","grado_satisfaccion":7},
{"id_venta ":"498-07-1811","grado_satisfaccion":6},
{"id_venta ":"470-06-8224","grado_satisfaccion":1},
{"id_venta ":"819-41-9480","grado_satisfaccion":9},
{"id_venta ":"353-88-2535","grado_satisfaccion":5},
{"id_venta ":"661-57-3019","grado_satisfaccion":2},
{"id_venta ":"455-88-2214","grado_satisfaccion":3},
{"id_venta ":"634-69-2092","grado_satisfaccion":10},
{"id_venta ":"790-34-1930","grado_satisfaccion":1},
{"id_venta ":"154-02-4959","grado_satisfaccion":2},
{"id_venta ":"425-05-0124","grado_satisfaccion":10},
{"id_venta ":"698-66-2980","grado_satisfaccion":4},
{"id_venta ":"709-35-8902","grado_satisfaccion":3},
{"id_venta ":"122-87-9027","grado_satisfaccion":1},
{"id_venta ":"756-54-8915","grado_satisfaccion":5},
{"id_venta ":"585-40-6303","grado_satisfaccion":2},
{"id_venta ":"275-70-9109","grado_satisfaccion":9},
{"id_venta ":"892-80-3985","grado_satisfaccion":4},
{"id_venta ":"893-82-1407","grado_satisfaccion":9},
{"id_venta ":"775-80-4817","grado_satisfaccion":5},
{"id_venta ":"113-32-5332","grado_satisfaccion":1},
{"id_venta ":"133-47-5583","grado_satisfaccion":4},
{"id_venta ":"665-81-9031","grado_satisfaccion":10},
{"id_venta ":"191-49-0236","grado_satisfaccion":8},
{"id_venta ":"639-64-9737","grado_satisfaccion":5},
{"id_venta ":"435-23-1420","grado_satisfaccion":4},
{"id_venta ":"552-25-8064","grado_satisfaccion":6},
{"id_venta ":"437-92-7796","grado_satisfaccion":5},
{"id_venta ":"514-17-0586","grado_satisfaccion":6},
{"id_venta ":"172-10-1878","grado_satisfaccion":3},
{"id_venta ":"256-77-7441","grado_satisfaccion":7},
{"id_venta ":"514-07-0117","grado_satisfaccion":8},
{"id_venta ":"291-03-5423","grado_satisfaccion":10},
{"id_venta ":"874-80-2813","grado_satisfaccion":9},
{"id_venta ":"398-86-7211","grado_satisfaccion":10},
{"id_venta ":"119-29-9824","grado_satisfaccion":10},
{"id_venta ":"535-92-0656","grado_satisfaccion":10},
{"id_venta ":"567-03-9084","grado_satisfaccion":7},
{"id_venta ":"308-86-9197","grado_satisfaccion":1},
{"id_venta ":"800-18-5909","grado_satisfaccion":5},
{"id_venta ":"694-39-7817","grado_satisfaccion":4},
{"id_venta ":"801-71-4155","grado_satisfaccion":6},
{"id_venta ":"808-59-8158","grado_satisfaccion":7},
{"id_venta ":"302-13-1450","grado_satisfaccion":6},
{"id_venta ":"793-97-8615","grado_satisfaccion":9},
{"id_venta ":"755-27-5347","grado_satisfaccion":1},
{"id_venta ":"228-87-3866","grado_satisfaccion":9},
{"id_venta ":"877-65-9668","grado_satisfaccion":8},
{"id_venta ":"728-68-3414","grado_satisfaccion":2},
{"id_venta ":"487-67-1068","grado_satisfaccion":2},
{"id_venta ":"671-22-9489","grado_satisfaccion":3},
{"id_venta ":"526-40-1953","grado_satisfaccion":9},
{"id_venta ":"166-76-2686","grado_satisfaccion":1},
{"id_venta ":"205-23-4125","grado_satisfaccion":1},
{"id_venta ":"689-77-2428","grado_satisfaccion":9},
{"id_venta ":"715-74-8498","grado_satisfaccion":7},
{"id_venta ":"899-16-8771","grado_satisfaccion":7},
{"id_venta ":"553-33-1623","grado_satisfaccion":2},
{"id_venta ":"289-44-6226","grado_satisfaccion":6},
{"id_venta ":"241-30-2217","grado_satisfaccion":10},
{"id_venta ":"510-88-2229","grado_satisfaccion":8},
{"id_venta ":"576-60-5327","grado_satisfaccion":1},
{"id_venta ":"775-84-3426","grado_satisfaccion":6},
{"id_venta ":"848-30-4951","grado_satisfaccion":9},
{"id_venta ":"269-49-1122","grado_satisfaccion":4},
{"id_venta ":"526-12-0063","grado_satisfaccion":6},
{"id_venta ":"187-26-9268","grado_satisfaccion":4},
{"id_venta ":"542-70-4035","grado_satisfaccion":5},
{"id_venta ":"282-48-5328","grado_satisfaccion":5},
{"id_venta ":"830-87-9221","grado_satisfaccion":3},
{"id_venta ":"673-32-9658","grado_satisfaccion":1},
{"id_venta ":"223-93-2671","grado_satisfaccion":6},
{"id_venta ":"181-15-4799","grado_satisfaccion":6},
{"id_venta ":"161-01-3396","grado_satisfaccion":10},
{"id_venta ":"342-09-7439","grado_satisfaccion":10},
{"id_venta ":"193-82-5410","grado_satisfaccion":9},
{"id_venta ":"274-04-0804","grado_satisfaccion":1},
{"id_venta ":"665-17-6826","grado_satisfaccion":1},
{"id_venta ":"805-11-8964","grado_satisfaccion":9},
{"id_venta ":"804-02-3080","grado_satisfaccion":10},
{"id_venta ":"347-15-1359","grado_satisfaccion":10},
{"id_venta ":"388-08-2580","grado_satisfaccion":1},
{"id_venta ":"372-56-9017","grado_satisfaccion":10},
{"id_venta ":"320-61-3560","grado_satisfaccion":5},
{"id_venta ":"157-93-8389","grado_satisfaccion":3},
{"id_venta ":"199-48-8153","grado_satisfaccion":3},
{"id_venta ":"283-72-0782","grado_satisfaccion":7},
{"id_venta ":"526-16-3964","grado_satisfaccion":2},
{"id_venta ":"735-40-6172","grado_satisfaccion":7},
{"id_venta ":"778-04-7647","grado_satisfaccion":2},
{"id_venta ":"110-31-3354","grado_satisfaccion":10},
{"id_venta ":"171-14-5561","grado_satisfaccion":7},
{"id_venta ":"712-27-4842","grado_satisfaccion":10},
{"id_venta ":"277-68-6835","grado_satisfaccion":6},
{"id_venta ":"669-91-3887","grado_satisfaccion":4},
{"id_venta ":"410-58-4380","grado_satisfaccion":8},
{"id_venta ":"444-68-3384","grado_satisfaccion":8},
{"id_venta ":"392-46-3177","grado_satisfaccion":9},
{"id_venta ":"339-42-2584","grado_satisfaccion":7},
{"id_venta ":"143-49-1766","grado_satisfaccion":8},
{"id_venta ":"264-48-7798","grado_satisfaccion":6},
{"id_venta ":"708-48-7289","grado_satisfaccion":8},
{"id_venta ":"303-66-8622","grado_satisfaccion":5},
{"id_venta ":"213-85-4988","grado_satisfaccion":10},
{"id_venta ":"876-05-7712","grado_satisfaccion":10},
{"id_venta ":"835-41-9683","grado_satisfaccion":8},
{"id_venta ":"451-07-5890","grado_satisfaccion":7},
{"id_venta ":"374-45-3860","grado_satisfaccion":10},
{"id_venta ":"356-82-7544","grado_satisfaccion":6},
{"id_venta ":"804-31-7304","grado_satisfaccion":10},
{"id_venta ":"823-28-3043","grado_satisfaccion":9},
{"id_venta ":"239-46-6610","grado_satisfaccion":8},
{"id_venta ":"483-47-7441","grado_satisfaccion":9},
{"id_venta ":"481-68-1128","grado_satisfaccion":5},
{"id_venta ":"522-39-5182","grado_satisfaccion":2},
{"id_venta ":"793-14-2765","grado_satisfaccion":4},
{"id_venta ":"325-24-0884","grado_satisfaccion":10},
{"id_venta ":"255-92-1254","grado_satisfaccion":5},
{"id_venta ":"415-79-7562","grado_satisfaccion":1},
{"id_venta ":"613-93-7052","grado_satisfaccion":9},
{"id_venta ":"500-69-8822","grado_satisfaccion":7},
{"id_venta ":"280-88-4125","grado_satisfaccion":8},
{"id_venta ":"444-03-3245","grado_satisfaccion":7},
{"id_venta ":"150-35-6729","grado_satisfaccion":2},
{"id_venta ":"376-55-1984","grado_satisfaccion":4},
{"id_venta ":"166-74-0608","grado_satisfaccion":10},
{"id_venta ":"382-96-0993","grado_satisfaccion":4},
{"id_venta ":"459-09-9507","grado_satisfaccion":8},
{"id_venta ":"605-91-4694","grado_satisfaccion":4},
{"id_venta ":"778-43-3390","grado_satisfaccion":8},
{"id_venta ":"294-49-4052","grado_satisfaccion":1},
{"id_venta ":"466-91-4620","grado_satisfaccion":9},
{"id_venta ":"751-48-0784","grado_satisfaccion":10},
{"id_venta ":"855-25-5787","grado_satisfaccion":1},
{"id_venta ":"517-22-3921","grado_satisfaccion":8},
{"id_venta ":"394-64-3868","grado_satisfaccion":7},
{"id_venta ":"314-06-9795","grado_satisfaccion":9},
{"id_venta ":"192-10-6019","grado_satisfaccion":8},
{"id_venta ":"869-49-9905","grado_satisfaccion":5},
{"id_venta ":"141-82-8920","grado_satisfaccion":8},
{"id_venta ":"328-58-8348","grado_satisfaccion":6},
{"id_venta ":"754-76-1094","grado_satisfaccion":3},
{"id_venta ":"417-66-2571","grado_satisfaccion":7},
{"id_venta ":"264-95-6021","grado_satisfaccion":4},
{"id_venta ":"697-65-2753","grado_satisfaccion":5},
{"id_venta ":"263-84-1656","grado_satisfaccion":9},
{"id_venta ":"899-11-7074","grado_satisfaccion":4},
{"id_venta ":"619-27-2285","grado_satisfaccion":9},
{"id_venta ":"779-51-1842","grado_satisfaccion":8},
{"id_venta ":"760-71-4533","grado_satisfaccion":4},
{"id_venta ":"748-43-3413","grado_satisfaccion":5},
{"id_venta ":"804-90-4434","grado_satisfaccion":1},
{"id_venta ":"529-88-9453","grado_satisfaccion":10},
{"id_venta ":"555-52-7464","grado_satisfaccion":4},
{"id_venta ":"612-16-1713","grado_satisfaccion":4},
{"id_venta ":"388-41-9064","grado_satisfaccion":2},
{"id_venta ":"580-64-1842","grado_satisfaccion":4},
{"id_venta ":"847-16-7975","grado_satisfaccion":3},
{"id_venta ":"350-41-6333","grado_satisfaccion":5},
{"id_venta ":"558-98-3589","grado_satisfaccion":7},
{"id_venta ":"785-61-7005","grado_satisfaccion":2},
{"id_venta ":"242-14-9097","grado_satisfaccion":6},
{"id_venta ":"487-60-0498","grado_satisfaccion":9},
{"id_venta ":"505-80-8245","grado_satisfaccion":2},
{"id_venta ":"630-64-6160","grado_satisfaccion":2},
{"id_venta ":"362-86-6812","grado_satisfaccion":5},
{"id_venta ":"105-59-2819","grado_satisfaccion":9},
{"id_venta ":"154-01-7518","grado_satisfaccion":2},
{"id_venta ":"369-42-1815","grado_satisfaccion":7},
{"id_venta ":"832-13-7071","grado_satisfaccion":3},
{"id_venta ":"396-80-5567","grado_satisfaccion":3},
{"id_venta ":"211-94-4520","grado_satisfaccion":6},
{"id_venta ":"475-21-1615","grado_satisfaccion":10},
{"id_venta ":"548-48-9653","grado_satisfaccion":3},
{"id_venta ":"711-78-9203","grado_satisfaccion":5},
{"id_venta ":"339-97-4163","grado_satisfaccion":8},
{"id_venta ":"792-85-3034","grado_satisfaccion":6},
{"id_venta ":"607-55-2402","grado_satisfaccion":8},
{"id_venta ":"258-64-0283","grado_satisfaccion":7},
{"id_venta ":"321-87-9132","grado_satisfaccion":4},
{"id_venta ":"467-54-1830","grado_satisfaccion":8},
{"id_venta ":"191-29-1966","grado_satisfaccion":5},
{"id_venta ":"344-19-9152","grado_satisfaccion":6},
{"id_venta ":"203-67-2745","grado_satisfaccion":4},
{"id_venta ":"213-41-7694","grado_satisfaccion":10},
{"id_venta ":"120-79-7386","grado_satisfaccion":5},
{"id_venta ":"735-44-8861","grado_satisfaccion":4},
{"id_venta ":"712-54-0210","grado_satisfaccion":7},
{"id_venta ":"467-99-0532","grado_satisfaccion":5},
{"id_venta ":"361-22-5083","grado_satisfaccion":6},
{"id_venta ":"400-05-1025","grado_satisfaccion":5},
{"id_venta ":"381-99-2151","grado_satisfaccion":8},
{"id_venta ":"863-37-4254","grado_satisfaccion":5},
{"id_venta ":"429-96-0130","grado_satisfaccion":8},
{"id_venta ":"657-52-0357","grado_satisfaccion":3},
{"id_venta ":"150-75-1741","grado_satisfaccion":9},
{"id_venta ":"263-86-3389","grado_satisfaccion":10},
{"id_venta ":"700-16-9549","grado_satisfaccion":5},
{"id_venta ":"710-39-5383","grado_satisfaccion":10},
{"id_venta ":"236-76-4197","grado_satisfaccion":4},
{"id_venta ":"407-89-7701","grado_satisfaccion":9},
{"id_venta ":"199-95-5546","grado_satisfaccion":2},
{"id_venta ":"410-24-9579","grado_satisfaccion":7},
{"id_venta ":"527-57-4659","grado_satisfaccion":1},
{"id_venta ":"746-69-0629","grado_satisfaccion":7},
{"id_venta ":"341-12-0430","grado_satisfaccion":2},
{"id_venta ":"489-53-0200","grado_satisfaccion":7}]