[{"id_venta ":"614-47-4076","grado_satisfaccion":9},
{"id_venta ":"450-67-5287","grado_satisfaccion":9},
{"id_venta ":"303-72-2733","grado_satisfaccion":6},
{"id_venta ":"574-56-6202","grado_satisfaccion":2},
{"id_venta ":"563-36-0649","grado_satisfaccion":6},
{"id_venta ":"800-02-3955","grado_satisfaccion":3},
{"id_venta ":"855-10-7661","grado_satisfaccion":1},
{"id_venta ":"803-23-4947","grado_satisfaccion":4},
{"id_venta ":"781-60-7687","grado_satisfaccion":7},
{"id_venta ":"494-15-7392","grado_satisfaccion":8},
{"id_venta ":"628-04-5765","grado_satisfaccion":3},
{"id_venta ":"298-70-9690","grado_satisfaccion":1},
{"id_venta ":"887-35-4605","grado_satisfaccion":6},
{"id_venta ":"530-19-6103","grado_satisfaccion":2},
{"id_venta ":"507-16-2273","grado_satisfaccion":3},
{"id_venta ":"293-58-7617","grado_satisfaccion":4},
{"id_venta ":"661-74-3633","grado_satisfaccion":1},
{"id_venta ":"501-06-3324","grado_satisfaccion":1},
{"id_venta ":"111-73-2356","grado_satisfaccion":5},
{"id_venta ":"194-70-8918","grado_satisfaccion":4},
{"id_venta ":"518-12-1219","grado_satisfaccion":1},
{"id_venta ":"510-89-3117","grado_satisfaccion":10},
{"id_venta ":"836-49-9250","grado_satisfaccion":9},
{"id_venta ":"483-85-0786","grado_satisfaccion":8},
{"id_venta ":"554-72-6491","grado_satisfaccion":4},
{"id_venta ":"862-39-2906","grado_satisfaccion":4},
{"id_venta ":"571-84-1657","grado_satisfaccion":10},
{"id_venta ":"830-11-5610","grado_satisfaccion":5},
{"id_venta ":"324-56-6033","grado_satisfaccion":7},
{"id_venta ":"608-16-2538","grado_satisfaccion":3},
{"id_venta ":"121-29-9637","grado_satisfaccion":4},
{"id_venta ":"264-49-9992","grado_satisfaccion":8},
{"id_venta ":"540-66-8265","grado_satisfaccion":5},
{"id_venta ":"272-78-2573","grado_satisfaccion":8},
{"id_venta ":"211-37-1826","grado_satisfaccion":10},
{"id_venta ":"825-21-0120","grado_satisfaccion":6},
{"id_venta ":"357-65-8697","grado_satisfaccion":3},
{"id_venta ":"335-35-5243","grado_satisfaccion":10},
{"id_venta ":"777-09-0022","grado_satisfaccion":1},
{"id_venta ":"800-46-3191","grado_satisfaccion":1},
{"id_venta ":"477-97-9647","grado_satisfaccion":4},
{"id_venta ":"304-27-8602","grado_satisfaccion":8},
{"id_venta ":"687-23-8771","grado_satisfaccion":7},
{"id_venta ":"764-24-8825","grado_satisfaccion":2},
{"id_venta ":"303-14-1401","grado_satisfaccion":10},
{"id_venta ":"840-90-0734","grado_satisfaccion":10},
{"id_venta ":"429-13-8246","grado_satisfaccion":8},
{"id_venta ":"479-90-8177","grado_satisfaccion":4},
{"id_venta ":"180-18-6685","grado_satisfaccion":4},
{"id_venta ":"482-36-4109","grado_satisfaccion":4},
{"id_venta ":"469-60-1035","grado_satisfaccion":4},
{"id_venta ":"310-45-1279","grado_satisfaccion":7},
{"id_venta ":"334-65-3393","grado_satisfaccion":6},
{"id_venta ":"734-38-0183","grado_satisfaccion":10},
{"id_venta ":"761-73-6689","grado_satisfaccion":10},
{"id_venta ":"612-70-6350","grado_satisfaccion":1},
{"id_venta ":"796-70-9387","grado_satisfaccion":5},
{"id_venta ":"708-88-0592","grado_satisfaccion":6},
{"id_venta ":"282-95-8935","grado_satisfaccion":4},
{"id_venta ":"503-08-9128","grado_satisfaccion":1},
{"id_venta ":"724-49-6465","grado_satisfaccion":1},
{"id_venta ":"593-08-7537","grado_satisfaccion":8},
{"id_venta ":"808-20-4055","grado_satisfaccion":9},
{"id_venta ":"565-23-8454","grado_satisfaccion":4},
{"id_venta ":"242-85-7329","grado_satisfaccion":4},
{"id_venta ":"180-03-2614","grado_satisfaccion":4},
{"id_venta ":"157-73-5148","grado_satisfaccion":1},
{"id_venta ":"846-85-6161","grado_satisfaccion":4},
{"id_venta ":"583-66-0427","grado_satisfaccion":3},
{"id_venta ":"311-53-4095","grado_satisfaccion":5},
{"id_venta ":"249-70-2300","grado_satisfaccion":9},
{"id_venta ":"148-59-1553","grado_satisfaccion":10},
{"id_venta ":"453-01-3689","grado_satisfaccion":9},
{"id_venta ":"157-12-6384","grado_satisfaccion":3},
{"id_venta ":"864-06-5823","grado_satisfaccion":8},
{"id_venta ":"334-89-0536","grado_satisfaccion":2},
{"id_venta ":"130-20-9651","grado_satisfaccion":6},
{"id_venta ":"391-07-5048","grado_satisfaccion":4},
{"id_venta ":"317-36-8074","grado_satisfaccion":3},
{"id_venta ":"865-54-2020","grado_satisfaccion":3},
{"id_venta ":"427-07-4314","grado_satisfaccion":7},
{"id_venta ":"634-42-8798","grado_satisfaccion":5},
{"id_venta ":"390-31-8117","grado_satisfaccion":3},
{"id_venta ":"506-03-5716","grado_satisfaccion":3},
{"id_venta ":"188-56-0900","grado_satisfaccion":5},
{"id_venta ":"776-03-4025","grado_satisfaccion":8},
{"id_venta ":"515-99-7671","grado_satisfaccion":9},
{"id_venta ":"484-69-0601","grado_satisfaccion":3},
{"id_venta ":"784-80-7606","grado_satisfaccion":10},
{"id_venta ":"632-56-8030","grado_satisfaccion":8},
{"id_venta ":"882-80-9999","grado_satisfaccion":5},
{"id_venta ":"367-80-3401","grado_satisfaccion":9},
{"id_venta ":"596-89-3070","grado_satisfaccion":6},
{"id_venta ":"510-80-7377","grado_satisfaccion":3},
{"id_venta ":"746-41-1043","grado_satisfaccion":5},
{"id_venta ":"711-50-0617","grado_satisfaccion":6},
{"id_venta ":"715-09-7208","grado_satisfaccion":9},
{"id_venta ":"309-92-8524","grado_satisfaccion":2},
{"id_venta ":"554-66-5720","grado_satisfaccion":6},
{"id_venta ":"849-03-8086","grado_satisfaccion":3},
{"id_venta ":"652-62-5204","grado_satisfaccion":2},
{"id_venta ":"862-93-5693","grado_satisfaccion":1},
{"id_venta ":"625-73-0778","grado_satisfaccion":8},
{"id_venta ":"554-83-0799","grado_satisfaccion":5},
{"id_venta ":"342-59-2719","grado_satisfaccion":6},
{"id_venta ":"862-91-7289","grado_satisfaccion":3},
{"id_venta ":"140-70-3413","grado_satisfaccion":9},
{"id_venta ":"767-16-2614","grado_satisfaccion":9},
{"id_venta ":"861-81-4696","grado_satisfaccion":3},
{"id_venta ":"704-32-6978","grado_satisfaccion":4},
{"id_venta ":"683-04-4648","grado_satisfaccion":9},
{"id_venta ":"373-49-5443","grado_satisfaccion":5},
{"id_venta ":"359-62-1193","grado_satisfaccion":10},
{"id_venta ":"658-44-8308","grado_satisfaccion":5},
{"id_venta ":"782-65-2901","grado_satisfaccion":8},
{"id_venta ":"627-46-9890","grado_satisfaccion":7},
{"id_venta ":"443-40-8977","grado_satisfaccion":4},
{"id_venta ":"360-39-4708","grado_satisfaccion":1},
{"id_venta ":"595-79-3885","grado_satisfaccion":6},
{"id_venta ":"211-38-2133","grado_satisfaccion":4},
{"id_venta ":"386-89-1807","grado_satisfaccion":1},
{"id_venta ":"680-79-2639","grado_satisfaccion":7},
{"id_venta ":"402-28-8289","grado_satisfaccion":3},
{"id_venta ":"625-18-2024","grado_satisfaccion":4},
{"id_venta ":"554-93-1701","grado_satisfaccion":8},
{"id_venta ":"884-13-4447","grado_satisfaccion":2},
{"id_venta ":"363-78-4441","grado_satisfaccion":9},
{"id_venta ":"872-71-6842","grado_satisfaccion":7},
{"id_venta ":"206-97-2918","grado_satisfaccion":1},
{"id_venta ":"619-74-6866","grado_satisfaccion":1},
{"id_venta ":"489-82-5916","grado_satisfaccion":1},
{"id_venta ":"419-92-0972","grado_satisfaccion":9},
{"id_venta ":"678-71-6182","grado_satisfaccion":7},
{"id_venta ":"885-91-3441","grado_satisfaccion":6},
{"id_venta ":"153-05-6355","grado_satisfaccion":10},
{"id_venta ":"803-03-9267","grado_satisfaccion":5},
{"id_venta ":"789-42-5867","grado_satisfaccion":6},
{"id_venta ":"108-21-3679","grado_satisfaccion":9},
{"id_venta ":"796-63-2405","grado_satisfaccion":8},
{"id_venta ":"352-04-4353","grado_satisfaccion":8},
{"id_venta ":"888-12-8004","grado_satisfaccion":1},
{"id_venta ":"319-45-2414","grado_satisfaccion":6},
{"id_venta ":"797-80-1684","grado_satisfaccion":4},
{"id_venta ":"676-07-9159","grado_satisfaccion":5},
{"id_venta ":"753-22-5860","grado_satisfaccion":2},
{"id_venta ":"601-29-1897","grado_satisfaccion":3},
{"id_venta ":"594-89-1464","grado_satisfaccion":9},
{"id_venta ":"768-82-1252","grado_satisfaccion":3},
{"id_venta ":"233-06-2296","grado_satisfaccion":2},
{"id_venta ":"619-44-4501","grado_satisfaccion":5},
{"id_venta ":"756-85-1397","grado_satisfaccion":3},
{"id_venta ":"244-43-9240","grado_satisfaccion":3},
{"id_venta ":"215-01-4043","grado_satisfaccion":1},
{"id_venta ":"175-44-7110","grado_satisfaccion":10},
{"id_venta ":"365-58-2210","grado_satisfaccion":7},
{"id_venta ":"363-25-2726","grado_satisfaccion":4},
{"id_venta ":"663-21-0074","grado_satisfaccion":8},
{"id_venta ":"412-48-6394","grado_satisfaccion":9},
{"id_venta ":"514-49-6767","grado_satisfaccion":7},
{"id_venta ":"743-41-3038","grado_satisfaccion":2},
{"id_venta ":"545-05-4194","grado_satisfaccion":3},
{"id_venta ":"132-79-4667","grado_satisfaccion":5},
{"id_venta ":"658-25-6363","grado_satisfaccion":3},
{"id_venta ":"751-58-8763","grado_satisfaccion":1},
{"id_venta ":"470-14-2490","grado_satisfaccion":1},
{"id_venta ":"765-37-8549","grado_satisfaccion":6},
{"id_venta ":"309-36-7573","grado_satisfaccion":7},
{"id_venta ":"572-94-7259","grado_satisfaccion":10},
{"id_venta ":"575-20-1923","grado_satisfaccion":10},
{"id_venta ":"693-50-9203","grado_satisfaccion":5},
{"id_venta ":"754-18-1769","grado_satisfaccion":8},
{"id_venta ":"422-84-8360","grado_satisfaccion":3},
{"id_venta ":"518-56-3106","grado_satisfaccion":10},
{"id_venta ":"177-85-7805","grado_satisfaccion":4},
{"id_venta ":"744-27-2785","grado_satisfaccion":5},
{"id_venta ":"353-24-7827","grado_satisfaccion":7},
{"id_venta ":"754-42-6941","grado_satisfaccion":10},
{"id_venta ":"310-90-1213","grado_satisfaccion":1},
{"id_venta ":"382-27-1777","grado_satisfaccion":9},
{"id_venta ":"514-49-7450","grado_satisfaccion":9},
{"id_venta ":"293-30-5348","grado_satisfaccion":1},
{"id_venta ":"463-45-3397","grado_satisfaccion":7},
{"id_venta ":"204-60-7824","grado_satisfaccion":1},
{"id_venta ":"597-77-3773","grado_satisfaccion":1},
{"id_venta ":"324-35-3989","grado_satisfaccion":3},
{"id_venta ":"542-59-1810","grado_satisfaccion":8},
{"id_venta ":"279-10-7875","grado_satisfaccion":1},
{"id_venta ":"732-86-1932","grado_satisfaccion":1},
{"id_venta ":"857-91-0750","grado_satisfaccion":9},
{"id_venta ":"284-05-0091","grado_satisfaccion":8},
{"id_venta ":"132-90-4240","grado_satisfaccion":1},
{"id_venta ":"696-11-4785","grado_satisfaccion":10},
{"id_venta ":"714-68-3595","grado_satisfaccion":2},
{"id_venta ":"316-64-4479","grado_satisfaccion":2},
{"id_venta ":"369-98-7417","grado_satisfaccion":7},
{"id_venta ":"251-19-4548","grado_satisfaccion":8},
{"id_venta ":"156-57-7489","grado_satisfaccion":2},
{"id_venta ":"470-54-9814","grado_satisfaccion":9},
{"id_venta ":"804-14-0179","grado_satisfaccion":6},
{"id_venta ":"353-17-1330","grado_satisfaccion":4},
{"id_venta ":"380-77-8116","grado_satisfaccion":9},
{"id_venta ":"515-87-0066","grado_satisfaccion":9},
{"id_venta ":"348-90-0890","grado_satisfaccion":4},
{"id_venta ":"670-17-8985","grado_satisfaccion":7},
{"id_venta ":"832-63-7484","grado_satisfaccion":6},
{"id_venta ":"680-31-4671","grado_satisfaccion":2},
{"id_venta ":"595-50-6529","grado_satisfaccion":4},
{"id_venta ":"831-78-4985","grado_satisfaccion":2},
{"id_venta ":"695-90-1301","grado_satisfaccion":8},
{"id_venta ":"266-64-8159","grado_satisfaccion":4},
{"id_venta ":"231-46-9456","grado_satisfaccion":6},
{"id_venta ":"787-66-7200","grado_satisfaccion":4},
{"id_venta ":"469-42-6754","grado_satisfaccion":3},
{"id_venta ":"812-56-9333","grado_satisfaccion":3},
{"id_venta ":"545-66-6402","grado_satisfaccion":10},
{"id_venta ":"401-52-6035","grado_satisfaccion":7},
{"id_venta ":"275-99-0525","grado_satisfaccion":1},
{"id_venta ":"496-73-9674","grado_satisfaccion":2},
{"id_venta ":"898-52-6351","grado_satisfaccion":10},
{"id_venta ":"324-01-7749","grado_satisfaccion":5},
{"id_venta ":"557-14-3832","grado_satisfaccion":10},
{"id_venta ":"609-48-5829","grado_satisfaccion":9},
{"id_venta ":"224-24-8339","grado_satisfaccion":9},
{"id_venta ":"448-84-8145","grado_satisfaccion":10},
{"id_venta ":"379-40-0632","grado_satisfaccion":1},
{"id_venta ":"190-80-6554","grado_satisfaccion":7},
{"id_venta ":"554-98-4600","grado_satisfaccion":7},
{"id_venta ":"419-13-4119","grado_satisfaccion":10},
{"id_venta ":"435-02-4265","grado_satisfaccion":2},
{"id_venta ":"651-03-5035","grado_satisfaccion":7},
{"id_venta ":"281-88-5448","grado_satisfaccion":2},
{"id_venta ":"480-45-8219","grado_satisfaccion":5},
{"id_venta ":"858-34-4802","grado_satisfaccion":4},
{"id_venta ":"248-16-2194","grado_satisfaccion":10},
{"id_venta ":"248-30-0086","grado_satisfaccion":4},
{"id_venta ":"101-97-6007","grado_satisfaccion":6},
{"id_venta ":"138-08-9557","grado_satisfaccion":10},
{"id_venta ":"686-40-4034","grado_satisfaccion":5},
{"id_venta ":"557-41-9560","grado_satisfaccion":7},
{"id_venta ":"686-34-2491","grado_satisfaccion":7},
{"id_venta ":"726-39-0668","grado_satisfaccion":8},
{"id_venta ":"370-54-5805","grado_satisfaccion":7},
{"id_venta ":"464-22-3699","grado_satisfaccion":4},
{"id_venta ":"213-20-4857","grado_satisfaccion":10},
{"id_venta ":"660-57-8219","grado_satisfaccion":4},
{"id_venta ":"220-19-2143","grado_satisfaccion":1},
{"id_venta ":"773-29-4464","grado_satisfaccion":5},
{"id_venta ":"521-71-3640","grado_satisfaccion":6},
{"id_venta ":"761-92-5724","grado_satisfaccion":4},
{"id_venta ":"390-11-8555","grado_satisfaccion":8},
{"id_venta ":"611-28-1635","grado_satisfaccion":2},
{"id_venta ":"628-51-2772","grado_satisfaccion":5},
{"id_venta ":"244-95-9529","grado_satisfaccion":5},
{"id_venta ":"610-86-7660","grado_satisfaccion":7},
{"id_venta ":"510-06-5053","grado_satisfaccion":1},
{"id_venta ":"529-47-5516","grado_satisfaccion":4},
{"id_venta ":"622-36-9151","grado_satisfaccion":10},
{"id_venta ":"529-96-4103","grado_satisfaccion":2},
{"id_venta ":"177-82-4363","grado_satisfaccion":7},
{"id_venta ":"399-18-4786","grado_satisfaccion":9},
{"id_venta ":"565-93-2248","grado_satisfaccion":6},
{"id_venta ":"679-47-9704","grado_satisfaccion":9},
{"id_venta ":"830-02-2742","grado_satisfaccion":6},
{"id_venta ":"650-16-5050","grado_satisfaccion":3},
{"id_venta ":"520-30-3435","grado_satisfaccion":6},
{"id_venta ":"352-92-2551","grado_satisfaccion":4},
{"id_venta ":"129-01-4587","grado_satisfaccion":5},
{"id_venta ":"752-77-9982","grado_satisfaccion":6},
{"id_venta ":"669-04-6696","grado_satisfaccion":9},
{"id_venta ":"735-71-9571","grado_satisfaccion":9},
{"id_venta ":"734-05-4213","grado_satisfaccion":3},
{"id_venta ":"478-81-4866","grado_satisfaccion":7},
{"id_venta ":"646-15-5385","grado_satisfaccion":10},
{"id_venta ":"670-52-1800","grado_satisfaccion":5},
{"id_venta ":"864-13-7494","grado_satisfaccion":7},
{"id_venta ":"567-66-5042","grado_satisfaccion":3},
{"id_venta ":"231-90-1500","grado_satisfaccion":5},
{"id_venta ":"671-35-1989","grado_satisfaccion":10},
{"id_venta ":"854-63-7767","grado_satisfaccion":1},
{"id_venta ":"534-82-2200","grado_satisfaccion":9},
{"id_venta ":"669-13-5936","grado_satisfaccion":5},
{"id_venta ":"795-18-0221","grado_satisfaccion":4},
{"id_venta ":"103-48-3090","grado_satisfaccion":5},
{"id_venta ":"427-28-7472","grado_satisfaccion":5},
{"id_venta ":"858-64-3965","grado_satisfaccion":1},
{"id_venta ":"420-08-9353","grado_satisfaccion":10},
{"id_venta ":"752-74-2638","grado_satisfaccion":3},
{"id_venta ":"285-14-7545","grado_satisfaccion":3},
{"id_venta ":"452-43-6307","grado_satisfaccion":8},
{"id_venta ":"856-72-3254","grado_satisfaccion":3},
{"id_venta ":"464-49-5222","grado_satisfaccion":8},
{"id_venta ":"537-07-2517","grado_satisfaccion":6},
{"id_venta ":"665-03-9859","grado_satisfaccion":5},
{"id_venta ":"292-58-6034","grado_satisfaccion":7},
{"id_venta ":"102-12-0486","grado_satisfaccion":6},
{"id_venta ":"378-73-2265","grado_satisfaccion":6},
{"id_venta ":"420-95-2334","grado_satisfaccion":4},
{"id_venta ":"433-46-4259","grado_satisfaccion":4},
{"id_venta ":"557-86-1737","grado_satisfaccion":3},
{"id_venta ":"504-10-5260","grado_satisfaccion":5},
{"id_venta ":"243-77-5132","grado_satisfaccion":7},
{"id_venta ":"464-59-4815","grado_satisfaccion":10},
{"id_venta ":"240-67-9719","grado_satisfaccion":9},
{"id_venta ":"529-57-3450","grado_satisfaccion":1},
{"id_venta ":"570-73-0091","grado_satisfaccion":9},
{"id_venta ":"696-65-8006","grado_satisfaccion":5},
{"id_venta ":"423-30-5001","grado_satisfaccion":9},
{"id_venta ":"118-39-0276","grado_satisfaccion":3},
{"id_venta ":"759-54-8954","grado_satisfaccion":8},
{"id_venta ":"460-50-7892","grado_satisfaccion":8},
{"id_venta ":"268-51-7452","grado_satisfaccion":8},
{"id_venta ":"205-50-5323","grado_satisfaccion":3},
{"id_venta ":"611-39-1722","grado_satisfaccion":10},
{"id_venta ":"577-61-6283","grado_satisfaccion":7},
{"id_venta ":"225-49-6737","grado_satisfaccion":2},
{"id_venta ":"787-53-1211","grado_satisfaccion":8},
{"id_venta ":"334-14-9445","grado_satisfaccion":3},
{"id_venta ":"536-88-7763","grado_satisfaccion":3},
{"id_venta ":"567-82-7059","grado_satisfaccion":3},
{"id_venta ":"821-99-4846","grado_satisfaccion":5},
{"id_venta ":"838-13-3850","grado_satisfaccion":1},
{"id_venta ":"157-95-2867","grado_satisfaccion":6},
{"id_venta ":"336-24-3053","grado_satisfaccion":3},
{"id_venta ":"475-44-0230","grado_satisfaccion":7},
{"id_venta ":"480-12-1587","grado_satisfaccion":10},
{"id_venta ":"800-55-1251","grado_satisfaccion":8},
{"id_venta ":"651-95-8231","grado_satisfaccion":1},
{"id_venta ":"225-71-7862","grado_satisfaccion":7},
{"id_venta ":"773-13-6127","grado_satisfaccion":2},
{"id_venta ":"456-02-8124","grado_satisfaccion":6},
{"id_venta ":"485-28-6871","grado_satisfaccion":8},
{"id_venta ":"316-93-4905","grado_satisfaccion":1},
{"id_venta ":"178-02-5994","grado_satisfaccion":9},
{"id_venta ":"399-89-1099","grado_satisfaccion":5},
{"id_venta ":"803-50-1222","grado_satisfaccion":8},
{"id_venta ":"878-12-4920","grado_satisfaccion":2},
{"id_venta ":"100-68-7891","grado_satisfaccion":5},
{"id_venta ":"576-02-1215","grado_satisfaccion":7},
{"id_venta ":"874-89-1614","grado_satisfaccion":2},
{"id_venta ":"866-71-5649","grado_satisfaccion":8},
{"id_venta ":"181-53-4215","grado_satisfaccion":6},
{"id_venta ":"245-64-0606","grado_satisfaccion":8},
{"id_venta ":"816-84-5817","grado_satisfaccion":10},
{"id_venta ":"860-77-9432","grado_satisfaccion":1},
{"id_venta ":"260-21-7043","grado_satisfaccion":8},
{"id_venta ":"265-72-9483","grado_satisfaccion":1},
{"id_venta ":"330-30-9864","grado_satisfaccion":9},
{"id_venta ":"146-05-2713","grado_satisfaccion":1},
{"id_venta ":"886-41-3253","grado_satisfaccion":6},
{"id_venta ":"588-24-0867","grado_satisfaccion":8},
{"id_venta ":"530-50-3008","grado_satisfaccion":2},
{"id_venta ":"177-56-1625","grado_satisfaccion":10},
{"id_venta ":"790-18-6543","grado_satisfaccion":2},
{"id_venta ":"222-29-8910","grado_satisfaccion":3},
{"id_venta ":"635-59-0434","grado_satisfaccion":4},
{"id_venta ":"817-13-5839","grado_satisfaccion":3},
{"id_venta ":"546-94-0601","grado_satisfaccion":5},
{"id_venta ":"381-97-5030","grado_satisfaccion":5},
{"id_venta ":"457-90-8977","grado_satisfaccion":3},
{"id_venta ":"392-36-2731","grado_satisfaccion":10},
{"id_venta ":"381-85-4815","grado_satisfaccion":3},
{"id_venta ":"488-09-0386","grado_satisfaccion":8},
{"id_venta ":"237-40-0935","grado_satisfaccion":4},
{"id_venta ":"661-06-4827","grado_satisfaccion":7},
{"id_venta ":"368-75-1401","grado_satisfaccion":10},
{"id_venta ":"698-13-6145","grado_satisfaccion":2},
{"id_venta ":"804-67-5209","grado_satisfaccion":6},
{"id_venta ":"733-83-4767","grado_satisfaccion":2},
{"id_venta ":"134-12-9772","grado_satisfaccion":4},
{"id_venta ":"618-60-6068","grado_satisfaccion":6},
{"id_venta ":"801-06-3735","grado_satisfaccion":10},
{"id_venta ":"883-43-0694","grado_satisfaccion":1},
{"id_venta ":"528-47-8954","grado_satisfaccion":2},
{"id_venta ":"773-63-9595","grado_satisfaccion":9},
{"id_venta ":"683-41-8125","grado_satisfaccion":1},
{"id_venta ":"201-59-1738","grado_satisfaccion":3},
{"id_venta ":"267-42-7631","grado_satisfaccion":9},
{"id_venta ":"767-30-2463","grado_satisfaccion":6},
{"id_venta ":"443-64-3877","grado_satisfaccion":6},
{"id_venta ":"289-41-0499","grado_satisfaccion":3},
{"id_venta ":"275-06-4152","grado_satisfaccion":3},
{"id_venta ":"456-59-2947","grado_satisfaccion":3},
{"id_venta ":"401-66-8599","grado_satisfaccion":7},
{"id_venta ":"747-37-6227","grado_satisfaccion":4},
{"id_venta ":"726-28-3269","grado_satisfaccion":4},
{"id_venta ":"108-20-8044","grado_satisfaccion":10},
{"id_venta ":"897-22-8973","grado_satisfaccion":1},
{"id_venta ":"133-97-6245","grado_satisfaccion":4},
{"id_venta ":"293-78-9318","grado_satisfaccion":10},
{"id_venta ":"608-62-6647","grado_satisfaccion":9},
{"id_venta ":"102-80-6639","grado_satisfaccion":10},
{"id_venta ":"420-38-9901","grado_satisfaccion":1},
{"id_venta ":"492-87-0275","grado_satisfaccion":3},
{"id_venta ":"178-49-1343","grado_satisfaccion":7},
{"id_venta ":"518-19-0622","grado_satisfaccion":5},
{"id_venta ":"173-84-7686","grado_satisfaccion":10},
{"id_venta ":"749-03-3178","grado_satisfaccion":7},
{"id_venta ":"106-70-0441","grado_satisfaccion":2},
{"id_venta ":"718-59-5812","grado_satisfaccion":10},
{"id_venta ":"279-43-3392","grado_satisfaccion":10},
{"id_venta ":"513-16-0940","grado_satisfaccion":10},
{"id_venta ":"306-75-0298","grado_satisfaccion":6},
{"id_venta ":"449-84-0375","grado_satisfaccion":8},
{"id_venta ":"175-59-5304","grado_satisfaccion":10},
{"id_venta ":"762-55-4910","grado_satisfaccion":7},
{"id_venta ":"424-34-4342","grado_satisfaccion":9},
{"id_venta ":"709-84-0460","grado_satisfaccion":8},
{"id_venta ":"457-02-9319","grado_satisfaccion":4},
{"id_venta ":"696-64-0194","grado_satisfaccion":8},
{"id_venta ":"569-89-1433","grado_satisfaccion":10},
{"id_venta ":"361-83-7296","grado_satisfaccion":6},
{"id_venta ":"846-23-8700","grado_satisfaccion":5},
{"id_venta ":"613-22-6444","grado_satisfaccion":1},
{"id_venta ":"417-39-7711","grado_satisfaccion":10},
{"id_venta ":"164-04-8982","grado_satisfaccion":8},
{"id_venta ":"892-07-8574","grado_satisfaccion":10},
{"id_venta ":"302-13-1487","grado_satisfaccion":7},
{"id_venta ":"808-86-9814","grado_satisfaccion":4},
{"id_venta ":"376-10-8535","grado_satisfaccion":6},
{"id_venta ":"573-76-0780","grado_satisfaccion":8},
{"id_venta ":"528-67-8197","grado_satisfaccion":4},
{"id_venta ":"626-26-5193","grado_satisfaccion":2},
{"id_venta ":"419-16-0711","grado_satisfaccion":7},
{"id_venta ":"365-10-6117","grado_satisfaccion":5},
{"id_venta ":"734-44-5497","grado_satisfaccion":10},
{"id_venta ":"357-05-1870","grado_satisfaccion":2},
{"id_venta ":"160-47-4647","grado_satisfaccion":3},
{"id_venta ":"293-09-6470","grado_satisfaccion":7},
{"id_venta ":"728-42-7428","grado_satisfaccion":6},
{"id_venta ":"485-43-5925","grado_satisfaccion":7},
{"id_venta ":"256-65-4310","grado_satisfaccion":6},
{"id_venta ":"251-98-0851","grado_satisfaccion":9},
{"id_venta ":"800-81-1360","grado_satisfaccion":9},
{"id_venta ":"883-42-2150","grado_satisfaccion":6},
{"id_venta ":"379-50-9151","grado_satisfaccion":3},
{"id_venta ":"731-94-7262","grado_satisfaccion":10},
{"id_venta ":"116-33-4826","grado_satisfaccion":5},
{"id_venta ":"815-43-7047","grado_satisfaccion":6},
{"id_venta ":"543-41-5766","grado_satisfaccion":8},
{"id_venta ":"373-30-9559","grado_satisfaccion":4},
{"id_venta ":"876-55-6015","grado_satisfaccion":5},
{"id_venta ":"135-80-1688","grado_satisfaccion":3},
{"id_venta ":"513-18-6577","grado_satisfaccion":7},
{"id_venta ":"769-28-0475","grado_satisfaccion":10},
{"id_venta ":"333-76-0597","grado_satisfaccion":2},
{"id_venta ":"218-46-4341","grado_satisfaccion":5},
{"id_venta ":"858-66-6572","grado_satisfaccion":2},
{"id_venta ":"325-78-0538","grado_satisfaccion":8},
{"id_venta ":"881-06-1575","grado_satisfaccion":4},
{"id_venta ":"504-72-4783","grado_satisfaccion":5},
{"id_venta ":"607-09-9812","grado_satisfaccion":5},
{"id_venta ":"864-08-2622","grado_satisfaccion":7},
{"id_venta ":"184-45-8739","grado_satisfaccion":1},
{"id_venta ":"729-64-6869","grado_satisfaccion":6},
{"id_venta ":"746-59-1831","grado_satisfaccion":9},
{"id_venta ":"733-90-8094","grado_satisfaccion":1},
{"id_venta ":"367-98-0289","grado_satisfaccion":10},
{"id_venta ":"768-74-8804","grado_satisfaccion":3},
{"id_venta ":"552-76-6286","grado_satisfaccion":1},
{"id_venta ":"541-78-4641","grado_satisfaccion":6},
{"id_venta ":"241-06-1702","grado_satisfaccion":4},
{"id_venta ":"614-56-1778","grado_satisfaccion":3},
{"id_venta ":"282-74-4810","grado_satisfaccion":10},
{"id_venta ":"506-71-1793","grado_satisfaccion":1},
{"id_venta ":"583-42-5979","grado_satisfaccion":7},
{"id_venta ":"477-41-9481","grado_satisfaccion":3},
{"id_venta ":"240-72-1940","grado_satisfaccion":8},
{"id_venta ":"755-07-7552","grado_satisfaccion":3},
{"id_venta ":"594-24-4734","grado_satisfaccion":2},
{"id_venta ":"346-18-4959","grado_satisfaccion":7},
{"id_venta ":"506-59-9415","grado_satisfaccion":4},
{"id_venta ":"682-72-5985","grado_satisfaccion":4},
{"id_venta ":"668-03-3021","grado_satisfaccion":6},
{"id_venta ":"473-66-8748","grado_satisfaccion":4},
{"id_venta ":"197-98-1358","grado_satisfaccion":5},
{"id_venta ":"263-28-3104","grado_satisfaccion":6},
{"id_venta ":"161-36-9339","grado_satisfaccion":10},
{"id_venta ":"423-47-2556","grado_satisfaccion":10},
{"id_venta ":"247-94-6401","grado_satisfaccion":10},
{"id_venta ":"227-15-7809","grado_satisfaccion":9},
{"id_venta ":"724-77-7758","grado_satisfaccion":1},
{"id_venta ":"409-62-8365","grado_satisfaccion":5},
{"id_venta ":"409-72-9774","grado_satisfaccion":10},
{"id_venta ":"204-85-1274","grado_satisfaccion":8},
{"id_venta ":"295-93-0849","grado_satisfaccion":1},
{"id_venta ":"445-70-2724","grado_satisfaccion":8},
{"id_venta ":"719-64-7790","grado_satisfaccion":6},
{"id_venta ":"461-02-5472","grado_satisfaccion":1},
{"id_venta ":"364-37-3548","grado_satisfaccion":1},
{"id_venta ":"577-91-9558","grado_satisfaccion":1},
{"id_venta ":"462-94-7559","grado_satisfaccion":3},
{"id_venta ":"649-70-7842","grado_satisfaccion":4},
{"id_venta ":"835-46-4248","grado_satisfaccion":1},
{"id_venta ":"211-67-1009","grado_satisfaccion":1},
{"id_venta ":"360-79-2513","grado_satisfaccion":6},
{"id_venta ":"673-04-0969","grado_satisfaccion":5},
{"id_venta ":"491-04-6616","grado_satisfaccion":9},
{"id_venta ":"357-86-4867","grado_satisfaccion":2},
{"id_venta ":"726-51-7829","grado_satisfaccion":7},
{"id_venta ":"212-20-6363","grado_satisfaccion":7},
{"id_venta ":"441-05-5053","grado_satisfaccion":7},
{"id_venta ":"681-68-8529","grado_satisfaccion":10},
{"id_venta ":"294-86-1439","grado_satisfaccion":5},
{"id_venta ":"219-94-3056","grado_satisfaccion":2},
{"id_venta ":"104-06-9256","grado_satisfaccion":3},
{"id_venta ":"694-46-4866","grado_satisfaccion":2},
{"id_venta ":"334-79-7438","grado_satisfaccion":10},
{"id_venta ":"505-74-6708","grado_satisfaccion":5},
{"id_venta ":"829-68-6726","grado_satisfaccion":8},
{"id_venta ":"421-28-2282","grado_satisfaccion":7},
{"id_venta ":"755-56-9359","grado_satisfaccion":6},
{"id_venta ":"359-44-8653","grado_satisfaccion":3},
{"id_venta ":"425-10-5521","grado_satisfaccion":2},
{"id_venta ":"244-53-9243","grado_satisfaccion":4},
{"id_venta ":"760-06-5810","grado_satisfaccion":8},
{"id_venta ":"415-28-5291","grado_satisfaccion":8},
{"id_venta ":"267-89-7282","grado_satisfaccion":7},
{"id_venta ":"783-48-8116","grado_satisfaccion":5},
{"id_venta ":"555-20-5626","grado_satisfaccion":9},
{"id_venta ":"595-73-2613","grado_satisfaccion":9},
{"id_venta ":"462-95-5930","grado_satisfaccion":9},
{"id_venta ":"322-44-8246","grado_satisfaccion":2},
{"id_venta ":"506-42-1926","grado_satisfaccion":2},
{"id_venta ":"892-30-1218","grado_satisfaccion":7},
{"id_venta ":"257-35-3699","grado_satisfaccion":1},
{"id_venta ":"401-03-6962","grado_satisfaccion":8},
{"id_venta ":"456-05-1855","grado_satisfaccion":9},
{"id_venta ":"463-39-4298","grado_satisfaccion":7},
{"id_venta ":"855-74-3666","grado_satisfaccion":1},
{"id_venta ":"149-70-5408","grado_satisfaccion":5},
{"id_venta ":"754-73-0158","grado_satisfaccion":10},
{"id_venta ":"447-83-8298","grado_satisfaccion":2},
{"id_venta ":"435-64-1852","grado_satisfaccion":5},
{"id_venta ":"805-95-2010","grado_satisfaccion":1},
{"id_venta ":"258-60-3355","grado_satisfaccion":9},
{"id_venta ":"274-14-2075","grado_satisfaccion":10},
{"id_venta ":"714-50-3379","grado_satisfaccion":7},
{"id_venta ":"849-91-3674","grado_satisfaccion":8},
{"id_venta ":"174-68-2874","grado_satisfaccion":9},
{"id_venta ":"530-33-5748","grado_satisfaccion":6},
{"id_venta ":"837-46-0621","grado_satisfaccion":1},
{"id_venta ":"882-98-6918","grado_satisfaccion":6},
{"id_venta ":"581-65-8055","grado_satisfaccion":10},
{"id_venta ":"881-57-0548","grado_satisfaccion":7},
{"id_venta ":"292-77-6238","grado_satisfaccion":10},
{"id_venta ":"786-77-5885","grado_satisfaccion":2},
{"id_venta ":"400-06-9877","grado_satisfaccion":1},
{"id_venta ":"455-12-0093","grado_satisfaccion":3},
{"id_venta ":"109-97-7695","grado_satisfaccion":8},
{"id_venta ":"579-35-8476","grado_satisfaccion":2},
{"id_venta ":"279-96-7390","grado_satisfaccion":2},
{"id_venta ":"895-87-5107","grado_satisfaccion":8},
{"id_venta ":"850-41-7981","grado_satisfaccion":3},
{"id_venta ":"267-69-6273","grado_satisfaccion":5},
{"id_venta ":"677-98-0953","grado_satisfaccion":9},
{"id_venta ":"341-61-5537","grado_satisfaccion":10},
{"id_venta ":"326-06-3911","grado_satisfaccion":10},
{"id_venta ":"768-85-0542","grado_satisfaccion":10},
{"id_venta ":"790-75-7568","grado_satisfaccion":7},
{"id_venta ":"840-52-3576","grado_satisfaccion":10},
{"id_venta ":"592-47-6350","grado_satisfaccion":5},
{"id_venta ":"104-81-5246","grado_satisfaccion":10},
{"id_venta ":"494-77-2825","grado_satisfaccion":4},
{"id_venta ":"347-44-9014","grado_satisfaccion":1},
{"id_venta ":"461-71-9725","grado_satisfaccion":3},
{"id_venta ":"463-62-4689","grado_satisfaccion":1},
{"id_venta ":"360-65-9704","grado_satisfaccion":7},
{"id_venta ":"558-58-8893","grado_satisfaccion":8},
{"id_venta ":"152-02-5198","grado_satisfaccion":9},
{"id_venta ":"694-69-7018","grado_satisfaccion":4},
{"id_venta ":"255-45-9839","grado_satisfaccion":1},
{"id_venta ":"178-87-6964","grado_satisfaccion":4},
{"id_venta ":"408-32-3972","grado_satisfaccion":3},
{"id_venta ":"522-92-6231","grado_satisfaccion":6},
{"id_venta ":"127-11-1778","grado_satisfaccion":1},
{"id_venta ":"558-07-6182","grado_satisfaccion":7},
{"id_venta ":"214-09-5774","grado_satisfaccion":7},
{"id_venta ":"437-54-3685","grado_satisfaccion":1},
{"id_venta ":"525-67-6557","grado_satisfaccion":5},
{"id_venta ":"121-89-4715","grado_satisfaccion":3},
{"id_venta ":"551-81-9474","grado_satisfaccion":9},
{"id_venta ":"208-29-9225","grado_satisfaccion":10},
{"id_venta ":"839-07-3738","grado_satisfaccion":3},
{"id_venta ":"808-89-9973","grado_satisfaccion":2},
{"id_venta ":"471-22-1768","grado_satisfaccion":5},
{"id_venta ":"679-16-1751","grado_satisfaccion":10},
{"id_venta ":"437-67-7086","grado_satisfaccion":4},
{"id_venta ":"471-81-5813","grado_satisfaccion":3},
{"id_venta ":"156-22-5243","grado_satisfaccion":9},
{"id_venta ":"527-76-9357","grado_satisfaccion":7},
{"id_venta ":"363-42-0092","grado_satisfaccion":1},
{"id_venta ":"728-06-7384","grado_satisfaccion":9},
{"id_venta ":"163-34-6500","grado_satisfaccion":4},
{"id_venta ":"669-34-2876","grado_satisfaccion":4},
{"id_venta ":"709-32-8226","grado_satisfaccion":1},
{"id_venta ":"842-25-8532","grado_satisfaccion":6},
{"id_venta ":"811-25-7084","grado_satisfaccion":5},
{"id_venta ":"157-54-2166","grado_satisfaccion":9},
{"id_venta ":"596-63-3153","grado_satisfaccion":5},
{"id_venta ":"749-02-6710","grado_satisfaccion":4},
{"id_venta ":"570-15-4261","grado_satisfaccion":8},
{"id_venta ":"473-67-8372","grado_satisfaccion":6},
{"id_venta ":"877-06-8151","grado_satisfaccion":8},
{"id_venta ":"768-32-6736","grado_satisfaccion":10},
{"id_venta ":"653-51-7899","grado_satisfaccion":2},
{"id_venta ":"556-37-4624","grado_satisfaccion":1},
{"id_venta ":"213-14-1757","grado_satisfaccion":8},
{"id_venta ":"443-25-0748","grado_satisfaccion":4},
{"id_venta ":"234-73-4892","grado_satisfaccion":5},
{"id_venta ":"140-22-3325","grado_satisfaccion":6},
{"id_venta ":"794-36-0489","grado_satisfaccion":7},
{"id_venta ":"841-15-0390","grado_satisfaccion":7},
{"id_venta ":"216-04-9699","grado_satisfaccion":3},
{"id_venta ":"408-32-3962","grado_satisfaccion":5},
{"id_venta ":"748-16-3004","grado_satisfaccion":6},
{"id_venta ":"398-87-4518","grado_satisfaccion":6},
{"id_venta ":"846-49-0701","grado_satisfaccion":1},
{"id_venta ":"431-65-0321","grado_satisfaccion":9},
{"id_venta ":"502-07-4366","grado_satisfaccion":6},
{"id_venta ":"802-48-1017","grado_satisfaccion":8},
{"id_venta ":"583-22-8796","grado_satisfaccion":4},
{"id_venta ":"480-47-1728","grado_satisfaccion":8},
{"id_venta ":"128-04-2119","grado_satisfaccion":1},
{"id_venta ":"153-36-5821","grado_satisfaccion":8},
{"id_venta ":"733-37-1610","grado_satisfaccion":5},
{"id_venta ":"425-92-0120","grado_satisfaccion":7},
{"id_venta ":"840-05-9710","grado_satisfaccion":4},
{"id_venta ":"467-91-9051","grado_satisfaccion":10},
{"id_venta ":"431-21-7377","grado_satisfaccion":3},
{"id_venta ":"898-20-1139","grado_satisfaccion":4},
{"id_venta ":"843-41-2283","grado_satisfaccion":1},
{"id_venta ":"626-33-0107","grado_satisfaccion":9},
{"id_venta ":"397-74-6493","grado_satisfaccion":3},
{"id_venta ":"263-77-1604","grado_satisfaccion":9},
{"id_venta ":"656-86-8784","grado_satisfaccion":4},
{"id_venta ":"643-06-2652","grado_satisfaccion":5},
{"id_venta ":"322-97-9636","grado_satisfaccion":3},
{"id_venta ":"884-84-9562","grado_satisfaccion":6},
{"id_venta ":"423-40-9331","grado_satisfaccion":5},
{"id_venta ":"322-93-6921","grado_satisfaccion":7},
{"id_venta ":"604-30-6083","grado_satisfaccion":3},
{"id_venta ":"592-10-9502","grado_satisfaccion":10},
{"id_venta ":"442-15-7518","grado_satisfaccion":1},
{"id_venta ":"150-67-5883","grado_satisfaccion":10},
{"id_venta ":"709-40-3181","grado_satisfaccion":9},
{"id_venta ":"278-06-8304","grado_satisfaccion":1},
{"id_venta ":"152-16-3871","grado_satisfaccion":9},
{"id_venta ":"581-47-4658","grado_satisfaccion":2},
{"id_venta ":"209-57-2880","grado_satisfaccion":1},
{"id_venta ":"170-01-4567","grado_satisfaccion":3},
{"id_venta ":"767-43-5316","grado_satisfaccion":3},
{"id_venta ":"658-35-0129","grado_satisfaccion":10},
{"id_venta ":"871-17-7856","grado_satisfaccion":5},
{"id_venta ":"355-07-8713","grado_satisfaccion":10},
{"id_venta ":"433-79-4168","grado_satisfaccion":1},
{"id_venta ":"367-67-9777","grado_satisfaccion":10},
{"id_venta ":"823-37-4374","grado_satisfaccion":3},
{"id_venta ":"653-14-4730","grado_satisfaccion":5},
{"id_venta ":"597-82-1160","grado_satisfaccion":8},
{"id_venta ":"747-08-2913","grado_satisfaccion":3},
{"id_venta ":"270-32-5431","grado_satisfaccion":5},
{"id_venta ":"341-10-8907","grado_satisfaccion":3},
{"id_venta ":"763-40-5867","grado_satisfaccion":6},
{"id_venta ":"320-13-5069","grado_satisfaccion":6},
{"id_venta ":"195-95-3768","grado_satisfaccion":2},
{"id_venta ":"648-88-7924","grado_satisfaccion":5},
{"id_venta ":"758-01-2288","grado_satisfaccion":4},
{"id_venta ":"306-98-8091","grado_satisfaccion":3},
{"id_venta ":"326-34-6308","grado_satisfaccion":9},
{"id_venta ":"194-16-4774","grado_satisfaccion":9},
{"id_venta ":"426-52-3292","grado_satisfaccion":9},
{"id_venta ":"436-33-5668","grado_satisfaccion":4},
{"id_venta ":"801-37-6576","grado_satisfaccion":5},
{"id_venta ":"806-90-5328","grado_satisfaccion":1},
{"id_venta ":"492-98-7019","grado_satisfaccion":7},
{"id_venta ":"730-20-7939","grado_satisfaccion":7},
{"id_venta ":"241-73-6290","grado_satisfaccion":8},
{"id_venta ":"703-22-1037","grado_satisfaccion":7},
{"id_venta ":"772-05-0014","grado_satisfaccion":1},
{"id_venta ":"477-71-6791","grado_satisfaccion":6},
{"id_venta ":"575-04-0958","grado_satisfaccion":8},
{"id_venta ":"773-13-7538","grado_satisfaccion":5},
{"id_venta ":"290-66-4681","grado_satisfaccion":4},
{"id_venta ":"564-55-8559","grado_satisfaccion":3},
{"id_venta ":"712-44-9165","grado_satisfaccion":3},
{"id_venta ":"532-11-2733","grado_satisfaccion":10},
{"id_venta ":"559-24-4701","grado_satisfaccion":10},
{"id_venta ":"107-62-5412","grado_satisfaccion":4},
{"id_venta ":"298-56-6518","grado_satisfaccion":10},
{"id_venta ":"792-91-2528","grado_satisfaccion":2},
{"id_venta ":"520-48-6778","grado_satisfaccion":2},
{"id_venta ":"505-90-4671","grado_satisfaccion":4},
{"id_venta ":"838-19-8363","grado_satisfaccion":4},
{"id_venta ":"611-38-1562","grado_satisfaccion":7},
{"id_venta ":"342-02-2079","grado_satisfaccion":4},
{"id_venta ":"388-33-6143","grado_satisfaccion":6},
{"id_venta ":"327-42-3660","grado_satisfaccion":10},
{"id_venta ":"481-31-7555","grado_satisfaccion":7},
{"id_venta ":"730-50-9250","grado_satisfaccion":7},
{"id_venta ":"407-92-4702","grado_satisfaccion":4},
{"id_venta ":"368-99-8294","grado_satisfaccion":5},
{"id_venta ":"536-69-3573","grado_satisfaccion":8},
{"id_venta ":"279-84-1864","grado_satisfaccion":6},
{"id_venta ":"370-15-5925","grado_satisfaccion":2},
{"id_venta ":"773-75-0278","grado_satisfaccion":5},
{"id_venta ":"141-86-7770","grado_satisfaccion":5},
{"id_venta ":"242-69-6857","grado_satisfaccion":8},
{"id_venta ":"717-76-4930","grado_satisfaccion":5},
{"id_venta ":"326-11-8582","grado_satisfaccion":8},
{"id_venta ":"828-42-5037","grado_satisfaccion":5},
{"id_venta ":"796-14-3662","grado_satisfaccion":8},
{"id_venta ":"257-88-6711","grado_satisfaccion":9},
{"id_venta ":"836-88-9415","grado_satisfaccion":1},
{"id_venta ":"544-80-2301","grado_satisfaccion":5},
{"id_venta ":"708-91-8779","grado_satisfaccion":7},
{"id_venta ":"112-15-5052","grado_satisfaccion":3},
{"id_venta ":"337-10-2566","grado_satisfaccion":4},
{"id_venta ":"111-04-6664","grado_satisfaccion":9},
{"id_venta ":"582-38-6375","grado_satisfaccion":6},
{"id_venta ":"788-51-2844","grado_satisfaccion":5},
{"id_venta ":"491-78-0882","grado_satisfaccion":7},
{"id_venta ":"789-02-5852","grado_satisfaccion":5},
{"id_venta ":"317-22-4121","grado_satisfaccion":6},
{"id_venta ":"494-92-1811","grado_satisfaccion":5},
{"id_venta ":"139-43-1510","grado_satisfaccion":5},
{"id_venta ":"842-63-6479","grado_satisfaccion":9},
{"id_venta ":"189-16-0158","grado_satisfaccion":8},
{"id_venta ":"523-07-3588","grado_satisfaccion":4},
{"id_venta ":"552-61-4239","grado_satisfaccion":2},
{"id_venta ":"124-23-7708","grado_satisfaccion":4},
{"id_venta ":"353-71-3057","grado_satisfaccion":6},
{"id_venta ":"163-58-6546","grado_satisfaccion":3},
{"id_venta ":"773-50-8367","grado_satisfaccion":7},
{"id_venta ":"849-18-0211","grado_satisfaccion":8},
{"id_venta ":"846-05-7722","grado_satisfaccion":7},
{"id_venta ":"850-47-6710","grado_satisfaccion":7},
{"id_venta ":"279-65-8969","grado_satisfaccion":7},
{"id_venta ":"698-01-1732","grado_satisfaccion":7},
{"id_venta ":"172-77-9196","grado_satisfaccion":4},
{"id_venta ":"621-97-1596","grado_satisfaccion":8},
{"id_venta ":"126-33-9778","grado_satisfaccion":9},
{"id_venta ":"552-87-0002","grado_satisfaccion":10},
{"id_venta ":"104-65-6522","grado_satisfaccion":7},
{"id_venta ":"525-73-4483","grado_satisfaccion":8},
{"id_venta ":"792-59-8935","grado_satisfaccion":3},
{"id_venta ":"845-27-0659","grado_satisfaccion":2},
{"id_venta ":"123-70-8074","grado_satisfaccion":4},
{"id_venta ":"306-88-4505","grado_satisfaccion":5},
{"id_venta ":"559-36-8491","grado_satisfaccion":2},
{"id_venta ":"536-37-8586","grado_satisfaccion":7},
{"id_venta ":"852-60-7622","grado_satisfaccion":2},
{"id_venta ":"393-53-4775","grado_satisfaccion":9},
{"id_venta ":"668-23-5049","grado_satisfaccion":6},
{"id_venta ":"559-90-2203","grado_satisfaccion":9},
{"id_venta ":"231-52-2504","grado_satisfaccion":5},
{"id_venta ":"602-01-3616","grado_satisfaccion":9},
{"id_venta ":"350-88-0578","grado_satisfaccion":7},
{"id_venta ":"284-59-1253","grado_satisfaccion":3},
{"id_venta ":"571-39-7676","grado_satisfaccion":4},
{"id_venta ":"768-89-8493","grado_satisfaccion":8},
{"id_venta ":"257-75-0861","grado_satisfaccion":5},
{"id_venta ":"465-77-6487","grado_satisfaccion":2},
{"id_venta ":"204-48-0203","grado_satisfaccion":1},
{"id_venta ":"696-74-0643","grado_satisfaccion":2},
{"id_venta ":"446-19-2530","grado_satisfaccion":6},
{"id_venta ":"620-82-7650","grado_satisfaccion":4},
{"id_venta ":"324-55-1827","grado_satisfaccion":3},
{"id_venta ":"398-73-8637","grado_satisfaccion":7},
{"id_venta ":"372-40-0070","grado_satisfaccion":8},
{"id_venta ":"821-37-9466","grado_satisfaccion":9},
{"id_venta ":"314-59-6575","grado_satisfaccion":6},
{"id_venta ":"570-54-3567","grado_satisfaccion":9},
{"id_venta ":"476-41-0566","grado_satisfaccion":6},
{"id_venta ":"771-70-0377","grado_satisfaccion":4},
{"id_venta ":"841-36-2195","grado_satisfaccion":2},
{"id_venta ":"873-87-5344","grado_satisfaccion":7},
{"id_venta ":"805-18-6431","grado_satisfaccion":6},
{"id_venta ":"723-29-1272","grado_satisfaccion":3},
{"id_venta ":"393-85-7820","grado_satisfaccion":4},
{"id_venta ":"159-02-2098","grado_satisfaccion":4},
{"id_venta ":"665-74-4606","grado_satisfaccion":6},
{"id_venta ":"502-54-0656","grado_satisfaccion":10},
{"id_venta ":"125-95-8425","grado_satisfaccion":7},
{"id_venta ":"616-11-3750","grado_satisfaccion":3},
{"id_venta ":"187-23-2273","grado_satisfaccion":8},
{"id_venta ":"499-85-8061","grado_satisfaccion":3},
{"id_venta ":"137-60-1737","grado_satisfaccion":2},
{"id_venta ":"557-90-0867","grado_satisfaccion":4},
{"id_venta ":"250-13-0222","grado_satisfaccion":9},
{"id_venta ":"627-15-6078","grado_satisfaccion":3},
{"id_venta ":"241-64-6394","grado_satisfaccion":6},
{"id_venta ":"100-44-8166","grado_satisfaccion":7},
{"id_venta ":"812-78-7586","grado_satisfaccion":7},
{"id_venta ":"264-18-6290","grado_satisfaccion":7},
{"id_venta ":"405-58-7767","grado_satisfaccion":4},
{"id_venta ":"756-53-9750","grado_satisfaccion":5},
{"id_venta ":"482-27-8608","grado_satisfaccion":10},
{"id_venta ":"491-48-5888","grado_satisfaccion":9},
{"id_venta ":"428-97-2600","grado_satisfaccion":4},
{"id_venta ":"547-46-0741","grado_satisfaccion":2},
{"id_venta ":"708-14-8046","grado_satisfaccion":3},
{"id_venta ":"368-89-0134","grado_satisfaccion":8},
{"id_venta ":"301-80-4310","grado_satisfaccion":3},
{"id_venta ":"405-43-4092","grado_satisfaccion":8},
{"id_venta ":"867-64-5925","grado_satisfaccion":6},
{"id_venta ":"185-92-3849","grado_satisfaccion":2},
{"id_venta ":"400-69-8882","grado_satisfaccion":9},
{"id_venta ":"123-24-8041","grado_satisfaccion":4},
{"id_venta ":"488-05-5167","grado_satisfaccion":4},
{"id_venta ":"506-32-7306","grado_satisfaccion":9},
{"id_venta ":"599-89-8355","grado_satisfaccion":8},
{"id_venta ":"896-20-9345","grado_satisfaccion":1},
{"id_venta ":"550-50-4927","grado_satisfaccion":10},
{"id_venta ":"723-83-1883","grado_satisfaccion":4},
{"id_venta ":"812-36-1914","grado_satisfaccion":3},
{"id_venta ":"182-68-4763","grado_satisfaccion":6},
{"id_venta ":"593-07-7609","grado_satisfaccion":7},
{"id_venta ":"813-14-0831","grado_satisfaccion":7},
{"id_venta ":"118-64-2791","grado_satisfaccion":9},
{"id_venta ":"822-89-1397","grado_satisfaccion":10},
{"id_venta ":"673-69-6701","grado_satisfaccion":8},
{"id_venta ":"884-89-5616","grado_satisfaccion":9},
{"id_venta ":"239-54-2949","grado_satisfaccion":2},
{"id_venta ":"761-09-6756","grado_satisfaccion":5},
{"id_venta ":"295-96-7392","grado_satisfaccion":2},
{"id_venta ":"220-77-5922","grado_satisfaccion":7},
{"id_venta ":"154-34-8255","grado_satisfaccion":2},
{"id_venta ":"859-22-9020","grado_satisfaccion":6},
{"id_venta ":"131-06-9133","grado_satisfaccion":7},
{"id_venta ":"758-79-5066","grado_satisfaccion":10},
{"id_venta ":"359-89-1443","grado_satisfaccion":9},
{"id_venta ":"787-97-7078","grado_satisfaccion":1},
{"id_venta ":"652-19-7711","grado_satisfaccion":10},
{"id_venta ":"120-16-6295","grado_satisfaccion":6},
{"id_venta ":"613-68-1353","grado_satisfaccion":1},
{"id_venta ":"682-13-5911","grado_satisfaccion":9},
{"id_venta ":"437-18-3430","grado_satisfaccion":8},
{"id_venta ":"730-68-4602","grado_satisfaccion":2},
{"id_venta ":"258-90-1150","grado_satisfaccion":4},
{"id_venta ":"318-71-5368","grado_satisfaccion":3},
{"id_venta ":"431-95-5808","grado_satisfaccion":10},
{"id_venta ":"580-37-6931","grado_satisfaccion":4},
{"id_venta ":"718-59-5952","grado_satisfaccion":8},
{"id_venta ":"185-08-2948","grado_satisfaccion":9},
{"id_venta ":"354-40-5387","grado_satisfaccion":10},
{"id_venta ":"208-17-9164","grado_satisfaccion":3},
{"id_venta ":"108-98-8026","grado_satisfaccion":1},
{"id_venta ":"868-96-8214","grado_satisfaccion":5},
{"id_venta ":"749-86-9180","grado_satisfaccion":10},
{"id_venta ":"114-90-3781","grado_satisfaccion":7},
{"id_venta ":"266-79-0753","grado_satisfaccion":8},
{"id_venta ":"806-65-3793","grado_satisfaccion":5},
{"id_venta ":"571-14-8392","grado_satisfaccion":2},
{"id_venta ":"428-15-2141","grado_satisfaccion":2},
{"id_venta ":"769-84-0444","grado_satisfaccion":9},
{"id_venta ":"489-04-8918","grado_satisfaccion":8},
{"id_venta ":"729-50-1553","grado_satisfaccion":9},
{"id_venta ":"380-15-9227","grado_satisfaccion":6},
{"id_venta ":"467-82-6019","grado_satisfaccion":4},
{"id_venta ":"337-71-3014","grado_satisfaccion":2},
{"id_venta ":"263-25-3328","grado_satisfaccion":8},
{"id_venta ":"788-73-8408","grado_satisfaccion":5},
{"id_venta ":"575-73-0545","grado_satisfaccion":4},
{"id_venta ":"788-17-9744","grado_satisfaccion":3},
{"id_venta ":"772-22-0895","grado_satisfaccion":7},
{"id_venta ":"288-01-7106","grado_satisfaccion":5},
{"id_venta ":"678-61-0036","grado_satisfaccion":6},
{"id_venta ":"368-69-6572","grado_satisfaccion":9},
{"id_venta ":"457-33-9250","grado_satisfaccion":10},
{"id_venta ":"884-33-4073","grado_satisfaccion":4},
{"id_venta ":"195-17-9683","grado_satisfaccion":9},
{"id_venta ":"279-80-4602","grado_satisfaccion":6},
{"id_venta ":"691-73-8662","grado_satisfaccion":5},
{"id_venta ":"119-83-4575","grado_satisfaccion":4},
{"id_venta ":"792-56-8834","grado_satisfaccion":9},
{"id_venta ":"309-48-4507","grado_satisfaccion":5},
{"id_venta ":"612-98-9830","grado_satisfaccion":2},
{"id_venta ":"200-74-4732","grado_satisfaccion":6},
{"id_venta ":"517-35-0095","grado_satisfaccion":6},
{"id_venta ":"192-40-9595","grado_satisfaccion":3},
{"id_venta ":"889-16-5539","grado_satisfaccion":1},
{"id_venta ":"751-33-6306","grado_satisfaccion":4},
{"id_venta ":"269-44-2386","grado_satisfaccion":1},
{"id_venta ":"772-24-1254","grado_satisfaccion":10},
{"id_venta ":"412-45-3445","grado_satisfaccion":3},
{"id_venta ":"574-13-6088","grado_satisfaccion":7},
{"id_venta ":"329-33-7349","grado_satisfaccion":1},
{"id_venta ":"303-30-3816","grado_satisfaccion":8},
{"id_venta ":"882-83-4590","grado_satisfaccion":4},
{"id_venta ":"839-12-1974","grado_satisfaccion":1},
{"id_venta ":"381-35-8325","grado_satisfaccion":7},
{"id_venta ":"801-69-7077","grado_satisfaccion":4},
{"id_venta ":"107-72-1841","grado_satisfaccion":4},
{"id_venta ":"731-88-6391","grado_satisfaccion":5},
{"id_venta ":"818-30-0066","grado_satisfaccion":1},
{"id_venta ":"687-43-3762","grado_satisfaccion":6},
{"id_venta ":"649-60-0486","grado_satisfaccion":10},
{"id_venta ":"538-38-9742","grado_satisfaccion":8},
{"id_venta ":"540-92-9755","grado_satisfaccion":5},
{"id_venta ":"715-23-3012","grado_satisfaccion":4},
{"id_venta ":"811-08-0982","grado_satisfaccion":5},
{"id_venta ":"780-73-4528","grado_satisfaccion":3},
{"id_venta ":"313-96-4615","grado_satisfaccion":2},
{"id_venta ":"483-19-1650","grado_satisfaccion":8},
{"id_venta ":"170-96-7975","grado_satisfaccion":4},
{"id_venta ":"626-88-4091","grado_satisfaccion":9},
{"id_venta ":"173-56-7710","grado_satisfaccion":3},
{"id_venta ":"886-28-1423","grado_satisfaccion":8},
{"id_venta ":"121-28-0360","grado_satisfaccion":6},
{"id_venta ":"458-43-5701","grado_satisfaccion":8},
{"id_venta ":"625-52-3709","grado_satisfaccion":1},
{"id_venta ":"441-81-1548","grado_satisfaccion":2},
{"id_venta ":"211-13-9550","grado_satisfaccion":7},
{"id_venta ":"413-74-9374","grado_satisfaccion":9},
{"id_venta ":"233-96-4227","grado_satisfaccion":1},
{"id_venta ":"582-81-5048","grado_satisfaccion":10},
{"id_venta ":"301-93-0744","grado_satisfaccion":1},
{"id_venta ":"305-53-9780","grado_satisfaccion":9},
{"id_venta ":"425-50-3914","grado_satisfaccion":3},
{"id_venta ":"839-51-2451","grado_satisfaccion":5},
{"id_venta ":"858-42-2757","grado_satisfaccion":7},
{"id_venta ":"751-99-2237","grado_satisfaccion":7},
{"id_venta ":"722-41-5967","grado_satisfaccion":10},
{"id_venta ":"523-89-3287","grado_satisfaccion":4},
{"id_venta ":"289-92-2275","grado_satisfaccion":5},
{"id_venta ":"562-86-9564","grado_satisfaccion":2},
{"id_venta ":"431-52-2330","grado_satisfaccion":10},
{"id_venta ":"696-94-7005","grado_satisfaccion":7},
{"id_venta ":"553-93-8803","grado_satisfaccion":10},
{"id_venta ":"557-12-8358","grado_satisfaccion":6},
{"id_venta ":"653-93-8808","grado_satisfaccion":6},
{"id_venta ":"834-63-8420","grado_satisfaccion":8},
{"id_venta ":"883-14-2996","grado_satisfaccion":9},
{"id_venta ":"754-40-0019","grado_satisfaccion":8},
{"id_venta ":"879-98-7904","grado_satisfaccion":6},
{"id_venta ":"307-37-0432","grado_satisfaccion":7},
{"id_venta ":"746-15-9390","grado_satisfaccion":10},
{"id_venta ":"789-62-5056","grado_satisfaccion":9},
{"id_venta ":"883-62-3717","grado_satisfaccion":7},
{"id_venta ":"541-77-9988","grado_satisfaccion":7},
{"id_venta ":"396-06-0864","grado_satisfaccion":2},
{"id_venta ":"264-53-5644","grado_satisfaccion":10},
{"id_venta ":"788-83-8490","grado_satisfaccion":5},
{"id_venta ":"279-92-2995","grado_satisfaccion":2},
{"id_venta ":"405-45-4612","grado_satisfaccion":4},
{"id_venta ":"679-07-4235","grado_satisfaccion":6},
{"id_venta ":"489-53-2826","grado_satisfaccion":5},
{"id_venta ":"305-28-5627","grado_satisfaccion":1},
{"id_venta ":"324-19-5569","grado_satisfaccion":4},
{"id_venta ":"753-39-0879","grado_satisfaccion":1},
{"id_venta ":"437-12-3542","grado_satisfaccion":4},
{"id_venta ":"260-78-8813","grado_satisfaccion":7},
{"id_venta ":"186-69-7516","grado_satisfaccion":6},
{"id_venta ":"534-51-3990","grado_satisfaccion":7},
{"id_venta ":"605-83-1485","grado_satisfaccion":5},
{"id_venta ":"346-36-4388","grado_satisfaccion":3},
{"id_venta ":"168-85-7377","grado_satisfaccion":4},
{"id_venta ":"217-37-5205","grado_satisfaccion":10},
{"id_venta ":"201-78-4240","grado_satisfaccion":2},
{"id_venta ":"659-51-7072","grado_satisfaccion":8},
{"id_venta ":"600-67-4902","grado_satisfaccion":5},
{"id_venta ":"302-19-7135","grado_satisfaccion":5},
{"id_venta ":"557-81-8040","grado_satisfaccion":4},
{"id_venta ":"271-15-2239","grado_satisfaccion":3},
{"id_venta ":"149-17-5313","grado_satisfaccion":6},
{"id_venta ":"649-54-6410","grado_satisfaccion":7},
{"id_venta ":"422-36-5221","grado_satisfaccion":6},
{"id_venta ":"866-69-3678","grado_satisfaccion":3},
{"id_venta ":"622-11-9485","grado_satisfaccion":8},
{"id_venta ":"257-03-3506","grado_satisfaccion":3},
{"id_venta ":"843-18-6249","grado_satisfaccion":9},
{"id_venta ":"680-22-4900","grado_satisfaccion":4},
{"id_venta ":"884-83-5090","grado_satisfaccion":7},
{"id_venta ":"429-46-0748","grado_satisfaccion":8},
{"id_venta ":"874-30-7599","grado_satisfaccion":5},
{"id_venta ":"776-26-4436","grado_satisfaccion":4},
{"id_venta ":"285-92-6282","grado_satisfaccion":8},
{"id_venta ":"236-78-1342","grado_satisfaccion":1},
{"id_venta ":"231-03-5740","grado_satisfaccion":2},
{"id_venta ":"795-32-5431","grado_satisfaccion":7},
{"id_venta ":"719-06-6106","grado_satisfaccion":6},
{"id_venta ":"778-32-9382","grado_satisfaccion":10},
{"id_venta ":"119-19-1513","grado_satisfaccion":2},
{"id_venta ":"147-43-5256","grado_satisfaccion":10},
{"id_venta ":"858-69-1117","grado_satisfaccion":9},
{"id_venta ":"191-57-6695","grado_satisfaccion":9},
{"id_venta ":"833-75-8145","grado_satisfaccion":1},
{"id_venta ":"631-91-5035","grado_satisfaccion":4},
{"id_venta ":"409-57-8676","grado_satisfaccion":4},
{"id_venta ":"461-34-6924","grado_satisfaccion":2},
{"id_venta ":"643-35-3842","grado_satisfaccion":10},
{"id_venta ":"812-61-4955","grado_satisfaccion":2},
{"id_venta ":"367-24-0732","grado_satisfaccion":4},
{"id_venta ":"536-78-2178","grado_satisfaccion":4},
{"id_venta ":"526-92-2283","grado_satisfaccion":3},
{"id_venta ":"206-88-9152","grado_satisfaccion":10},
{"id_venta ":"605-59-2201","grado_satisfaccion":7},
{"id_venta ":"762-54-3126","grado_satisfaccion":3},
{"id_venta ":"193-30-2405","grado_satisfaccion":5},
{"id_venta ":"540-44-5069","grado_satisfaccion":10}]