[{"id":"575-47-0950","first_name":"Mylo"},
{"id":"615-17-4366","first_name":"Peterus"},
{"id":"155-76-4038","first_name":"Rufus"},
{"id":"405-10-7349","first_name":"Evan"},
{"id":"162-51-7162","first_name":"Riccardo"},
{"id":"386-34-2927","first_name":"Chicky"},
{"id":"368-26-6376","first_name":"Nelly"},
{"id":"125-69-3496","first_name":"Melinda"},
{"id":"389-78-2414","first_name":"Jone"},
{"id":"609-23-8677","first_name":"Evita"},
{"id":"320-98-6233","first_name":"Rainer"},
{"id":"812-85-7914","first_name":"Lionello"},
{"id":"709-91-8215","first_name":"Matelda"},
{"id":"809-25-8943","first_name":"Stevena"},
{"id":"440-23-2079","first_name":"Gilli"},
{"id":"426-75-9250","first_name":"Iorgo"},
{"id":"165-11-8836","first_name":"Carlye"},
{"id":"485-84-3643","first_name":"Yorgos"},
{"id":"539-86-2248","first_name":"Heather"},
{"id":"498-94-5904","first_name":"Kirstin"},
{"id":"372-26-0900","first_name":"Gonzales"},
{"id":"646-89-0536","first_name":"Charmane"},
{"id":"552-19-5008","first_name":"Glennis"},
{"id":"461-66-6289","first_name":"Cindi"},
{"id":"470-37-1078","first_name":"Maggee"},
{"id":"813-07-5951","first_name":"Guthry"},
{"id":"729-27-4015","first_name":"Dotty"},
{"id":"349-20-0666","first_name":"Forster"},
{"id":"514-40-2092","first_name":"Elisabet"},
{"id":"730-67-4796","first_name":"Nilson"},
{"id":"402-63-7018","first_name":"Saleem"},
{"id":"583-21-5206","first_name":"Marlo"},
{"id":"665-64-7937","first_name":"Sauveur"},
{"id":"792-70-0819","first_name":"Ansell"},
{"id":"254-03-3385","first_name":"Dorrie"},
{"id":"192-29-9119","first_name":"Gaile"},
{"id":"341-82-7253","first_name":"Jenilee"},
{"id":"750-70-9426","first_name":"Francois"},
{"id":"590-15-8775","first_name":"Jillian"},
{"id":"806-21-7667","first_name":"Llywellyn"},
{"id":"414-15-8905","first_name":"Mord"},
{"id":"515-50-8216","first_name":"Patti"},
{"id":"340-69-9341","first_name":"Stanleigh"},
{"id":"614-30-2377","first_name":"Leilah"},
{"id":"398-18-6721","first_name":"Claudell"},
{"id":"860-24-9184","first_name":"Fayina"},
{"id":"533-38-1510","first_name":"Dewain"},
{"id":"220-03-3943","first_name":"Shurlocke"},
{"id":"606-76-3174","first_name":"Tobias"},
{"id":"121-02-2622","first_name":"Lou"},
{"id":"448-56-4634","first_name":"Nichole"},
{"id":"645-84-3767","first_name":"Keslie"},
{"id":"522-57-1026","first_name":"Binky"},
{"id":"667-62-8460","first_name":"Kathie"},
{"id":"262-67-1889","first_name":"Ben"},
{"id":"671-40-0554","first_name":"Peyter"},
{"id":"581-53-4793","first_name":"Hayden"},
{"id":"357-16-1027","first_name":"Kurtis"},
{"id":"861-56-2811","first_name":"Garner"},
{"id":"202-72-3919","first_name":"Jewelle"},
{"id":"612-42-7501","first_name":"Justus"},
{"id":"393-41-5691","first_name":"Nathan"},
{"id":"657-49-9133","first_name":"Wilbert"},
{"id":"583-42-8290","first_name":"Violetta"},
{"id":"361-11-7313","first_name":"Clarke"},
{"id":"228-72-2782","first_name":"Valentin"},
{"id":"252-05-9493","first_name":"Simonne"},
{"id":"536-98-6174","first_name":"Haven"},
{"id":"412-06-7791","first_name":"Lincoln"},
{"id":"388-71-2658","first_name":"Melody"},
{"id":"111-99-8896","first_name":"Ina"},
{"id":"287-20-7376","first_name":"Elayne"},
{"id":"400-50-6562","first_name":"Jeanette"},
{"id":"112-47-2653","first_name":"Phillie"},
{"id":"571-45-6365","first_name":"D'arcy"},
{"id":"755-64-6955","first_name":"Zeke"},
{"id":"320-12-5037","first_name":"Alanna"},
{"id":"524-24-8427","first_name":"Ursulina"},
{"id":"825-78-7325","first_name":"Matthus"},
{"id":"552-34-4177","first_name":"Pauli"},
{"id":"237-23-4008","first_name":"Godard"},
{"id":"683-59-0506","first_name":"Linn"},
{"id":"852-86-7925","first_name":"Leonardo"},
{"id":"318-34-2040","first_name":"Lance"},
{"id":"759-98-2645","first_name":"Will"},
{"id":"220-58-8753","first_name":"Teodoro"},
{"id":"214-27-7483","first_name":"Curtis"},
{"id":"110-87-0730","first_name":"Jennee"},
{"id":"504-65-1159","first_name":"Starlin"},
{"id":"797-42-0879","first_name":"Pamela"},
{"id":"793-59-6048","first_name":"Dare"},
{"id":"615-29-0437","first_name":"Anallise"},
{"id":"283-36-1017","first_name":"Trueman"},
{"id":"819-08-4204","first_name":"Aldridge"},
{"id":"441-17-2382","first_name":"Zuzana"},
{"id":"821-39-5838","first_name":"Kirbie"},
{"id":"743-93-5758","first_name":"Ronica"},
{"id":"761-38-2061","first_name":"Darn"},
{"id":"505-80-8865","first_name":"Cornie"},
{"id":"192-02-0075","first_name":"Ermentrude"},
{"id":"252-94-4484","first_name":"Kennett"},
{"id":"713-67-9578","first_name":"Silvester"},
{"id":"869-02-6998","first_name":"Emma"},
{"id":"295-91-4229","first_name":"Meggy"},
{"id":"204-50-2211","first_name":"Liesa"},
{"id":"356-53-4210","first_name":"Goldina"},
{"id":"488-07-9692","first_name":"Timofei"},
{"id":"235-42-8607","first_name":"Addi"},
{"id":"838-90-2036","first_name":"Rhody"},
{"id":"583-40-8344","first_name":"Burnaby"},
{"id":"236-68-5900","first_name":"Yevette"},
{"id":"128-09-3701","first_name":"Meggie"},
{"id":"643-50-5121","first_name":"Clo"},
{"id":"435-10-4405","first_name":"Germayne"},
{"id":"601-98-4414","first_name":"Gaby"},
{"id":"580-69-0059","first_name":"Clevie"},
{"id":"829-02-5276","first_name":"Aurelia"},
{"id":"775-80-3562","first_name":"Igor"},
{"id":"375-15-8895","first_name":"Ethelda"},
{"id":"266-64-9339","first_name":"Vivyan"},
{"id":"132-01-3692","first_name":"Lorilee"},
{"id":"646-42-3825","first_name":"Anetta"},
{"id":"210-43-9998","first_name":"Christiana"},
{"id":"444-25-5658","first_name":"Penelopa"},
{"id":"514-08-9925","first_name":"Kennie"},
{"id":"304-85-5359","first_name":"Willa"},
{"id":"370-48-6146","first_name":"Donal"},
{"id":"866-97-6195","first_name":"Montgomery"},
{"id":"811-63-6927","first_name":"Licha"},
{"id":"322-62-6599","first_name":"Jeralee"},
{"id":"516-46-6869","first_name":"Boote"},
{"id":"886-78-0751","first_name":"Willy"},
{"id":"895-92-4759","first_name":"Ikey"},
{"id":"242-95-0585","first_name":"Jeramey"},
{"id":"219-10-2062","first_name":"Beverley"},
{"id":"429-62-2795","first_name":"Elyse"},
{"id":"396-01-7570","first_name":"Olenolin"},
{"id":"508-63-1522","first_name":"Orson"},
{"id":"520-82-0730","first_name":"Nicola"},
{"id":"464-13-1656","first_name":"Meier"},
{"id":"854-86-1711","first_name":"Ronny"},
{"id":"252-53-3812","first_name":"Wini"},
{"id":"192-01-7260","first_name":"Elva"},
{"id":"702-52-5882","first_name":"Sebastian"},
{"id":"433-78-8071","first_name":"Rori"},
{"id":"503-55-0286","first_name":"Liam"},
{"id":"141-25-4324","first_name":"Candy"},
{"id":"299-96-6145","first_name":"Cirilo"},
{"id":"793-43-2562","first_name":"Lil"},
{"id":"234-82-8487","first_name":"Lurline"},
{"id":"732-40-5354","first_name":"Ewart"},
{"id":"192-16-5221","first_name":"Casar"},
{"id":"476-50-3113","first_name":"Darcee"},
{"id":"182-37-7756","first_name":"Cathee"},
{"id":"519-52-7971","first_name":"Maribelle"},
{"id":"361-12-9847","first_name":"Dawn"},
{"id":"539-79-7157","first_name":"Blakelee"},
{"id":"533-91-2620","first_name":"Thorndike"},
{"id":"300-53-7283","first_name":"Goldy"},
{"id":"381-41-1933","first_name":"Brandea"},
{"id":"281-16-8049","first_name":"Irita"},
{"id":"259-01-9200","first_name":"Hercule"},
{"id":"784-02-0676","first_name":"Juliann"},
{"id":"132-39-6210","first_name":"Wylma"},
{"id":"509-11-6265","first_name":"Caron"},
{"id":"309-77-2227","first_name":"Webster"},
{"id":"537-02-6024","first_name":"Lily"},
{"id":"668-38-3070","first_name":"Jess"},
{"id":"713-25-5184","first_name":"Bathsheba"},
{"id":"359-31-6863","first_name":"Kriste"},
{"id":"254-62-8240","first_name":"Caryn"},
{"id":"777-57-5841","first_name":"Ashton"},
{"id":"455-33-0381","first_name":"Ophelie"},
{"id":"142-63-8890","first_name":"Eduino"},
{"id":"654-49-9184","first_name":"Adair"},
{"id":"531-13-2267","first_name":"Janek"},
{"id":"606-37-0909","first_name":"Mill"},
{"id":"505-82-2642","first_name":"Bo"},
{"id":"294-78-7418","first_name":"Kristy"},
{"id":"485-12-4159","first_name":"Audi"},
{"id":"836-46-9113","first_name":"Evelyn"},
{"id":"293-48-4545","first_name":"Gertrud"},
{"id":"268-40-8517","first_name":"Krista"},
{"id":"706-41-7335","first_name":"Livia"},
{"id":"668-48-2410","first_name":"Doralia"},
{"id":"260-75-0492","first_name":"Tammy"},
{"id":"434-49-2425","first_name":"Margaret"},
{"id":"766-48-7832","first_name":"Min"},
{"id":"191-48-8810","first_name":"Virgina"},
{"id":"882-14-8386","first_name":"Yancy"},
{"id":"752-88-0348","first_name":"Shannan"},
{"id":"696-09-9243","first_name":"Zsa zsa"},
{"id":"310-43-6892","first_name":"Toby"},
{"id":"195-28-0846","first_name":"Courtnay"},
{"id":"360-64-4518","first_name":"Mata"},
{"id":"364-29-5777","first_name":"Phebe"},
{"id":"787-47-3686","first_name":"Byron"},
{"id":"590-07-3125","first_name":"Maximo"},
{"id":"409-45-8647","first_name":"Meridel"},
{"id":"289-43-0561","first_name":"Maitilde"},
{"id":"131-44-0152","first_name":"Carmine"},
{"id":"740-49-0452","first_name":"Kile"},
{"id":"552-30-3908","first_name":"Glynn"},
{"id":"597-84-3956","first_name":"Daphne"},
{"id":"101-22-4962","first_name":"Celestine"},
{"id":"421-65-4335","first_name":"Nikolaus"},
{"id":"887-91-7292","first_name":"Thekla"},
{"id":"780-34-0585","first_name":"Ronda"},
{"id":"868-57-9338","first_name":"Malorie"},
{"id":"454-18-8891","first_name":"Abby"},
{"id":"195-04-5597","first_name":"Dottie"},
{"id":"680-66-6985","first_name":"Brantley"},
{"id":"124-71-9067","first_name":"Raddy"},
{"id":"835-43-9279","first_name":"Archibaldo"},
{"id":"596-74-2593","first_name":"Zedekiah"},
{"id":"630-33-2313","first_name":"Binni"},
{"id":"741-55-5402","first_name":"Joly"},
{"id":"826-20-8686","first_name":"Trenton"},
{"id":"698-92-1053","first_name":"Flss"},
{"id":"802-17-0909","first_name":"Anallise"},
{"id":"560-34-5062","first_name":"Jolee"},
{"id":"143-32-6396","first_name":"Ogden"},
{"id":"175-62-3588","first_name":"Ambrosius"},
{"id":"552-18-3457","first_name":"Cynthia"},
{"id":"527-32-8424","first_name":"Lotti"},
{"id":"699-12-3281","first_name":"Alia"},
{"id":"796-88-8107","first_name":"Eachelle"},
{"id":"158-12-0942","first_name":"Marietta"},
{"id":"377-83-2129","first_name":"Jodie"},
{"id":"367-03-4639","first_name":"Elissa"},
{"id":"745-92-6283","first_name":"Tanner"},
{"id":"482-35-9023","first_name":"Brendin"},
{"id":"766-61-8746","first_name":"Gabbey"},
{"id":"158-41-8460","first_name":"Marcella"},
{"id":"634-63-7733","first_name":"Hattie"},
{"id":"241-11-6437","first_name":"Flossie"},
{"id":"764-75-7144","first_name":"Holt"},
{"id":"885-53-1505","first_name":"Allen"},
{"id":"175-34-4534","first_name":"Angele"},
{"id":"240-01-6153","first_name":"Dylan"},
{"id":"478-39-0880","first_name":"Thomasa"},
{"id":"292-43-4312","first_name":"Lilla"},
{"id":"773-37-3132","first_name":"Katya"},
{"id":"827-77-5371","first_name":"Klemens"},
{"id":"591-56-9390","first_name":"Nanice"},
{"id":"717-90-2353","first_name":"Cord"},
{"id":"256-55-5802","first_name":"Lyn"},
{"id":"238-47-1939","first_name":"Antoinette"},
{"id":"184-97-1598","first_name":"Joly"},
{"id":"203-89-5637","first_name":"Emmalyn"},
{"id":"639-88-2316","first_name":"Hamid"},
{"id":"599-50-1800","first_name":"Moses"},
{"id":"599-71-5048","first_name":"Wallie"},
{"id":"571-75-6245","first_name":"Nancee"},
{"id":"356-39-3708","first_name":"Burch"},
{"id":"755-71-7138","first_name":"Sheryl"},
{"id":"489-67-0711","first_name":"Sherwynd"},
{"id":"806-56-3617","first_name":"Oates"},
{"id":"240-44-9381","first_name":"Hinda"},
{"id":"734-76-5376","first_name":"Jessie"},
{"id":"834-73-4679","first_name":"Cam"},
{"id":"173-97-8944","first_name":"Delmor"},
{"id":"432-56-9103","first_name":"Claudine"},
{"id":"184-26-5398","first_name":"Justus"},
{"id":"564-78-0145","first_name":"Renado"},
{"id":"229-27-7116","first_name":"Prentiss"},
{"id":"849-35-3381","first_name":"Christabel"},
{"id":"448-69-3830","first_name":"Maxine"},
{"id":"534-05-0548","first_name":"Evie"},
{"id":"521-51-7992","first_name":"Ulberto"},
{"id":"485-61-4893","first_name":"Teresa"},
{"id":"625-86-9894","first_name":"Corey"},
{"id":"731-43-1067","first_name":"Mickey"},
{"id":"727-37-6318","first_name":"Becca"},
{"id":"776-76-3762","first_name":"Dusty"},
{"id":"798-68-4590","first_name":"Dorena"},
{"id":"697-48-2067","first_name":"Kelcey"},
{"id":"571-63-2164","first_name":"Sargent"},
{"id":"817-91-2221","first_name":"Jannelle"},
{"id":"329-94-4790","first_name":"Brooke"},
{"id":"351-64-6657","first_name":"Courtenay"},
{"id":"551-26-6982","first_name":"Theresa"},
{"id":"625-08-4735","first_name":"Aubrie"},
{"id":"296-03-1863","first_name":"Leroy"},
{"id":"793-91-4416","first_name":"Valina"},
{"id":"448-92-2887","first_name":"Fayette"},
{"id":"213-24-3747","first_name":"Willem"},
{"id":"489-73-3105","first_name":"Marget"},
{"id":"273-22-0225","first_name":"Chelsey"},
{"id":"725-62-7986","first_name":"Ruttger"},
{"id":"267-24-7238","first_name":"Aveline"},
{"id":"372-70-6707","first_name":"Fredra"},
{"id":"294-49-1040","first_name":"Star"},
{"id":"475-83-2827","first_name":"Candida"},
{"id":"327-82-3854","first_name":"Nevil"},
{"id":"860-91-1980","first_name":"Etti"},
{"id":"873-15-6508","first_name":"Skelly"},
{"id":"134-17-6762","first_name":"Todd"},
{"id":"745-87-5350","first_name":"Levi"},
{"id":"120-15-8274","first_name":"Sly"},
{"id":"304-69-9088","first_name":"Sylas"},
{"id":"799-43-7914","first_name":"Erie"},
{"id":"705-71-9833","first_name":"Olivette"},
{"id":"887-86-9365","first_name":"Albertina"},
{"id":"865-12-9993","first_name":"Luca"},
{"id":"165-46-4692","first_name":"Lane"},
{"id":"207-73-7104","first_name":"Spencer"},
{"id":"226-30-0038","first_name":"Kim"},
{"id":"554-58-1230","first_name":"Dorella"},
{"id":"828-72-2720","first_name":"Lelia"},
{"id":"104-09-2388","first_name":"Donielle"},
{"id":"766-13-6267","first_name":"Margeaux"},
{"id":"389-90-9473","first_name":"Ralph"},
{"id":"887-90-1440","first_name":"Legra"},
{"id":"483-38-3149","first_name":"Benni"},
{"id":"542-94-1324","first_name":"Idell"},
{"id":"148-20-4721","first_name":"Donal"},
{"id":"626-01-7395","first_name":"Tedie"},
{"id":"215-95-8774","first_name":"Regan"},
{"id":"701-53-4503","first_name":"Paige"},
{"id":"722-38-7099","first_name":"Sibylla"},
{"id":"681-90-1237","first_name":"Rod"},
{"id":"171-19-9281","first_name":"Gypsy"},
{"id":"709-38-8117","first_name":"Anne-corinne"},
{"id":"257-83-5793","first_name":"Ulick"},
{"id":"308-96-6948","first_name":"Pasquale"},
{"id":"482-16-5654","first_name":"Guenna"},
{"id":"864-91-0314","first_name":"Corenda"},
{"id":"642-52-1452","first_name":"Bud"},
{"id":"263-63-7535","first_name":"Gusella"},
{"id":"467-58-6292","first_name":"Merl"},
{"id":"525-57-8988","first_name":"Anabella"},
{"id":"721-30-0052","first_name":"Clementina"},
{"id":"479-11-4106","first_name":"Letizia"},
{"id":"305-71-6324","first_name":"Rorie"},
{"id":"219-31-3393","first_name":"Lamond"},
{"id":"148-38-7687","first_name":"Samara"},
{"id":"281-13-7715","first_name":"Marquita"},
{"id":"767-51-9676","first_name":"Tammi"},
{"id":"878-99-5292","first_name":"Theodore"},
{"id":"239-32-0085","first_name":"Alaine"},
{"id":"324-93-8538","first_name":"Ethelbert"},
{"id":"625-57-3010","first_name":"Gabi"},
{"id":"106-62-3502","first_name":"Carey"},
{"id":"568-93-1068","first_name":"Erskine"},
{"id":"568-61-7304","first_name":"Jason"},
{"id":"355-58-1172","first_name":"Sterne"},
{"id":"106-77-7499","first_name":"Tori"},
{"id":"428-81-1185","first_name":"Raychel"},
{"id":"298-46-5266","first_name":"Mamie"},
{"id":"810-35-4508","first_name":"Salli"},
{"id":"861-80-2609","first_name":"Jackie"},
{"id":"561-57-4629","first_name":"Pauline"},
{"id":"873-72-5062","first_name":"Lenci"},
{"id":"392-48-4851","first_name":"Cookie"},
{"id":"856-90-8993","first_name":"Krisha"},
{"id":"628-88-8793","first_name":"Delphinia"},
{"id":"317-38-6254","first_name":"Flinn"},
{"id":"142-84-4063","first_name":"Theressa"},
{"id":"283-80-3867","first_name":"Linnea"},
{"id":"516-75-0351","first_name":"Boris"},
{"id":"576-44-2300","first_name":"Daveen"},
{"id":"858-29-9790","first_name":"Nicolis"},
{"id":"882-50-3453","first_name":"Ingeberg"},
{"id":"478-25-7637","first_name":"Simeon"},
{"id":"708-03-0280","first_name":"Payton"},
{"id":"298-55-6113","first_name":"Case"},
{"id":"706-76-5286","first_name":"Jerri"},
{"id":"104-81-3330","first_name":"Ann-marie"},
{"id":"850-94-4552","first_name":"Simeon"},
{"id":"138-38-2488","first_name":"Johnette"},
{"id":"631-19-9378","first_name":"Perceval"},
{"id":"301-14-6128","first_name":"Theodoric"},
{"id":"365-36-5686","first_name":"Henry"},
{"id":"801-26-4872","first_name":"Ingra"},
{"id":"542-61-7124","first_name":"Zenia"},
{"id":"697-66-3445","first_name":"El"},
{"id":"462-81-6823","first_name":"Lefty"},
{"id":"670-65-8671","first_name":"Ulrick"},
{"id":"246-49-5445","first_name":"Ivan"},
{"id":"150-36-4794","first_name":"Hashim"},
{"id":"694-26-8716","first_name":"Beverie"},
{"id":"501-96-4042","first_name":"Corbie"},
{"id":"386-36-1048","first_name":"Freddie"},
{"id":"664-19-5479","first_name":"Moyra"},
{"id":"549-97-7802","first_name":"Isador"},
{"id":"758-19-0122","first_name":"Hilliary"},
{"id":"891-56-9240","first_name":"Kessiah"},
{"id":"781-84-1659","first_name":"Basia"},
{"id":"219-21-5575","first_name":"Mil"},
{"id":"160-46-8641","first_name":"Corella"},
{"id":"474-67-5852","first_name":"Ddene"},
{"id":"214-50-1999","first_name":"Saba"},
{"id":"504-38-0815","first_name":"Imelda"},
{"id":"551-21-0617","first_name":"Idell"},
{"id":"324-11-3573","first_name":"Hilde"},
{"id":"135-52-7873","first_name":"Stacey"},
{"id":"450-08-4145","first_name":"Farrel"},
{"id":"231-26-1651","first_name":"Ruperta"},
{"id":"109-17-4672","first_name":"Zorana"},
{"id":"583-78-8753","first_name":"Marlin"},
{"id":"841-97-8754","first_name":"Baldwin"},
{"id":"502-28-0888","first_name":"Filia"},
{"id":"120-38-7563","first_name":"Tammie"},
{"id":"810-57-3687","first_name":"Carin"},
{"id":"792-38-8087","first_name":"Fancie"},
{"id":"419-44-5522","first_name":"Dido"},
{"id":"570-20-1295","first_name":"Hubey"},
{"id":"203-18-1349","first_name":"Beniamino"},
{"id":"749-07-3082","first_name":"Ginnie"},
{"id":"438-04-1187","first_name":"Petey"},
{"id":"632-35-7813","first_name":"Elnar"},
{"id":"839-53-9389","first_name":"Lenard"},
{"id":"133-93-8559","first_name":"Cynthea"},
{"id":"735-32-1093","first_name":"Armin"},
{"id":"512-27-8805","first_name":"Cammy"},
{"id":"238-92-6830","first_name":"Nicol"},
{"id":"860-71-8476","first_name":"Oliy"},
{"id":"176-83-8271","first_name":"Fidel"},
{"id":"451-32-1655","first_name":"Karissa"},
{"id":"201-42-8986","first_name":"Dannye"},
{"id":"262-48-2318","first_name":"Marten"},
{"id":"845-11-6333","first_name":"Bridgette"},
{"id":"769-40-7194","first_name":"Daveta"},
{"id":"406-74-8126","first_name":"Agace"},
{"id":"504-04-1779","first_name":"Adair"},
{"id":"165-86-9325","first_name":"Betsy"},
{"id":"103-24-4814","first_name":"Albertine"},
{"id":"767-56-9367","first_name":"Revkah"},
{"id":"534-58-3057","first_name":"Galvin"},
{"id":"699-48-5683","first_name":"Haven"},
{"id":"386-40-9720","first_name":"Cullan"},
{"id":"702-08-9269","first_name":"Joy"},
{"id":"593-61-1013","first_name":"Jinny"},
{"id":"508-19-6513","first_name":"Celka"},
{"id":"131-66-3035","first_name":"Basil"},
{"id":"761-32-9316","first_name":"Doug"},
{"id":"542-53-1902","first_name":"Daile"},
{"id":"264-53-9406","first_name":"Kenon"},
{"id":"744-23-6743","first_name":"Klara"},
{"id":"465-18-1026","first_name":"Dianemarie"},
{"id":"409-91-4212","first_name":"Colby"},
{"id":"723-16-9677","first_name":"Rubin"},
{"id":"460-89-4000","first_name":"Price"},
{"id":"475-07-9015","first_name":"Jermayne"},
{"id":"119-19-9897","first_name":"Brietta"},
{"id":"788-18-0317","first_name":"Catherina"},
{"id":"858-93-2021","first_name":"Dru"},
{"id":"734-63-5088","first_name":"Alidia"},
{"id":"406-79-6061","first_name":"Duffy"},
{"id":"591-66-2313","first_name":"Pauletta"},
{"id":"682-41-5215","first_name":"Dominique"},
{"id":"791-37-1688","first_name":"Ivett"},
{"id":"885-18-0658","first_name":"Melvin"},
{"id":"169-38-1147","first_name":"Haze"},
{"id":"444-78-7990","first_name":"Mallory"},
{"id":"212-88-9705","first_name":"Kristos"},
{"id":"834-32-8064","first_name":"Artur"},
{"id":"232-68-3861","first_name":"Friedrick"},
{"id":"492-19-0047","first_name":"Ramsay"},
{"id":"207-62-3778","first_name":"Consalve"},
{"id":"882-82-3482","first_name":"Leanor"},
{"id":"767-08-9690","first_name":"Neale"},
{"id":"401-89-6778","first_name":"Siward"},
{"id":"661-89-3348","first_name":"Lilith"},
{"id":"677-24-2012","first_name":"Renie"},
{"id":"636-42-1107","first_name":"Heinrick"},
{"id":"560-56-5905","first_name":"Krishna"},
{"id":"423-02-0546","first_name":"Henry"},
{"id":"769-93-3413","first_name":"Kandace"},
{"id":"175-62-9763","first_name":"Audie"},
{"id":"454-30-0160","first_name":"Alain"},
{"id":"883-29-6463","first_name":"Eliza"},
{"id":"528-80-0364","first_name":"Christi"},
{"id":"742-19-5377","first_name":"Trent"},
{"id":"602-21-9770","first_name":"Kenon"},
{"id":"435-73-7179","first_name":"Cornelius"},
{"id":"363-61-8666","first_name":"Vernen"},
{"id":"608-37-5137","first_name":"Alfi"},
{"id":"205-12-7303","first_name":"Klemens"},
{"id":"732-82-1542","first_name":"Margeaux"},
{"id":"126-65-3971","first_name":"Chicky"},
{"id":"103-44-6787","first_name":"Sanson"},
{"id":"349-69-2814","first_name":"Danie"},
{"id":"275-70-8308","first_name":"Indira"},
{"id":"898-78-7860","first_name":"Elton"},
{"id":"590-48-2547","first_name":"Benn"},
{"id":"440-43-7281","first_name":"Jermaine"},
{"id":"800-83-5884","first_name":"Forester"},
{"id":"400-67-4016","first_name":"Skipp"},
{"id":"656-59-9707","first_name":"Andriana"},
{"id":"818-14-0569","first_name":"Michelle"},
{"id":"717-78-7049","first_name":"Jackson"},
{"id":"598-40-7732","first_name":"Chickie"},
{"id":"131-69-4345","first_name":"Ruthe"},
{"id":"144-66-2072","first_name":"Dev"},
{"id":"817-37-4955","first_name":"Ginni"},
{"id":"705-89-2380","first_name":"Andrej"},
{"id":"160-83-2251","first_name":"Eldridge"},
{"id":"346-24-6808","first_name":"Antonina"},
{"id":"789-09-9268","first_name":"Jenny"},
{"id":"350-65-0467","first_name":"Davy"},
{"id":"115-85-8683","first_name":"Timi"},
{"id":"704-53-8717","first_name":"Nester"},
{"id":"817-95-5323","first_name":"Freedman"},
{"id":"479-10-0939","first_name":"Angel"},
{"id":"744-90-7603","first_name":"Suzanna"},
{"id":"472-13-4963","first_name":"Myrilla"},
{"id":"199-05-1202","first_name":"Rozanne"},
{"id":"392-73-7988","first_name":"Christie"},
{"id":"839-99-5441","first_name":"Katine"},
{"id":"742-68-2010","first_name":"Wiley"},
{"id":"221-29-2719","first_name":"Merlina"},
{"id":"119-86-8826","first_name":"Helyn"},
{"id":"848-61-7238","first_name":"Melisse"},
{"id":"334-26-4898","first_name":"Aubine"},
{"id":"159-18-6927","first_name":"Winifield"},
{"id":"722-74-4599","first_name":"Fanya"},
{"id":"238-85-5329","first_name":"Magdalena"},
{"id":"287-76-4729","first_name":"Amandi"},
{"id":"154-52-4988","first_name":"Heddi"},
{"id":"631-67-3300","first_name":"Sidoney"},
{"id":"722-67-1903","first_name":"Matthieu"},
{"id":"688-55-3540","first_name":"Shoshanna"},
{"id":"185-06-6726","first_name":"Benedicta"},
{"id":"433-30-7876","first_name":"Barclay"},
{"id":"899-04-4140","first_name":"Cristy"},
{"id":"629-02-2210","first_name":"Garth"},
{"id":"192-34-6485","first_name":"Adolph"},
{"id":"130-13-0663","first_name":"Martha"},
{"id":"414-42-2285","first_name":"Rori"},
{"id":"725-29-8120","first_name":"Shayna"},
{"id":"477-34-5983","first_name":"Redford"},
{"id":"443-15-1826","first_name":"Christiano"},
{"id":"670-43-6069","first_name":"Kimberlee"},
{"id":"566-06-1347","first_name":"Ernst"},
{"id":"539-63-1617","first_name":"Elwira"},
{"id":"745-19-4899","first_name":"Vivyanne"},
{"id":"203-87-2445","first_name":"Dulce"},
{"id":"685-41-8846","first_name":"Nani"},
{"id":"876-21-4820","first_name":"Velvet"},
{"id":"621-64-8290","first_name":"Lazaro"},
{"id":"340-78-8226","first_name":"Claudina"},
{"id":"386-21-1474","first_name":"Katee"},
{"id":"689-82-9337","first_name":"Katey"},
{"id":"142-68-4893","first_name":"Wynne"},
{"id":"781-05-3403","first_name":"Marieann"},
{"id":"468-05-2348","first_name":"Almeta"},
{"id":"817-45-9088","first_name":"Fina"},
{"id":"871-30-8488","first_name":"Arlen"},
{"id":"492-08-9732","first_name":"Ellen"},
{"id":"108-52-4125","first_name":"Claudian"},
{"id":"259-24-9025","first_name":"Babita"},
{"id":"744-31-7566","first_name":"Karoly"},
{"id":"399-13-8192","first_name":"Breanne"},
{"id":"185-92-2671","first_name":"Jonas"},
{"id":"656-89-1259","first_name":"Elladine"},
{"id":"487-24-1995","first_name":"Jared"},
{"id":"550-26-7242","first_name":"Kirstyn"},
{"id":"612-24-6549","first_name":"Mirna"},
{"id":"698-60-1670","first_name":"Richardo"},
{"id":"776-66-9355","first_name":"Mimi"},
{"id":"100-97-0864","first_name":"Bianca"},
{"id":"380-75-5625","first_name":"Delcina"},
{"id":"895-05-1142","first_name":"Lemmie"},
{"id":"828-28-2704","first_name":"Alaster"},
{"id":"846-05-1357","first_name":"Shelley"},
{"id":"191-47-7965","first_name":"Humphrey"},
{"id":"848-17-9493","first_name":"Ruby"},
{"id":"108-96-3784","first_name":"Kassandra"},
{"id":"487-15-2174","first_name":"Bernita"},
{"id":"785-86-7894","first_name":"Eamon"},
{"id":"794-83-9293","first_name":"Mil"},
{"id":"759-20-6932","first_name":"Nonna"},
{"id":"516-83-1502","first_name":"Byran"},
{"id":"165-31-3716","first_name":"Harriett"},
{"id":"550-06-0216","first_name":"Francisca"},
{"id":"664-42-4258","first_name":"Fredi"},
{"id":"610-32-3489","first_name":"Fifi"},
{"id":"455-23-8307","first_name":"Maury"},
{"id":"239-21-7398","first_name":"Alia"},
{"id":"444-41-9205","first_name":"Mariska"},
{"id":"885-21-6342","first_name":"Alfred"},
{"id":"696-13-6015","first_name":"Zabrina"},
{"id":"889-50-3118","first_name":"Hughie"},
{"id":"138-23-4984","first_name":"Eloise"},
{"id":"458-61-9600","first_name":"Corliss"},
{"id":"624-24-4336","first_name":"Sidoney"},
{"id":"416-41-6747","first_name":"Kaiser"},
{"id":"537-88-6240","first_name":"Fredrick"},
{"id":"237-66-3944","first_name":"Earlie"},
{"id":"405-29-6011","first_name":"Janna"},
{"id":"825-78-8428","first_name":"Zora"},
{"id":"657-95-5700","first_name":"Fionnula"},
{"id":"777-13-6467","first_name":"Kordula"},
{"id":"696-88-6067","first_name":"Vinnie"},
{"id":"841-32-1948","first_name":"Ronnie"},
{"id":"686-49-1249","first_name":"Krispin"},
{"id":"306-87-1489","first_name":"Newton"},
{"id":"448-85-2271","first_name":"Emilia"},
{"id":"290-58-9495","first_name":"Rafaelia"},
{"id":"277-12-8524","first_name":"Kris"},
{"id":"637-74-6828","first_name":"Cesaro"},
{"id":"818-16-1160","first_name":"Darby"},
{"id":"490-70-2027","first_name":"Sherm"},
{"id":"898-29-1019","first_name":"Vitia"},
{"id":"897-90-6953","first_name":"Kalinda"},
{"id":"231-65-1449","first_name":"Kippy"},
{"id":"809-49-7883","first_name":"Alis"},
{"id":"379-34-7776","first_name":"Myca"},
{"id":"380-47-6858","first_name":"Celestyna"},
{"id":"524-31-1982","first_name":"Wileen"},
{"id":"591-77-9037","first_name":"Micky"},
{"id":"344-16-6775","first_name":"Bendix"},
{"id":"544-26-9058","first_name":"Briney"},
{"id":"549-75-0935","first_name":"Valerie"},
{"id":"377-05-7904","first_name":"Elspeth"},
{"id":"380-31-5577","first_name":"Clary"},
{"id":"869-75-6846","first_name":"Stephannie"},
{"id":"227-63-3730","first_name":"Ursula"},
{"id":"566-17-6057","first_name":"Phillipe"},
{"id":"414-10-2741","first_name":"Madel"},
{"id":"368-17-9120","first_name":"Melissa"},
{"id":"392-24-2728","first_name":"Henrie"},
{"id":"572-18-2571","first_name":"Hube"},
{"id":"469-17-8120","first_name":"Palm"},
{"id":"776-58-3589","first_name":"Hetty"},
{"id":"694-64-7914","first_name":"Hinda"},
{"id":"124-26-1101","first_name":"Bernita"},
{"id":"509-24-8826","first_name":"Adelbert"},
{"id":"612-45-5229","first_name":"Mira"},
{"id":"263-43-2230","first_name":"Berk"},
{"id":"784-11-6272","first_name":"Cissy"},
{"id":"874-08-5701","first_name":"Andres"},
{"id":"308-04-6017","first_name":"Dorrie"},
{"id":"253-69-1329","first_name":"Debra"},
{"id":"316-75-4522","first_name":"Jase"},
{"id":"847-32-2932","first_name":"Say"},
{"id":"827-97-6843","first_name":"Skipton"},
{"id":"341-40-7080","first_name":"Hadrian"},
{"id":"336-63-3840","first_name":"Celestyna"},
{"id":"129-94-9010","first_name":"Lexy"},
{"id":"556-31-4388","first_name":"Eliot"},
{"id":"352-84-3305","first_name":"Osbert"},
{"id":"542-89-3828","first_name":"Garvy"},
{"id":"422-78-3509","first_name":"Garald"},
{"id":"289-14-9189","first_name":"Mordecai"},
{"id":"357-92-0068","first_name":"Sibley"},
{"id":"241-60-6114","first_name":"Demetre"},
{"id":"258-38-8789","first_name":"Cicely"},
{"id":"231-53-7238","first_name":"Ketty"},
{"id":"168-45-9816","first_name":"Deena"},
{"id":"846-58-4797","first_name":"Brunhilda"},
{"id":"657-25-4951","first_name":"Lucilia"},
{"id":"154-70-9356","first_name":"Hilario"},
{"id":"613-74-2294","first_name":"Jobi"},
{"id":"733-50-3581","first_name":"Quintus"},
{"id":"521-27-5829","first_name":"Wini"},
{"id":"477-28-1664","first_name":"Levy"},
{"id":"365-88-0892","first_name":"Kelbee"},
{"id":"364-59-4262","first_name":"Meade"},
{"id":"668-86-5706","first_name":"Aurea"},
{"id":"525-77-8537","first_name":"Daryle"},
{"id":"491-01-9503","first_name":"Lucita"},
{"id":"576-39-5840","first_name":"Dasie"},
{"id":"295-81-4643","first_name":"Meredith"},
{"id":"771-15-3141","first_name":"Florrie"},
{"id":"238-35-4320","first_name":"Clementine"},
{"id":"340-49-5818","first_name":"Elfie"},
{"id":"140-35-2236","first_name":"Kimmi"},
{"id":"868-36-3407","first_name":"Wynn"},
{"id":"668-41-1774","first_name":"Tabitha"},
{"id":"434-84-4016","first_name":"Fielding"},
{"id":"700-04-9136","first_name":"Dag"},
{"id":"302-47-9334","first_name":"Tani"},
{"id":"122-59-2572","first_name":"Kissie"},
{"id":"855-88-8354","first_name":"Aubrey"},
{"id":"685-29-3818","first_name":"Maxwell"},
{"id":"582-03-5056","first_name":"Beverie"},
{"id":"732-29-6387","first_name":"Sloan"},
{"id":"817-40-6667","first_name":"Billye"},
{"id":"271-14-1059","first_name":"Claudetta"},
{"id":"477-58-8434","first_name":"Ric"},
{"id":"453-88-2005","first_name":"Karry"},
{"id":"297-24-0917","first_name":"Lefty"},
{"id":"296-39-1660","first_name":"Osgood"},
{"id":"543-82-1328","first_name":"Shalom"},
{"id":"285-63-5510","first_name":"Weylin"},
{"id":"392-68-1396","first_name":"Benedetta"},
{"id":"637-60-5039","first_name":"Jamaal"},
{"id":"338-09-9216","first_name":"Emmalee"},
{"id":"337-76-7053","first_name":"Othelia"},
{"id":"331-96-6415","first_name":"Valaree"},
{"id":"817-53-9129","first_name":"Dewitt"},
{"id":"104-23-3877","first_name":"Bernice"},
{"id":"397-56-6523","first_name":"Sophi"},
{"id":"450-20-1014","first_name":"Tracy"},
{"id":"134-56-4817","first_name":"Hal"},
{"id":"610-48-1494","first_name":"Cybill"},
{"id":"290-96-9247","first_name":"Bobbie"},
{"id":"557-22-2892","first_name":"Yuri"},
{"id":"832-20-2551","first_name":"Roobbie"},
{"id":"403-40-6748","first_name":"Rianon"},
{"id":"725-53-5236","first_name":"Iggie"},
{"id":"297-80-2300","first_name":"Sammy"},
{"id":"271-54-7590","first_name":"Margaretta"},
{"id":"520-98-8508","first_name":"Jordan"},
{"id":"483-32-5259","first_name":"Tyrus"},
{"id":"889-06-0613","first_name":"Sisely"},
{"id":"790-53-3946","first_name":"Mayor"},
{"id":"445-28-2235","first_name":"Goldy"},
{"id":"748-38-3199","first_name":"Elberta"},
{"id":"199-57-6685","first_name":"Hardy"},
{"id":"227-44-4300","first_name":"Tyrus"},
{"id":"241-76-4222","first_name":"Aaren"},
{"id":"819-09-0231","first_name":"Mitchael"},
{"id":"644-05-3570","first_name":"Wandie"},
{"id":"282-67-9607","first_name":"Reade"},
{"id":"754-88-1106","first_name":"Goldarina"},
{"id":"654-72-6391","first_name":"Nona"},
{"id":"363-64-9654","first_name":"Darryl"},
{"id":"716-35-3789","first_name":"Staci"},
{"id":"193-52-5511","first_name":"Marja"},
{"id":"117-79-5553","first_name":"Billie"},
{"id":"523-12-1694","first_name":"Samson"},
{"id":"806-33-8909","first_name":"Ahmed"},
{"id":"115-05-5890","first_name":"Halley"},
{"id":"172-41-0617","first_name":"Melinda"},
{"id":"781-97-8804","first_name":"Jorgan"},
{"id":"110-25-8443","first_name":"Hayden"},
{"id":"878-85-8327","first_name":"Lynda"},
{"id":"373-64-5058","first_name":"Erastus"},
{"id":"111-09-6136","first_name":"Belicia"},
{"id":"641-35-4971","first_name":"Nikolai"},
{"id":"669-02-5153","first_name":"Tait"},
{"id":"334-90-3146","first_name":"Any"},
{"id":"210-60-4188","first_name":"Raine"},
{"id":"588-03-6398","first_name":"Eduino"},
{"id":"682-91-7617","first_name":"Kira"},
{"id":"258-15-3779","first_name":"Agathe"},
{"id":"586-52-0503","first_name":"Durand"},
{"id":"618-83-5284","first_name":"Constantia"},
{"id":"574-82-3085","first_name":"Tadio"},
{"id":"559-10-3468","first_name":"Riobard"},
{"id":"566-05-5346","first_name":"Michele"},
{"id":"140-72-5951","first_name":"Electra"},
{"id":"275-51-9477","first_name":"Giustina"},
{"id":"523-43-2976","first_name":"Derrek"},
{"id":"837-33-2480","first_name":"Prissie"},
{"id":"202-69-6902","first_name":"Isidoro"},
{"id":"193-60-8899","first_name":"Dore"},
{"id":"783-21-0134","first_name":"Delia"},
{"id":"871-22-4147","first_name":"Mela"},
{"id":"506-66-8147","first_name":"Pris"},
{"id":"616-45-0576","first_name":"Vernen"},
{"id":"660-79-7346","first_name":"Allianora"},
{"id":"212-75-0876","first_name":"Ludvig"},
{"id":"590-38-5563","first_name":"Wiley"},
{"id":"579-21-2651","first_name":"Kenna"},
{"id":"302-46-1583","first_name":"Catha"},
{"id":"774-43-7485","first_name":"Richmond"},
{"id":"884-19-3909","first_name":"Courtney"},
{"id":"468-03-9346","first_name":"Rita"},
{"id":"804-63-8174","first_name":"Carree"},
{"id":"435-73-7693","first_name":"Galina"},
{"id":"391-77-3859","first_name":"Cesaro"},
{"id":"733-36-2788","first_name":"Guinna"},
{"id":"360-20-7900","first_name":"Alex"},
{"id":"149-87-1068","first_name":"Filippo"},
{"id":"121-88-9781","first_name":"Di"},
{"id":"672-98-9091","first_name":"Yardley"},
{"id":"198-46-1227","first_name":"Rutherford"},
{"id":"231-87-5265","first_name":"Charissa"},
{"id":"120-52-8941","first_name":"Genni"},
{"id":"439-44-8826","first_name":"Lonee"},
{"id":"756-59-6511","first_name":"Cirillo"},
{"id":"840-60-7172","first_name":"Jordon"},
{"id":"283-45-4386","first_name":"Weidar"},
{"id":"199-17-2695","first_name":"Malachi"},
{"id":"805-90-0536","first_name":"Ailey"},
{"id":"583-61-4087","first_name":"Kiel"},
{"id":"734-67-4467","first_name":"Rolph"},
{"id":"884-52-3905","first_name":"Marijn"},
{"id":"327-86-6848","first_name":"Erena"},
{"id":"314-25-1411","first_name":"Scotti"},
{"id":"615-60-0148","first_name":"Hyatt"},
{"id":"605-90-7404","first_name":"Oberon"},
{"id":"535-87-0522","first_name":"Merrily"},
{"id":"424-22-2082","first_name":"Sallie"},
{"id":"783-77-1842","first_name":"Adrea"},
{"id":"563-49-5347","first_name":"Tera"},
{"id":"240-41-3072","first_name":"Winna"},
{"id":"420-58-0505","first_name":"Onida"},
{"id":"228-27-1681","first_name":"Bron"},
{"id":"447-95-2795","first_name":"Olwen"},
{"id":"732-88-9907","first_name":"Chicky"},
{"id":"169-41-0929","first_name":"Lori"},
{"id":"478-06-7920","first_name":"Cristin"},
{"id":"249-26-4147","first_name":"Tallulah"},
{"id":"673-27-6563","first_name":"Wallie"},
{"id":"462-85-3289","first_name":"Germayne"},
{"id":"264-47-3123","first_name":"Hasheem"},
{"id":"620-54-0473","first_name":"Ceciley"},
{"id":"813-83-1371","first_name":"Marice"},
{"id":"823-71-4940","first_name":"Nicole"},
{"id":"329-71-3450","first_name":"Annalise"},
{"id":"453-39-7022","first_name":"Iolanthe"},
{"id":"708-79-9045","first_name":"Marylee"},
{"id":"587-42-7474","first_name":"Agnes"},
{"id":"525-28-8945","first_name":"Jacklin"},
{"id":"219-39-5881","first_name":"Cammy"},
{"id":"376-36-8726","first_name":"Eulalie"},
{"id":"480-38-6183","first_name":"Jessamyn"},
{"id":"645-54-6643","first_name":"Meagan"},
{"id":"877-81-4015","first_name":"Antonina"},
{"id":"827-18-1939","first_name":"Corena"},
{"id":"452-89-5972","first_name":"Berke"},
{"id":"279-09-6491","first_name":"Moss"},
{"id":"620-07-3685","first_name":"Colly"},
{"id":"423-32-9682","first_name":"Morly"},
{"id":"748-93-7437","first_name":"Kendre"},
{"id":"327-56-7528","first_name":"Chariot"},
{"id":"616-52-0604","first_name":"Merissa"},
{"id":"764-56-1882","first_name":"Freida"},
{"id":"151-65-0553","first_name":"Clifford"},
{"id":"392-63-8324","first_name":"Rhodia"},
{"id":"335-61-5458","first_name":"Brynna"},
{"id":"584-76-0844","first_name":"Bailey"},
{"id":"498-61-9395","first_name":"Teirtza"},
{"id":"255-54-9567","first_name":"Nate"},
{"id":"314-15-1659","first_name":"Holmes"},
{"id":"281-31-5085","first_name":"Lynnea"},
{"id":"765-57-1294","first_name":"Claiborn"},
{"id":"153-88-9255","first_name":"Kilian"},
{"id":"864-56-0355","first_name":"Winna"},
{"id":"156-82-3028","first_name":"Hill"},
{"id":"303-69-0166","first_name":"Zitella"},
{"id":"174-97-3129","first_name":"Christan"},
{"id":"888-12-1645","first_name":"Marlane"},
{"id":"819-13-2575","first_name":"Mort"},
{"id":"246-44-8104","first_name":"Delaney"},
{"id":"620-82-9872","first_name":"Malinde"},
{"id":"715-74-7468","first_name":"Gilles"},
{"id":"662-67-4746","first_name":"Else"},
{"id":"702-76-3852","first_name":"Etty"},
{"id":"581-52-0236","first_name":"Sully"},
{"id":"313-50-2243","first_name":"Shadow"},
{"id":"484-67-9888","first_name":"Jemie"},
{"id":"893-52-8814","first_name":"Lesley"},
{"id":"147-16-2138","first_name":"Grethel"},
{"id":"220-09-7296","first_name":"Lidia"},
{"id":"221-27-3210","first_name":"Xavier"},
{"id":"648-74-3568","first_name":"Pierson"},
{"id":"253-61-2471","first_name":"Kitty"},
{"id":"288-35-0973","first_name":"Gerianna"},
{"id":"789-90-2398","first_name":"Hugh"},
{"id":"760-41-4693","first_name":"Enrique"},
{"id":"424-39-9590","first_name":"Briny"},
{"id":"603-19-3133","first_name":"Coraline"},
{"id":"708-14-9532","first_name":"Jacinda"},
{"id":"289-26-6144","first_name":"Rena"},
{"id":"164-59-0805","first_name":"Halette"},
{"id":"702-25-1958","first_name":"Adoree"},
{"id":"160-01-7963","first_name":"Adora"},
{"id":"484-44-1719","first_name":"Celka"},
{"id":"572-37-4920","first_name":"Tressa"},
{"id":"561-57-8362","first_name":"Michel"},
{"id":"818-03-8453","first_name":"Valentina"},
{"id":"353-08-9898","first_name":"Janelle"},
{"id":"679-59-6623","first_name":"Caren"},
{"id":"452-76-0215","first_name":"Laetitia"},
{"id":"454-72-3679","first_name":"Lorant"},
{"id":"353-91-6294","first_name":"Mandie"},
{"id":"533-93-3344","first_name":"Michele"},
{"id":"273-13-7063","first_name":"Sophi"},
{"id":"804-22-7926","first_name":"Verge"},
{"id":"250-84-3529","first_name":"Keriann"},
{"id":"650-01-7613","first_name":"Douglas"},
{"id":"249-69-5335","first_name":"Hilary"},
{"id":"419-67-8304","first_name":"Erastus"},
{"id":"714-63-8092","first_name":"Suellen"},
{"id":"513-78-0011","first_name":"Eustacia"},
{"id":"764-76-2737","first_name":"William"},
{"id":"529-63-5824","first_name":"Lelah"},
{"id":"445-71-5387","first_name":"Jefferey"},
{"id":"709-74-5483","first_name":"James"},
{"id":"295-18-3885","first_name":"Aldin"},
{"id":"885-30-5212","first_name":"Ransom"},
{"id":"820-30-3608","first_name":"Quincy"},
{"id":"690-62-3640","first_name":"Pepito"},
{"id":"181-15-9851","first_name":"Terence"},
{"id":"175-47-5265","first_name":"Phedra"},
{"id":"234-55-2962","first_name":"Elsy"},
{"id":"349-85-2114","first_name":"Gertrude"},
{"id":"730-03-6820","first_name":"Atlanta"},
{"id":"693-26-5703","first_name":"Hettie"},
{"id":"602-29-4914","first_name":"Willie"},
{"id":"533-58-4417","first_name":"Enriqueta"},
{"id":"104-19-4740","first_name":"Conrado"},
{"id":"214-37-8872","first_name":"Brina"},
{"id":"252-49-3844","first_name":"Elwin"},
{"id":"224-49-5997","first_name":"Norman"},
{"id":"187-57-1784","first_name":"Corine"},
{"id":"814-43-9750","first_name":"Rabbi"},
{"id":"409-85-3472","first_name":"Morton"},
{"id":"705-80-4489","first_name":"Emilio"},
{"id":"367-83-6832","first_name":"Casie"},
{"id":"796-63-4779","first_name":"Gino"},
{"id":"468-08-6483","first_name":"Weider"},
{"id":"155-74-1562","first_name":"Estrellita"},
{"id":"528-65-6730","first_name":"Katharyn"},
{"id":"133-30-9532","first_name":"Kasper"},
{"id":"726-45-9457","first_name":"Albertina"},
{"id":"188-97-6090","first_name":"Claiborne"},
{"id":"119-83-7415","first_name":"Tucky"},
{"id":"515-21-0834","first_name":"Tod"},
{"id":"568-44-5035","first_name":"Arty"},
{"id":"396-23-2762","first_name":"Gretal"},
{"id":"236-94-5100","first_name":"Cart"},
{"id":"461-17-0889","first_name":"Tait"},
{"id":"827-73-8011","first_name":"Jeanna"},
{"id":"137-35-2801","first_name":"Kandace"},
{"id":"851-66-6738","first_name":"Lynette"},
{"id":"870-99-6972","first_name":"Carlin"},
{"id":"769-90-7238","first_name":"Philipa"},
{"id":"529-14-0507","first_name":"Reagan"},
{"id":"380-37-8138","first_name":"Oates"},
{"id":"831-09-0183","first_name":"Pavla"},
{"id":"674-64-8967","first_name":"Jaymee"},
{"id":"607-86-6145","first_name":"Katheryn"},
{"id":"865-03-2838","first_name":"Cletis"},
{"id":"572-63-3919","first_name":"Kessia"},
{"id":"388-85-5849","first_name":"Kennith"},
{"id":"352-77-4845","first_name":"Sargent"},
{"id":"711-13-9508","first_name":"Lexi"},
{"id":"483-50-9885","first_name":"Dickie"},
{"id":"623-14-9065","first_name":"Joni"},
{"id":"622-82-0878","first_name":"Herold"},
{"id":"449-97-6856","first_name":"Galven"},
{"id":"300-91-5582","first_name":"Bessy"},
{"id":"482-36-7098","first_name":"Yankee"},
{"id":"562-12-0590","first_name":"Darcee"},
{"id":"442-65-3166","first_name":"Terrill"},
{"id":"875-47-2502","first_name":"Germain"},
{"id":"478-96-9230","first_name":"Leonora"},
{"id":"417-46-2385","first_name":"Gradey"},
{"id":"754-30-1269","first_name":"Hall"},
{"id":"131-27-9760","first_name":"Rosmunda"},
{"id":"496-17-9348","first_name":"Jock"},
{"id":"746-42-8228","first_name":"Quillan"},
{"id":"823-62-1983","first_name":"Sibyl"},
{"id":"317-33-6984","first_name":"Dunn"},
{"id":"473-61-1036","first_name":"Smith"},
{"id":"398-28-2818","first_name":"Richmond"},
{"id":"826-39-1135","first_name":"Nicola"},
{"id":"844-97-9926","first_name":"Drugi"},
{"id":"323-73-5265","first_name":"Matty"},
{"id":"552-74-2300","first_name":"Martelle"},
{"id":"886-90-3448","first_name":"Guendolen"},
{"id":"134-50-0205","first_name":"Korey"},
{"id":"499-40-9129","first_name":"Broderick"},
{"id":"223-69-8500","first_name":"Lacy"},
{"id":"879-22-7115","first_name":"Margeaux"},
{"id":"256-19-4411","first_name":"Wiley"},
{"id":"285-07-6121","first_name":"Hamlin"},
{"id":"225-59-5073","first_name":"Phaidra"},
{"id":"879-55-7957","first_name":"Pru"},
{"id":"176-43-7399","first_name":"Tomaso"},
{"id":"125-48-4108","first_name":"Glennis"},
{"id":"422-88-0123","first_name":"Paule"},
{"id":"390-09-7744","first_name":"Hebert"},
{"id":"840-87-1639","first_name":"Janaya"},
{"id":"532-72-5275","first_name":"Rosalinda"},
{"id":"376-17-1498","first_name":"Derward"},
{"id":"739-36-5137","first_name":"Terrell"},
{"id":"667-38-2422","first_name":"Dare"},
{"id":"214-93-5914","first_name":"Adeline"},
{"id":"860-95-6084","first_name":"Jerrome"},
{"id":"536-22-0315","first_name":"Jami"},
{"id":"200-79-3263","first_name":"Joelly"},
{"id":"834-26-5066","first_name":"Rosalinda"},
{"id":"753-20-6418","first_name":"Tandie"},
{"id":"575-66-9025","first_name":"Sibilla"},
{"id":"576-73-8481","first_name":"Hallsy"},
{"id":"314-37-9383","first_name":"Borden"},
{"id":"620-25-2813","first_name":"Gwenora"},
{"id":"668-72-0104","first_name":"Salli"},
{"id":"177-11-0089","first_name":"Karoline"},
{"id":"559-94-3111","first_name":"Lulita"},
{"id":"761-58-6969","first_name":"Lucita"},
{"id":"881-55-1943","first_name":"Jaime"},
{"id":"487-99-4803","first_name":"Cherrita"},
{"id":"353-70-1459","first_name":"Inger"},
{"id":"321-69-1527","first_name":"Christyna"},
{"id":"807-73-5994","first_name":"Annalee"},
{"id":"165-58-8421","first_name":"Randal"},
{"id":"411-78-3458","first_name":"Neron"},
{"id":"354-84-6043","first_name":"Sandro"},
{"id":"576-09-4207","first_name":"Conant"},
{"id":"101-96-1491","first_name":"Doralyn"}]