[{"id":"293-42-7217","first_name":"Kelwin"},
{"id":"264-22-7490","first_name":"Merry"},
{"id":"843-95-1165","first_name":"Putnem"},
{"id":"694-41-0423","first_name":"Evey"},
{"id":"245-81-9187","first_name":"Franklin"},
{"id":"165-39-4261","first_name":"Amelie"},
{"id":"573-45-4769","first_name":"Kingsly"},
{"id":"865-05-1729","first_name":"Wandis"},
{"id":"339-03-9426","first_name":"Kim"},
{"id":"703-30-8983","first_name":"Lyssa"},
{"id":"420-22-4109","first_name":"Thorvald"},
{"id":"115-70-4715","first_name":"Valerye"},
{"id":"774-97-4653","first_name":"Gussie"},
{"id":"683-27-4598","first_name":"Malanie"},
{"id":"279-85-9020","first_name":"Ealasaid"},
{"id":"646-39-5688","first_name":"Gerik"},
{"id":"690-36-5682","first_name":"Christa"},
{"id":"583-54-3443","first_name":"Orsa"},
{"id":"737-89-6773","first_name":"Riva"},
{"id":"171-17-5008","first_name":"Lynnelle"},
{"id":"361-51-2618","first_name":"Louise"},
{"id":"250-94-0974","first_name":"Brittani"},
{"id":"606-51-3183","first_name":"Bibby"},
{"id":"523-68-6281","first_name":"Madelin"},
{"id":"670-74-5570","first_name":"Karola"},
{"id":"888-03-3725","first_name":"Eleen"},
{"id":"834-94-3768","first_name":"Berk"},
{"id":"270-61-4143","first_name":"Jeffrey"},
{"id":"102-12-1869","first_name":"King"},
{"id":"247-56-0465","first_name":"Jarred"},
{"id":"467-76-5399","first_name":"Jillana"},
{"id":"694-53-5783","first_name":"Orran"},
{"id":"827-59-6002","first_name":"Mercedes"},
{"id":"763-43-2750","first_name":"Hamlen"},
{"id":"774-60-0312","first_name":"Osbourne"},
{"id":"790-50-6906","first_name":"Minor"},
{"id":"516-04-2639","first_name":"Ruy"},
{"id":"565-83-6719","first_name":"Emmalynne"},
{"id":"140-84-2998","first_name":"Kristien"},
{"id":"100-72-5287","first_name":"Derril"},
{"id":"159-31-7887","first_name":"Jayme"},
{"id":"115-83-2521","first_name":"Bord"},
{"id":"621-76-9275","first_name":"Briano"},
{"id":"246-13-9020","first_name":"Shellysheldon"},
{"id":"609-29-4002","first_name":"Dollie"},
{"id":"836-88-9080","first_name":"Virgie"},
{"id":"447-31-7845","first_name":"Charmaine"},
{"id":"511-71-5557","first_name":"Lilian"},
{"id":"533-85-7830","first_name":"Ortensia"},
{"id":"455-38-2939","first_name":"Valentina"},
{"id":"373-81-6049","first_name":"Sula"},
{"id":"614-38-8385","first_name":"Jess"},
{"id":"463-18-9331","first_name":"Livy"},
{"id":"839-67-9303","first_name":"Bill"},
{"id":"857-80-2206","first_name":"Karleen"},
{"id":"562-60-3887","first_name":"Olvan"},
{"id":"773-87-5083","first_name":"Rhys"},
{"id":"660-43-1697","first_name":"Jobye"},
{"id":"552-17-6591","first_name":"Rosmunda"},
{"id":"832-29-1739","first_name":"Jacinta"},
{"id":"495-10-5416","first_name":"Nicolis"},
{"id":"112-86-3462","first_name":"Dierdre"},
{"id":"734-42-2217","first_name":"Livia"},
{"id":"757-73-5794","first_name":"Albertina"},
{"id":"437-67-8529","first_name":"Dean"},
{"id":"202-83-4034","first_name":"Kelsey"},
{"id":"387-91-1429","first_name":"Cordula"},
{"id":"634-33-0579","first_name":"Orelia"},
{"id":"753-16-6678","first_name":"Clare"},
{"id":"373-68-5598","first_name":"Francklyn"},
{"id":"424-59-7048","first_name":"Karrah"},
{"id":"683-84-5610","first_name":"Ernesta"},
{"id":"561-45-5627","first_name":"Carlyn"},
{"id":"185-18-0888","first_name":"Homere"},
{"id":"830-56-9314","first_name":"Bette-ann"},
{"id":"453-37-8028","first_name":"Garik"},
{"id":"835-09-3024","first_name":"Constancia"},
{"id":"432-59-9505","first_name":"Gabriel"},
{"id":"495-83-4982","first_name":"Doralyn"},
{"id":"806-61-3899","first_name":"Niven"},
{"id":"830-22-3971","first_name":"Forest"},
{"id":"126-88-6874","first_name":"Dode"},
{"id":"697-44-3618","first_name":"Scottie"},
{"id":"669-31-9425","first_name":"Corabelle"},
{"id":"777-81-0391","first_name":"Gustavus"},
{"id":"813-94-5094","first_name":"Ferris"},
{"id":"637-59-7219","first_name":"Lesly"},
{"id":"496-55-3878","first_name":"Margie"},
{"id":"858-49-7949","first_name":"Mella"},
{"id":"594-03-3795","first_name":"Inge"},
{"id":"527-70-9880","first_name":"Jessa"},
{"id":"417-30-9414","first_name":"Marilyn"},
{"id":"439-46-3081","first_name":"Jacquenetta"},
{"id":"195-17-4426","first_name":"Zarah"},
{"id":"238-61-3951","first_name":"Sonja"},
{"id":"543-23-8700","first_name":"Karee"},
{"id":"255-45-7942","first_name":"Mortimer"},
{"id":"147-46-0784","first_name":"Antonio"},
{"id":"638-34-4515","first_name":"Rolando"},
{"id":"326-30-9913","first_name":"Cass"},
{"id":"816-43-5790","first_name":"Andrey"},
{"id":"882-35-4184","first_name":"Rad"},
{"id":"491-88-2471","first_name":"Brendis"},
{"id":"595-89-1078","first_name":"Norene"},
{"id":"416-49-4224","first_name":"Evelina"},
{"id":"792-31-8240","first_name":"Sollie"},
{"id":"143-65-6867","first_name":"Gertrudis"},
{"id":"246-01-5693","first_name":"Karil"},
{"id":"100-31-6127","first_name":"Vanny"},
{"id":"872-53-4193","first_name":"Stu"},
{"id":"203-11-1160","first_name":"Halie"},
{"id":"640-38-4948","first_name":"Saba"},
{"id":"179-10-9955","first_name":"Sheridan"},
{"id":"665-53-8703","first_name":"Huberto"},
{"id":"264-22-5863","first_name":"Woody"},
{"id":"159-57-4185","first_name":"Aaren"},
{"id":"790-26-7545","first_name":"Ninon"},
{"id":"428-69-4935","first_name":"Sigismundo"},
{"id":"548-41-4164","first_name":"Had"},
{"id":"218-15-7999","first_name":"Darb"},
{"id":"504-91-8265","first_name":"Kaylee"},
{"id":"412-28-5125","first_name":"Aileen"},
{"id":"100-79-3644","first_name":"Neron"},
{"id":"722-51-4995","first_name":"Phelia"},
{"id":"787-01-5561","first_name":"Meg"},
{"id":"413-65-3851","first_name":"Francklyn"},
{"id":"724-65-1325","first_name":"Shayla"},
{"id":"265-77-0133","first_name":"Marabel"},
{"id":"721-12-8268","first_name":"Holden"},
{"id":"346-58-8495","first_name":"Barris"},
{"id":"674-15-8731","first_name":"Thom"},
{"id":"480-26-0051","first_name":"Corine"},
{"id":"342-59-5080","first_name":"Marijo"},
{"id":"891-50-2740","first_name":"Elliott"},
{"id":"858-92-8650","first_name":"Stephanus"},
{"id":"752-09-0011","first_name":"Pauly"},
{"id":"158-83-1764","first_name":"Sissy"},
{"id":"202-80-6063","first_name":"Stephine"},
{"id":"254-79-6799","first_name":"Millicent"},
{"id":"777-45-8873","first_name":"Daune"},
{"id":"798-62-4440","first_name":"Godart"},
{"id":"831-27-2827","first_name":"Terence"},
{"id":"448-70-5912","first_name":"Morry"},
{"id":"638-39-7397","first_name":"Sybilla"},
{"id":"661-79-5566","first_name":"Deva"},
{"id":"824-66-1793","first_name":"Daphne"},
{"id":"523-65-0361","first_name":"Christie"},
{"id":"258-14-9790","first_name":"Garret"},
{"id":"444-87-6012","first_name":"Padriac"},
{"id":"848-13-9252","first_name":"Rodrick"},
{"id":"166-36-9747","first_name":"Norean"},
{"id":"275-61-6022","first_name":"Berna"},
{"id":"358-33-3640","first_name":"Morgan"},
{"id":"876-74-0105","first_name":"Worden"},
{"id":"629-47-2050","first_name":"Teodor"},
{"id":"450-90-0655","first_name":"Fraze"},
{"id":"126-14-3575","first_name":"Hillard"},
{"id":"454-13-8742","first_name":"Corny"},
{"id":"550-69-8184","first_name":"Darb"},
{"id":"607-90-9764","first_name":"Saunders"},
{"id":"433-30-1096","first_name":"Aindrea"},
{"id":"723-46-2446","first_name":"Skip"},
{"id":"837-85-0240","first_name":"Diandra"},
{"id":"360-46-3255","first_name":"Dollie"},
{"id":"862-13-3145","first_name":"Karoline"},
{"id":"750-61-9105","first_name":"Ophelie"},
{"id":"856-36-2367","first_name":"Lance"},
{"id":"656-55-9367","first_name":"Patricio"},
{"id":"250-89-9129","first_name":"Milli"},
{"id":"731-79-4870","first_name":"Rosabelle"},
{"id":"151-63-2803","first_name":"Natassia"},
{"id":"511-32-9772","first_name":"Daffy"},
{"id":"519-90-3766","first_name":"Colette"},
{"id":"242-50-9388","first_name":"Cecil"},
{"id":"650-15-9476","first_name":"Misti"},
{"id":"507-01-3690","first_name":"Culver"},
{"id":"622-35-2809","first_name":"Devon"},
{"id":"294-36-6661","first_name":"Doralynn"},
{"id":"696-87-9499","first_name":"Eamon"},
{"id":"188-02-6452","first_name":"Rock"},
{"id":"451-56-3071","first_name":"Addison"},
{"id":"735-06-2270","first_name":"Marlow"},
{"id":"805-04-2797","first_name":"Jaimie"},
{"id":"559-24-0274","first_name":"Gordon"},
{"id":"561-65-4242","first_name":"Myca"},
{"id":"444-47-4446","first_name":"Angelico"},
{"id":"397-52-5307","first_name":"Ibrahim"},
{"id":"489-41-2518","first_name":"Cathrin"},
{"id":"623-97-1713","first_name":"Mart"},
{"id":"677-67-6574","first_name":"Shanna"},
{"id":"246-48-5338","first_name":"Hannis"},
{"id":"703-64-2429","first_name":"Elaine"},
{"id":"469-53-8200","first_name":"Janka"},
{"id":"351-96-2268","first_name":"Hamil"},
{"id":"264-75-7050","first_name":"Burt"},
{"id":"415-26-2007","first_name":"Fanchette"},
{"id":"287-76-7651","first_name":"Phil"},
{"id":"216-13-2828","first_name":"Ruddy"},
{"id":"361-18-5855","first_name":"Aubrette"},
{"id":"153-99-5075","first_name":"Etheline"},
{"id":"744-79-7698","first_name":"Nappy"},
{"id":"111-21-0147","first_name":"Hilly"},
{"id":"232-73-1765","first_name":"Jennifer"},
{"id":"718-10-6921","first_name":"Sherrie"},
{"id":"672-76-8933","first_name":"Gustie"},
{"id":"445-95-3450","first_name":"Miles"},
{"id":"441-64-7838","first_name":"Denys"},
{"id":"370-85-9733","first_name":"Brunhilda"},
{"id":"720-56-9552","first_name":"Murry"},
{"id":"545-84-3762","first_name":"Rickey"},
{"id":"170-59-6637","first_name":"Ermanno"},
{"id":"806-71-1761","first_name":"Julian"},
{"id":"647-59-1615","first_name":"Jyoti"},
{"id":"722-16-1801","first_name":"Elvina"},
{"id":"654-24-6148","first_name":"Loren"},
{"id":"192-73-2343","first_name":"Toby"},
{"id":"549-17-6418","first_name":"Raffaello"},
{"id":"576-08-9048","first_name":"Christyna"},
{"id":"351-99-1221","first_name":"Delbert"},
{"id":"735-72-7466","first_name":"Justis"},
{"id":"836-84-1608","first_name":"Antonius"},
{"id":"121-34-9876","first_name":"Mirelle"},
{"id":"209-38-2821","first_name":"Patrizia"},
{"id":"756-47-2837","first_name":"Thorpe"},
{"id":"822-25-7271","first_name":"Lesya"},
{"id":"308-04-0686","first_name":"Marylinda"},
{"id":"540-16-4278","first_name":"Tonye"},
{"id":"342-37-9814","first_name":"Hermy"},
{"id":"153-07-7669","first_name":"Virginia"},
{"id":"671-68-2641","first_name":"Flory"},
{"id":"824-74-2481","first_name":"Richardo"},
{"id":"506-50-8582","first_name":"Roberto"},
{"id":"335-30-9931","first_name":"Marcille"},
{"id":"795-57-3400","first_name":"Aloysia"},
{"id":"875-06-9760","first_name":"Clari"},
{"id":"501-22-7555","first_name":"Ardath"},
{"id":"359-42-7380","first_name":"Norean"},
{"id":"687-21-0264","first_name":"Cindelyn"},
{"id":"165-40-2261","first_name":"Katherina"},
{"id":"843-72-5247","first_name":"Filip"},
{"id":"191-40-5677","first_name":"Robinson"},
{"id":"439-65-7080","first_name":"Levi"},
{"id":"499-35-7515","first_name":"Raye"},
{"id":"448-25-3193","first_name":"Gwendolen"},
{"id":"476-47-0410","first_name":"Corella"},
{"id":"142-13-3943","first_name":"Timoteo"},
{"id":"409-10-7893","first_name":"Lisbeth"},
{"id":"663-85-1576","first_name":"Shaylah"},
{"id":"526-83-3780","first_name":"Marga"},
{"id":"676-97-2190","first_name":"Reeva"},
{"id":"260-60-7516","first_name":"Minne"},
{"id":"376-43-4111","first_name":"Lannie"},
{"id":"671-50-2644","first_name":"Aldous"},
{"id":"781-43-2685","first_name":"Jakob"},
{"id":"326-46-7546","first_name":"Anson"},
{"id":"743-90-5790","first_name":"Flor"},
{"id":"624-26-2589","first_name":"Gaspar"},
{"id":"850-26-5532","first_name":"Jessica"},
{"id":"861-70-3153","first_name":"Dud"},
{"id":"173-50-1496","first_name":"Eleanore"},
{"id":"703-96-9180","first_name":"Jeremie"},
{"id":"281-97-3555","first_name":"Lindi"},
{"id":"786-35-4033","first_name":"Marianne"},
{"id":"322-16-0084","first_name":"Selig"},
{"id":"522-83-4092","first_name":"Ynes"},
{"id":"657-91-3596","first_name":"Bili"},
{"id":"103-21-7619","first_name":"Dyan"},
{"id":"409-73-3599","first_name":"Rik"},
{"id":"797-22-6263","first_name":"Lalo"},
{"id":"788-32-0757","first_name":"Cleon"},
{"id":"571-63-0925","first_name":"Ofella"},
{"id":"617-70-8835","first_name":"Jeanne"},
{"id":"454-78-1122","first_name":"Holt"},
{"id":"750-98-1465","first_name":"Saraann"},
{"id":"762-52-2231","first_name":"Dawn"},
{"id":"118-29-0654","first_name":"Agnola"},
{"id":"301-96-4133","first_name":"Mel"},
{"id":"764-89-4667","first_name":"Corilla"},
{"id":"440-10-3402","first_name":"Hedy"},
{"id":"294-89-6403","first_name":"Sam"},
{"id":"103-75-9801","first_name":"Poul"},
{"id":"365-01-1107","first_name":"Drew"},
{"id":"292-31-2499","first_name":"Corrianne"},
{"id":"115-36-7363","first_name":"Vince"},
{"id":"322-63-7212","first_name":"Ottilie"},
{"id":"317-32-5170","first_name":"Phyllis"},
{"id":"766-38-1687","first_name":"Maxie"},
{"id":"369-97-0338","first_name":"Kaiser"},
{"id":"231-41-7261","first_name":"Ruperto"},
{"id":"580-54-7119","first_name":"Shep"},
{"id":"686-35-5444","first_name":"Vaclav"},
{"id":"245-24-4067","first_name":"Carola"},
{"id":"596-86-6078","first_name":"Donia"},
{"id":"743-82-9762","first_name":"Glad"},
{"id":"757-04-2393","first_name":"Farrel"},
{"id":"252-16-7327","first_name":"Gerta"},
{"id":"306-34-1752","first_name":"Tito"},
{"id":"879-40-0299","first_name":"Sky"},
{"id":"610-42-4920","first_name":"Jelene"},
{"id":"565-04-5299","first_name":"Sarita"},
{"id":"241-26-4542","first_name":"Robbin"},
{"id":"439-18-8368","first_name":"Martin"},
{"id":"181-56-7710","first_name":"Donnie"},
{"id":"882-89-2355","first_name":"Frankie"},
{"id":"716-92-2680","first_name":"Tadd"},
{"id":"876-93-4085","first_name":"Dolorita"},
{"id":"319-97-5995","first_name":"Minta"},
{"id":"578-64-6403","first_name":"Gretta"},
{"id":"587-41-4453","first_name":"Kitty"},
{"id":"843-07-0697","first_name":"Connor"},
{"id":"104-34-4735","first_name":"Celestyna"},
{"id":"842-29-4182","first_name":"Jone"},
{"id":"336-63-7132","first_name":"Giorgia"},
{"id":"735-51-3553","first_name":"Barnett"},
{"id":"514-15-2041","first_name":"Val"},
{"id":"781-44-1634","first_name":"Barbara-anne"},
{"id":"559-17-9340","first_name":"Nanni"},
{"id":"746-70-0848","first_name":"Hasheem"},
{"id":"804-54-9069","first_name":"Neysa"},
{"id":"842-52-5619","first_name":"Page"},
{"id":"469-92-9537","first_name":"Joyous"},
{"id":"132-43-9484","first_name":"Joseph"},
{"id":"731-45-6426","first_name":"Lloyd"},
{"id":"790-99-0728","first_name":"Billy"},
{"id":"762-67-3141","first_name":"Liane"},
{"id":"199-70-7994","first_name":"Kettie"},
{"id":"241-09-0262","first_name":"Fidel"},
{"id":"305-67-6768","first_name":"Ambrosio"},
{"id":"437-99-0957","first_name":"Cyrus"},
{"id":"772-89-3403","first_name":"Siana"},
{"id":"588-22-5486","first_name":"Pascal"},
{"id":"329-61-9274","first_name":"Gunner"},
{"id":"528-71-2571","first_name":"Hiram"},
{"id":"141-92-2286","first_name":"Abey"},
{"id":"307-57-8429","first_name":"Karie"},
{"id":"685-96-0891","first_name":"Jasmin"},
{"id":"623-32-3392","first_name":"Darell"},
{"id":"527-47-6318","first_name":"Karil"},
{"id":"718-58-6815","first_name":"Genevieve"},
{"id":"598-94-8616","first_name":"Rex"},
{"id":"267-97-6266","first_name":"Shena"},
{"id":"169-87-9335","first_name":"Willi"},
{"id":"251-62-6684","first_name":"Catrina"},
{"id":"820-52-7798","first_name":"Sutherland"},
{"id":"662-25-7907","first_name":"Gae"},
{"id":"760-44-8971","first_name":"Orbadiah"},
{"id":"765-27-7583","first_name":"Ingeborg"},
{"id":"372-34-4214","first_name":"Justinn"},
{"id":"880-52-3101","first_name":"Adriena"},
{"id":"158-48-7846","first_name":"Allan"},
{"id":"500-27-0992","first_name":"Marcelo"},
{"id":"187-16-7718","first_name":"Wade"},
{"id":"603-11-6884","first_name":"Kyla"},
{"id":"140-33-6478","first_name":"Tymon"},
{"id":"757-30-5895","first_name":"Nicolais"},
{"id":"613-75-6943","first_name":"Rosy"},
{"id":"887-23-8164","first_name":"Kristian"},
{"id":"185-28-3459","first_name":"Ellerey"},
{"id":"567-52-4826","first_name":"Karlene"},
{"id":"142-05-8286","first_name":"Derek"},
{"id":"143-22-5777","first_name":"Shirlee"},
{"id":"422-12-6524","first_name":"Hali"},
{"id":"318-16-6582","first_name":"Mariam"},
{"id":"751-35-5591","first_name":"Mendel"},
{"id":"700-73-0654","first_name":"Kelsy"},
{"id":"724-33-3899","first_name":"Feodor"},
{"id":"602-44-5794","first_name":"Trixie"},
{"id":"398-32-4041","first_name":"Keen"},
{"id":"270-51-6284","first_name":"Rance"},
{"id":"830-53-3955","first_name":"Eustacia"},
{"id":"137-64-4668","first_name":"Bernardo"},
{"id":"231-93-6077","first_name":"Martin"},
{"id":"831-98-7612","first_name":"Moyna"},
{"id":"624-85-1160","first_name":"Dori"},
{"id":"821-17-5199","first_name":"Rubina"},
{"id":"515-28-2278","first_name":"Wenonah"},
{"id":"498-41-6607","first_name":"Tommie"},
{"id":"217-24-6589","first_name":"Inigo"},
{"id":"721-05-6950","first_name":"Mahmoud"},
{"id":"208-80-6690","first_name":"Erik"},
{"id":"606-27-4686","first_name":"Jacqueline"},
{"id":"585-83-1652","first_name":"Fawnia"},
{"id":"256-82-6329","first_name":"Annelise"},
{"id":"208-26-1993","first_name":"Burke"},
{"id":"337-06-8292","first_name":"Maible"},
{"id":"663-02-7683","first_name":"Kendre"},
{"id":"804-61-3560","first_name":"Ira"},
{"id":"125-54-2914","first_name":"Cherish"},
{"id":"119-87-1658","first_name":"Caroljean"},
{"id":"512-50-9981","first_name":"Rosalynd"},
{"id":"214-56-6515","first_name":"Wendall"},
{"id":"750-72-9719","first_name":"Melisse"},
{"id":"162-33-9659","first_name":"Dew"},
{"id":"403-67-6700","first_name":"Felix"},
{"id":"746-94-7948","first_name":"Mallissa"},
{"id":"227-06-2493","first_name":"Suzi"},
{"id":"693-40-4199","first_name":"Margaretha"},
{"id":"332-76-4206","first_name":"Cristy"},
{"id":"742-43-2430","first_name":"Arluene"},
{"id":"864-80-7471","first_name":"Kandace"},
{"id":"120-72-5528","first_name":"Cloe"},
{"id":"126-38-2282","first_name":"Cherin"},
{"id":"827-60-6913","first_name":"Lyon"},
{"id":"181-14-1747","first_name":"Gordie"},
{"id":"878-12-1916","first_name":"Richy"},
{"id":"819-59-9357","first_name":"Leicester"},
{"id":"198-38-7681","first_name":"Aili"},
{"id":"400-78-8194","first_name":"Mindy"},
{"id":"542-15-7496","first_name":"Lia"},
{"id":"311-21-3009","first_name":"Mia"},
{"id":"574-60-3676","first_name":"Geno"},
{"id":"622-35-1757","first_name":"Frayda"},
{"id":"316-97-2576","first_name":"Auberta"},
{"id":"297-18-2296","first_name":"Luce"},
{"id":"447-97-9562","first_name":"Anjela"},
{"id":"303-43-4823","first_name":"Coletta"},
{"id":"323-47-0711","first_name":"Tracey"},
{"id":"802-48-9081","first_name":"Titos"},
{"id":"869-09-8051","first_name":"Lind"},
{"id":"217-42-7224","first_name":"Ilse"},
{"id":"295-73-7640","first_name":"Annabell"},
{"id":"279-57-4209","first_name":"Chickie"},
{"id":"202-08-5973","first_name":"Stephani"},
{"id":"288-01-4578","first_name":"Tye"},
{"id":"338-21-5714","first_name":"Madeline"},
{"id":"390-75-3624","first_name":"Annie"},
{"id":"856-63-6959","first_name":"Riki"},
{"id":"607-73-0578","first_name":"Kane"},
{"id":"493-76-6549","first_name":"Suellen"},
{"id":"227-91-0905","first_name":"Baily"},
{"id":"597-44-9205","first_name":"Ellery"},
{"id":"647-80-6947","first_name":"Zita"},
{"id":"570-95-4813","first_name":"Whittaker"},
{"id":"610-96-5803","first_name":"Orren"},
{"id":"318-74-5228","first_name":"Charissa"},
{"id":"335-58-5939","first_name":"Kalie"},
{"id":"120-75-0905","first_name":"Jeana"},
{"id":"227-52-6934","first_name":"Milka"},
{"id":"766-12-7777","first_name":"Abner"},
{"id":"560-13-6105","first_name":"Kerry"},
{"id":"277-27-5671","first_name":"Reynold"},
{"id":"158-19-2137","first_name":"Uriel"},
{"id":"424-72-7777","first_name":"Herbert"},
{"id":"577-74-0524","first_name":"Cayla"},
{"id":"489-97-3328","first_name":"Brandie"},
{"id":"474-42-4715","first_name":"Roda"},
{"id":"590-25-4718","first_name":"Zackariah"},
{"id":"542-16-9487","first_name":"Yvon"},
{"id":"384-43-3456","first_name":"Beryle"},
{"id":"572-13-3686","first_name":"Andra"},
{"id":"543-44-4611","first_name":"Brantley"},
{"id":"126-13-2683","first_name":"Brannon"},
{"id":"593-86-9036","first_name":"Nana"},
{"id":"303-18-7017","first_name":"Umberto"},
{"id":"700-79-2634","first_name":"Ardith"},
{"id":"711-47-8259","first_name":"Ryley"},
{"id":"509-79-8362","first_name":"Carlye"},
{"id":"579-84-1549","first_name":"Fionna"},
{"id":"652-47-6327","first_name":"Charyl"},
{"id":"539-92-0641","first_name":"Merridie"},
{"id":"636-98-1786","first_name":"Addy"},
{"id":"231-02-7602","first_name":"Renate"},
{"id":"714-14-3958","first_name":"Gerrard"},
{"id":"118-57-2138","first_name":"Flossi"},
{"id":"110-46-8671","first_name":"Martyn"},
{"id":"297-19-5402","first_name":"Jacinda"},
{"id":"407-31-4627","first_name":"Ivie"},
{"id":"121-50-0727","first_name":"Sheffield"},
{"id":"845-05-2777","first_name":"Ines"},
{"id":"148-78-6726","first_name":"Nydia"},
{"id":"838-72-2573","first_name":"Even"},
{"id":"156-45-0250","first_name":"Briney"},
{"id":"757-05-3845","first_name":"Chance"},
{"id":"312-15-6961","first_name":"Haywood"},
{"id":"858-21-7453","first_name":"Herrick"},
{"id":"662-26-0906","first_name":"Maximilien"},
{"id":"103-76-3577","first_name":"Hilary"},
{"id":"514-56-2549","first_name":"Marcella"},
{"id":"591-68-8747","first_name":"Theodore"},
{"id":"349-36-6699","first_name":"Whitaker"},
{"id":"275-37-8528","first_name":"Windham"},
{"id":"269-08-5285","first_name":"Ryley"},
{"id":"608-84-1448","first_name":"Henrik"},
{"id":"576-81-2018","first_name":"Stanislaw"},
{"id":"669-21-4700","first_name":"Almira"},
{"id":"621-54-5868","first_name":"Gian"},
{"id":"772-99-7823","first_name":"Rochella"},
{"id":"340-76-0243","first_name":"Gisela"},
{"id":"127-25-2104","first_name":"El"},
{"id":"382-93-2587","first_name":"Warde"},
{"id":"454-50-9888","first_name":"Timmy"},
{"id":"778-74-4369","first_name":"Emmey"},
{"id":"280-84-9734","first_name":"Sophie"},
{"id":"734-34-8525","first_name":"Aloise"},
{"id":"820-88-9872","first_name":"Hertha"},
{"id":"429-45-5471","first_name":"Pauli"},
{"id":"673-39-8561","first_name":"Maren"},
{"id":"119-21-5816","first_name":"Pietra"},
{"id":"371-42-4836","first_name":"Stanislaus"},
{"id":"233-61-2167","first_name":"Chad"},
{"id":"451-03-9422","first_name":"Kerry"},
{"id":"414-93-5311","first_name":"Jobina"},
{"id":"419-20-2931","first_name":"Sumner"},
{"id":"694-12-1650","first_name":"Meyer"},
{"id":"199-24-1232","first_name":"Shurlock"},
{"id":"378-23-3013","first_name":"Lynn"},
{"id":"600-58-0240","first_name":"Sonni"},
{"id":"651-70-4704","first_name":"Edward"},
{"id":"102-55-0145","first_name":"Audrye"},
{"id":"242-43-0744","first_name":"Baird"},
{"id":"577-41-4421","first_name":"Antonina"},
{"id":"231-91-7954","first_name":"Clemmie"},
{"id":"656-38-0970","first_name":"Dari"},
{"id":"406-83-6477","first_name":"Gill"},
{"id":"515-46-2294","first_name":"Ervin"},
{"id":"605-45-7009","first_name":"Moishe"},
{"id":"840-37-0826","first_name":"Bryn"},
{"id":"662-49-9401","first_name":"Dell"},
{"id":"227-20-7096","first_name":"Larisa"},
{"id":"259-95-3914","first_name":"Jordanna"},
{"id":"753-88-3533","first_name":"Maris"},
{"id":"851-78-7650","first_name":"Ulla"},
{"id":"424-68-1812","first_name":"Andrei"},
{"id":"733-96-3724","first_name":"Udall"},
{"id":"256-68-0106","first_name":"Heinrik"},
{"id":"262-15-7932","first_name":"Alejandra"},
{"id":"281-48-9052","first_name":"Wendy"},
{"id":"650-80-5464","first_name":"Humfried"},
{"id":"223-29-3725","first_name":"Donica"},
{"id":"304-10-4930","first_name":"Reuven"},
{"id":"821-33-6800","first_name":"Beulah"},
{"id":"316-05-1965","first_name":"Ailina"},
{"id":"576-64-7163","first_name":"Karyl"},
{"id":"392-85-4498","first_name":"Cindie"},
{"id":"358-71-6769","first_name":"Davey"},
{"id":"799-92-3941","first_name":"Katya"},
{"id":"577-57-6653","first_name":"Malinde"},
{"id":"810-24-9170","first_name":"Julia"},
{"id":"453-52-0372","first_name":"Barbi"},
{"id":"332-37-2183","first_name":"Ceil"},
{"id":"832-15-9964","first_name":"Dulciana"},
{"id":"700-52-6262","first_name":"Viole"},
{"id":"526-81-8587","first_name":"Meredithe"},
{"id":"211-16-8999","first_name":"Gerome"},
{"id":"515-40-4433","first_name":"Haroun"},
{"id":"360-17-3092","first_name":"Vivien"},
{"id":"469-41-8572","first_name":"Dev"},
{"id":"701-77-7978","first_name":"Danella"},
{"id":"603-92-3603","first_name":"Rossie"},
{"id":"547-19-1859","first_name":"Benny"},
{"id":"624-62-7092","first_name":"Dag"},
{"id":"753-07-0125","first_name":"Petronia"},
{"id":"757-44-9575","first_name":"Michail"},
{"id":"372-48-5775","first_name":"Shawn"},
{"id":"122-03-5283","first_name":"Gare"},
{"id":"507-34-9949","first_name":"Izabel"},
{"id":"119-27-0820","first_name":"Helene"},
{"id":"544-23-9512","first_name":"Amabelle"},
{"id":"335-34-3720","first_name":"Aurelie"},
{"id":"462-89-6120","first_name":"Meggie"},
{"id":"126-26-8275","first_name":"Dewitt"},
{"id":"138-82-4128","first_name":"Abagail"},
{"id":"215-07-6854","first_name":"Shandie"},
{"id":"526-20-8858","first_name":"Albertina"},
{"id":"878-26-9439","first_name":"Roseanna"},
{"id":"822-85-9943","first_name":"Humfrid"},
{"id":"570-74-8931","first_name":"Fredric"},
{"id":"480-78-5978","first_name":"Renee"},
{"id":"889-16-4153","first_name":"Julissa"},
{"id":"498-45-9174","first_name":"Neddie"},
{"id":"241-44-9684","first_name":"Vivienne"},
{"id":"433-16-8348","first_name":"Gillian"},
{"id":"696-33-2539","first_name":"Tobit"},
{"id":"137-41-3713","first_name":"Willyt"},
{"id":"851-95-1718","first_name":"Dirk"},
{"id":"697-96-8917","first_name":"Wileen"},
{"id":"132-26-9261","first_name":"Janeta"},
{"id":"738-44-0978","first_name":"Sax"},
{"id":"402-89-9088","first_name":"Rica"},
{"id":"567-64-4973","first_name":"Nealon"},
{"id":"202-34-9432","first_name":"Ysabel"},
{"id":"665-52-1800","first_name":"Freddy"},
{"id":"771-07-8001","first_name":"Zonnya"},
{"id":"341-69-7743","first_name":"Rona"},
{"id":"467-15-5701","first_name":"Mohandis"},
{"id":"307-91-5428","first_name":"Nicola"},
{"id":"492-71-2802","first_name":"Cherrita"},
{"id":"737-64-8069","first_name":"Sebastiano"},
{"id":"828-41-3446","first_name":"Caddric"},
{"id":"459-24-5481","first_name":"Son"},
{"id":"289-59-9649","first_name":"Sinclair"},
{"id":"625-04-2694","first_name":"Kathye"},
{"id":"526-65-6473","first_name":"Jacinthe"},
{"id":"367-77-1839","first_name":"Milli"},
{"id":"483-09-6497","first_name":"Millard"},
{"id":"473-33-5302","first_name":"Meredeth"},
{"id":"685-66-4517","first_name":"Alia"},
{"id":"534-11-9967","first_name":"Rene"},
{"id":"845-95-7890","first_name":"Melania"},
{"id":"230-85-8679","first_name":"Izzy"},
{"id":"759-07-8173","first_name":"Imogen"},
{"id":"746-92-6778","first_name":"Sherwynd"},
{"id":"819-21-1939","first_name":"Margo"},
{"id":"191-18-7258","first_name":"Jock"},
{"id":"412-15-4278","first_name":"Harmonie"},
{"id":"729-57-6033","first_name":"Ophelie"},
{"id":"884-39-9547","first_name":"Sergio"},
{"id":"432-97-9558","first_name":"Ab"},
{"id":"564-69-6247","first_name":"Lynnell"},
{"id":"573-22-2894","first_name":"Zacharia"},
{"id":"722-90-4352","first_name":"Kennie"},
{"id":"837-53-5284","first_name":"Joel"},
{"id":"260-40-4484","first_name":"Melisandra"},
{"id":"525-16-2870","first_name":"Gwenora"},
{"id":"615-39-2446","first_name":"Yule"},
{"id":"551-63-5625","first_name":"Katuscha"},
{"id":"859-34-6313","first_name":"Alvy"},
{"id":"111-89-8741","first_name":"Delcine"},
{"id":"409-77-7481","first_name":"Shannon"},
{"id":"393-19-1222","first_name":"Michele"},
{"id":"896-88-4094","first_name":"Renell"},
{"id":"344-92-8659","first_name":"Gustaf"},
{"id":"182-83-1905","first_name":"Belvia"},
{"id":"474-40-4024","first_name":"Malissa"},
{"id":"789-33-9969","first_name":"Pyotr"},
{"id":"795-09-6834","first_name":"Augustin"},
{"id":"240-09-3002","first_name":"Birdie"},
{"id":"709-31-1604","first_name":"Gusella"},
{"id":"871-87-7936","first_name":"Ailis"},
{"id":"794-71-2036","first_name":"Weston"},
{"id":"205-55-3188","first_name":"Ranee"},
{"id":"207-23-5213","first_name":"Hildagard"},
{"id":"699-41-9668","first_name":"Belva"},
{"id":"467-81-2913","first_name":"Fabe"},
{"id":"389-77-9531","first_name":"Reggie"},
{"id":"366-24-0245","first_name":"Blayne"},
{"id":"805-22-9752","first_name":"Elyssa"},
{"id":"784-26-5033","first_name":"Shane"},
{"id":"261-20-1017","first_name":"Mirabel"},
{"id":"372-79-4191","first_name":"Tamas"},
{"id":"415-12-7195","first_name":"Meriel"},
{"id":"797-57-4869","first_name":"Devinne"},
{"id":"242-36-0873","first_name":"Danell"},
{"id":"557-57-0077","first_name":"Sophronia"},
{"id":"813-80-9228","first_name":"Wanda"},
{"id":"592-81-4666","first_name":"Irvine"},
{"id":"315-27-6690","first_name":"Loree"},
{"id":"212-01-5043","first_name":"Georgeanna"},
{"id":"423-16-8119","first_name":"Clare"},
{"id":"125-13-5182","first_name":"Barn"},
{"id":"235-09-0681","first_name":"Teirtza"},
{"id":"132-18-2045","first_name":"Cheri"},
{"id":"881-22-2160","first_name":"Tedda"},
{"id":"444-73-7060","first_name":"Marcy"},
{"id":"501-76-6683","first_name":"Sherlocke"},
{"id":"169-08-9147","first_name":"Kelli"},
{"id":"674-53-6747","first_name":"Traci"},
{"id":"551-73-2320","first_name":"Jerrie"},
{"id":"393-67-7642","first_name":"Clarine"},
{"id":"271-63-5992","first_name":"Dalila"},
{"id":"131-40-5957","first_name":"Artemas"},
{"id":"340-07-1760","first_name":"Igor"},
{"id":"660-11-0165","first_name":"Pren"},
{"id":"553-07-6313","first_name":"Cristie"},
{"id":"617-02-5804","first_name":"Adolph"},
{"id":"574-40-5225","first_name":"Starr"},
{"id":"792-33-6708","first_name":"Caterina"},
{"id":"284-44-0684","first_name":"Nedi"},
{"id":"359-73-8004","first_name":"Omar"},
{"id":"614-02-0434","first_name":"Alonso"},
{"id":"804-70-5528","first_name":"Ernesta"},
{"id":"392-30-8842","first_name":"Fidelia"},
{"id":"707-42-8815","first_name":"Leonid"},
{"id":"293-68-7550","first_name":"Margarita"},
{"id":"141-22-2575","first_name":"Jermayne"},
{"id":"879-11-9379","first_name":"Holly-anne"},
{"id":"348-02-4093","first_name":"Verile"},
{"id":"235-71-0495","first_name":"Sutherland"},
{"id":"683-68-3017","first_name":"Erhart"},
{"id":"467-78-7625","first_name":"Wilie"},
{"id":"100-89-4250","first_name":"Kris"},
{"id":"134-26-0346","first_name":"Shalom"},
{"id":"877-68-3565","first_name":"Audry"},
{"id":"104-23-1579","first_name":"Donavon"},
{"id":"160-72-7048","first_name":"Sauncho"},
{"id":"454-80-9258","first_name":"Larry"},
{"id":"834-57-2577","first_name":"Tildi"},
{"id":"814-21-7230","first_name":"Raina"},
{"id":"610-38-4060","first_name":"Toni"},
{"id":"759-64-5332","first_name":"Leeann"},
{"id":"207-37-5307","first_name":"Meg"},
{"id":"141-13-2334","first_name":"Falito"},
{"id":"231-21-5027","first_name":"Lilllie"},
{"id":"448-74-1196","first_name":"Eddie"},
{"id":"704-15-2429","first_name":"Frederigo"},
{"id":"645-99-0258","first_name":"Berty"},
{"id":"429-15-5381","first_name":"Zsa zsa"},
{"id":"461-86-2376","first_name":"Clotilda"},
{"id":"829-63-6034","first_name":"Brigida"},
{"id":"483-06-8863","first_name":"Holly-anne"},
{"id":"294-01-5007","first_name":"Juieta"},
{"id":"294-78-6882","first_name":"Perceval"},
{"id":"350-47-0947","first_name":"Tessa"},
{"id":"397-54-9183","first_name":"Barde"},
{"id":"449-38-8069","first_name":"Nannie"},
{"id":"553-96-2959","first_name":"Cynde"},
{"id":"754-43-7434","first_name":"Currie"},
{"id":"869-59-2679","first_name":"Jeanelle"},
{"id":"614-40-8619","first_name":"Rubetta"},
{"id":"378-59-7613","first_name":"Natala"},
{"id":"370-25-1790","first_name":"Sinclair"},
{"id":"581-06-3474","first_name":"Hirsch"},
{"id":"584-75-4271","first_name":"Kasper"},
{"id":"351-16-9812","first_name":"Kacie"},
{"id":"525-70-2651","first_name":"Cyril"},
{"id":"312-61-7835","first_name":"Joceline"},
{"id":"387-05-9475","first_name":"Cirilo"},
{"id":"796-28-5351","first_name":"Burl"},
{"id":"247-61-6132","first_name":"Jaye"},
{"id":"196-59-1518","first_name":"Elysha"},
{"id":"384-98-5362","first_name":"Isidore"},
{"id":"274-41-0167","first_name":"Olivia"},
{"id":"814-31-6996","first_name":"Cheston"},
{"id":"563-96-8757","first_name":"Gawain"},
{"id":"619-08-9849","first_name":"Jeanna"},
{"id":"615-88-9434","first_name":"Nana"},
{"id":"254-43-8032","first_name":"Jasmina"},
{"id":"512-83-3858","first_name":"Felicio"},
{"id":"730-34-4107","first_name":"Padgett"},
{"id":"655-41-1391","first_name":"Blair"},
{"id":"353-39-6346","first_name":"Beverie"},
{"id":"449-37-1231","first_name":"Jereme"},
{"id":"735-57-0134","first_name":"Brion"},
{"id":"380-65-6110","first_name":"Margit"},
{"id":"371-10-6119","first_name":"Gayler"},
{"id":"846-96-4094","first_name":"Roshelle"},
{"id":"791-35-7814","first_name":"Cherice"},
{"id":"649-23-9661","first_name":"Willie"},
{"id":"807-56-9744","first_name":"Shamus"},
{"id":"357-28-7288","first_name":"Berny"},
{"id":"493-54-8490","first_name":"Sigfrid"},
{"id":"182-47-8371","first_name":"Florrie"},
{"id":"157-74-3498","first_name":"Clemens"},
{"id":"285-17-2759","first_name":"Andie"},
{"id":"223-95-1330","first_name":"Carlyn"},
{"id":"204-89-6462","first_name":"Gusella"},
{"id":"414-94-4063","first_name":"Zonnya"},
{"id":"190-38-6879","first_name":"Belva"},
{"id":"139-02-3771","first_name":"Mariann"},
{"id":"368-54-2705","first_name":"Hubert"},
{"id":"651-68-0792","first_name":"Georas"},
{"id":"150-14-4165","first_name":"Saul"},
{"id":"511-66-0895","first_name":"Sidonia"},
{"id":"350-47-7844","first_name":"Susanne"},
{"id":"574-45-1193","first_name":"Fernanda"},
{"id":"641-81-5007","first_name":"Thorin"},
{"id":"255-68-7128","first_name":"Jocelin"},
{"id":"873-25-4750","first_name":"Abramo"},
{"id":"253-83-5524","first_name":"Tymon"},
{"id":"343-71-9217","first_name":"Lindy"},
{"id":"763-60-9665","first_name":"Celeste"},
{"id":"214-71-2461","first_name":"Ax"},
{"id":"877-77-0015","first_name":"Creigh"},
{"id":"604-95-3190","first_name":"Avrit"},
{"id":"327-74-2647","first_name":"Chet"},
{"id":"310-73-0340","first_name":"Nat"},
{"id":"260-20-9850","first_name":"Kristina"},
{"id":"234-97-6641","first_name":"Frannie"},
{"id":"806-74-4949","first_name":"Tiff"},
{"id":"382-06-0295","first_name":"Pattie"},
{"id":"856-26-6997","first_name":"Dian"},
{"id":"370-11-8060","first_name":"Nolie"},
{"id":"674-59-5297","first_name":"Dicky"},
{"id":"847-02-5545","first_name":"Sigrid"},
{"id":"786-95-3932","first_name":"Levy"},
{"id":"471-82-3757","first_name":"Arabela"},
{"id":"326-22-6151","first_name":"Ulrikaumeko"},
{"id":"167-25-8967","first_name":"Emmeline"},
{"id":"331-85-5567","first_name":"Vivien"},
{"id":"428-21-9320","first_name":"Caz"},
{"id":"102-70-8679","first_name":"Sheeree"},
{"id":"507-30-0777","first_name":"Dotty"},
{"id":"454-51-1453","first_name":"Tremaine"},
{"id":"579-34-2896","first_name":"Guthrie"},
{"id":"346-74-6611","first_name":"Franklin"},
{"id":"493-68-3482","first_name":"Clarissa"},
{"id":"741-89-5599","first_name":"Fern"},
{"id":"645-41-2012","first_name":"Fleming"},
{"id":"538-63-7949","first_name":"Maurene"},
{"id":"488-31-5729","first_name":"Heddi"},
{"id":"688-14-4557","first_name":"Steve"},
{"id":"230-38-9537","first_name":"Gaston"},
{"id":"359-76-9358","first_name":"Aurthur"},
{"id":"349-73-8819","first_name":"Zelma"},
{"id":"806-94-1253","first_name":"Nolie"},
{"id":"706-61-5345","first_name":"Carce"},
{"id":"745-91-3509","first_name":"Sander"},
{"id":"517-33-6589","first_name":"Tamarra"},
{"id":"793-32-7009","first_name":"Erastus"},
{"id":"651-56-0305","first_name":"Renee"},
{"id":"242-35-6143","first_name":"Jacques"},
{"id":"131-68-7520","first_name":"Mal"},
{"id":"552-77-0243","first_name":"Caddric"},
{"id":"347-40-2453","first_name":"Dalli"},
{"id":"301-45-5944","first_name":"Anderea"},
{"id":"633-67-7494","first_name":"Lynne"},
{"id":"671-41-6017","first_name":"Chester"},
{"id":"872-07-6755","first_name":"Sal"},
{"id":"540-10-0619","first_name":"Brendan"},
{"id":"609-44-0491","first_name":"Amy"},
{"id":"457-69-9498","first_name":"Yorker"},
{"id":"810-77-0403","first_name":"Torrin"},
{"id":"582-66-9815","first_name":"Doretta"},
{"id":"464-79-6092","first_name":"Jasmina"},
{"id":"897-80-7367","first_name":"Kimmi"},
{"id":"185-91-3691","first_name":"Talbert"},
{"id":"734-29-7803","first_name":"Miof mela"},
{"id":"879-77-9596","first_name":"Caresa"},
{"id":"573-74-1261","first_name":"Margalit"},
{"id":"356-08-7620","first_name":"Shurlock"},
{"id":"162-58-1825","first_name":"Abbe"},
{"id":"350-17-6332","first_name":"Ryan"},
{"id":"892-14-2548","first_name":"Emogene"},
{"id":"197-08-1670","first_name":"Kristoforo"},
{"id":"292-61-8714","first_name":"Mikkel"},
{"id":"318-47-9061","first_name":"Brock"},
{"id":"452-51-5522","first_name":"Gottfried"},
{"id":"282-80-1959","first_name":"Dominique"},
{"id":"444-96-5831","first_name":"Bamby"},
{"id":"564-89-2866","first_name":"Kayle"},
{"id":"874-58-5466","first_name":"Kirstin"},
{"id":"771-78-2485","first_name":"Adelice"},
{"id":"366-15-8655","first_name":"Jessica"},
{"id":"209-60-7763","first_name":"Poul"},
{"id":"454-20-3832","first_name":"Roselle"},
{"id":"258-29-0195","first_name":"Noby"},
{"id":"758-71-2579","first_name":"Donelle"},
{"id":"494-78-4071","first_name":"Peirce"},
{"id":"233-93-4662","first_name":"Persis"},
{"id":"356-31-9944","first_name":"Doloritas"},
{"id":"616-80-4972","first_name":"Valeria"},
{"id":"725-79-2421","first_name":"Jakie"},
{"id":"741-33-8159","first_name":"Suki"},
{"id":"864-45-1791","first_name":"Marv"},
{"id":"577-61-7829","first_name":"Matthieu"},
{"id":"485-13-1917","first_name":"Archibaldo"},
{"id":"598-16-3481","first_name":"Roze"},
{"id":"850-13-1846","first_name":"Addia"},
{"id":"106-70-5478","first_name":"Joye"},
{"id":"344-88-7927","first_name":"Misti"},
{"id":"590-76-4306","first_name":"Celisse"},
{"id":"832-70-6991","first_name":"Abbie"},
{"id":"231-94-3172","first_name":"Nicola"},
{"id":"328-77-7247","first_name":"Skell"},
{"id":"279-04-4720","first_name":"Gibbie"},
{"id":"644-61-1526","first_name":"Vonny"},
{"id":"492-79-4726","first_name":"Park"},
{"id":"837-54-3446","first_name":"Alfie"},
{"id":"229-29-0092","first_name":"Debera"},
{"id":"118-19-3456","first_name":"Alistair"},
{"id":"395-38-5069","first_name":"Meghann"},
{"id":"270-07-8698","first_name":"Anderea"},
{"id":"766-42-6428","first_name":"Taylor"},
{"id":"410-39-9691","first_name":"Damien"},
{"id":"337-27-2129","first_name":"Alfy"},
{"id":"634-96-4255","first_name":"Ellynn"},
{"id":"856-07-8268","first_name":"Emmery"},
{"id":"172-96-3030","first_name":"Janela"},
{"id":"328-42-8747","first_name":"Schuyler"},
{"id":"588-57-2539","first_name":"Bobbie"},
{"id":"731-27-9981","first_name":"Steffane"},
{"id":"260-93-2193","first_name":"Llywellyn"},
{"id":"749-83-6608","first_name":"Philippe"},
{"id":"797-53-4009","first_name":"Mellie"},
{"id":"650-04-8884","first_name":"Galen"},
{"id":"685-03-9415","first_name":"Steffi"},
{"id":"433-20-6044","first_name":"Abrahan"},
{"id":"389-33-7950","first_name":"Georas"},
{"id":"186-02-8441","first_name":"Clem"},
{"id":"657-54-9131","first_name":"Brady"},
{"id":"257-44-1708","first_name":"Carter"},
{"id":"101-96-0698","first_name":"Zed"},
{"id":"376-04-8168","first_name":"Bevon"},
{"id":"515-08-8850","first_name":"Brandyn"},
{"id":"435-18-5990","first_name":"Jannel"},
{"id":"654-24-7751","first_name":"Hilde"},
{"id":"326-73-1188","first_name":"Cherianne"},
{"id":"780-96-2720","first_name":"Monroe"},
{"id":"620-12-0152","first_name":"Shaun"},
{"id":"253-49-0955","first_name":"Madelyn"},
{"id":"712-22-1253","first_name":"Ed"},
{"id":"655-51-1902","first_name":"Tanitansy"},
{"id":"202-65-7899","first_name":"Alexi"},
{"id":"136-87-3444","first_name":"Meredith"},
{"id":"185-59-1148","first_name":"Ina"},
{"id":"184-17-9168","first_name":"Lewie"},
{"id":"133-03-7351","first_name":"Hartley"},
{"id":"801-86-7333","first_name":"Lyndel"},
{"id":"824-88-2989","first_name":"Bert"},
{"id":"568-14-3604","first_name":"Price"},
{"id":"755-48-5882","first_name":"Marni"},
{"id":"287-54-9938","first_name":"Ralina"},
{"id":"860-72-7989","first_name":"Marlane"},
{"id":"897-76-5067","first_name":"Victoria"},
{"id":"390-81-1140","first_name":"Marieann"},
{"id":"658-83-2263","first_name":"Andras"},
{"id":"260-92-0333","first_name":"Janine"},
{"id":"805-27-4618","first_name":"Menard"},
{"id":"602-74-7249","first_name":"Adler"},
{"id":"136-64-0199","first_name":"Vivi"},
{"id":"149-43-1335","first_name":"Sibyl"},
{"id":"825-68-6033","first_name":"Carlene"},
{"id":"545-60-6363","first_name":"Dorie"},
{"id":"642-23-5722","first_name":"Grata"},
{"id":"376-78-1012","first_name":"Rickie"},
{"id":"410-24-1812","first_name":"Kristin"},
{"id":"679-57-9069","first_name":"Patti"},
{"id":"227-32-5284","first_name":"Reynard"},
{"id":"713-37-0479","first_name":"Dorelle"},
{"id":"278-69-0592","first_name":"Nariko"},
{"id":"876-09-5037","first_name":"Deedee"},
{"id":"302-94-1361","first_name":"Cordey"},
{"id":"700-03-6188","first_name":"Sacha"},
{"id":"837-84-1219","first_name":"Chico"},
{"id":"173-29-4938","first_name":"Millie"},
{"id":"607-27-8850","first_name":"Adelind"},
{"id":"623-17-9490","first_name":"Rebe"},
{"id":"584-48-4531","first_name":"Zitella"},
{"id":"821-37-3493","first_name":"Woodman"},
{"id":"662-42-3230","first_name":"Melvyn"},
{"id":"867-26-7734","first_name":"Aloysia"},
{"id":"387-51-0190","first_name":"Nannie"},
{"id":"121-24-0849","first_name":"Colver"},
{"id":"652-41-0885","first_name":"Peg"},
{"id":"756-77-2182","first_name":"Elden"},
{"id":"677-97-2713","first_name":"Piggy"},
{"id":"286-41-3136","first_name":"Vale"},
{"id":"150-29-6719","first_name":"Isabel"},
{"id":"305-27-1836","first_name":"Marga"},
{"id":"219-90-1155","first_name":"Barnie"},
{"id":"895-22-6138","first_name":"Doria"},
{"id":"635-28-8522","first_name":"Karalynn"},
{"id":"189-89-8492","first_name":"Corey"},
{"id":"568-53-8399","first_name":"Kaitlynn"},
{"id":"351-35-7921","first_name":"Damaris"},
{"id":"344-84-3785","first_name":"Michaelina"},
{"id":"496-61-7184","first_name":"Valerie"},
{"id":"759-09-7735","first_name":"Rosaline"},
{"id":"215-63-5317","first_name":"Niel"},
{"id":"376-74-1645","first_name":"Garry"},
{"id":"196-81-4054","first_name":"Boycie"},
{"id":"668-44-8996","first_name":"Kaitlyn"},
{"id":"243-55-5085","first_name":"Grethel"},
{"id":"744-97-9172","first_name":"Reggi"},
{"id":"744-87-6676","first_name":"Edd"},
{"id":"248-28-3454","first_name":"Merola"},
{"id":"789-79-1316","first_name":"Buffy"},
{"id":"452-73-3484","first_name":"Cully"},
{"id":"479-46-6890","first_name":"Wallis"},
{"id":"779-92-2711","first_name":"Ethelyn"},
{"id":"381-40-9514","first_name":"Ruthie"},
{"id":"826-51-6885","first_name":"Bryana"},
{"id":"482-14-9694","first_name":"Izaak"},
{"id":"595-11-9987","first_name":"Palm"},
{"id":"438-40-1365","first_name":"Tildie"},
{"id":"435-28-5246","first_name":"Waldo"},
{"id":"351-72-3760","first_name":"Deena"},
{"id":"772-72-3418","first_name":"Marchelle"},
{"id":"386-95-3356","first_name":"Harper"},
{"id":"146-57-7471","first_name":"Sybil"},
{"id":"768-15-5583","first_name":"Orazio"},
{"id":"889-57-9895","first_name":"Tucker"},
{"id":"285-91-8404","first_name":"Tobie"},
{"id":"734-40-6949","first_name":"Tami"},
{"id":"578-32-2718","first_name":"Lanny"},
{"id":"583-03-7091","first_name":"Garrek"},
{"id":"563-16-5486","first_name":"Melina"},
{"id":"114-40-3596","first_name":"Halimeda"},
{"id":"533-61-1907","first_name":"Corey"},
{"id":"819-43-7646","first_name":"Cathi"},
{"id":"880-30-4255","first_name":"Conan"},
{"id":"259-34-0288","first_name":"Barbi"},
{"id":"135-15-1857","first_name":"Olenka"},
{"id":"106-94-6421","first_name":"Holli"},
{"id":"103-77-0290","first_name":"Dynah"},
{"id":"242-15-9316","first_name":"Neille"},
{"id":"131-74-2240","first_name":"Mahmud"},
{"id":"384-74-3635","first_name":"Marylee"},
{"id":"508-64-0796","first_name":"Ericha"},
{"id":"770-15-6388","first_name":"Cecilius"},
{"id":"129-26-8031","first_name":"Ingrid"},
{"id":"561-92-3785","first_name":"Lu"},
{"id":"465-34-9131","first_name":"Gordan"},
{"id":"800-23-9008","first_name":"Amalia"},
{"id":"172-30-4672","first_name":"Lynnell"},
{"id":"707-41-5032","first_name":"Cly"},
{"id":"416-84-7828","first_name":"Shepperd"},
{"id":"586-26-0888","first_name":"Ludovico"},
{"id":"792-73-8983","first_name":"Langsdon"},
{"id":"899-08-2137","first_name":"Correna"}]