[{"id":"609-69-3276","first_name":"Ajay"},
{"id":"528-27-2471","first_name":"Kalle"},
{"id":"301-19-8719","first_name":"Gerri"},
{"id":"211-17-5562","first_name":"Gwenora"},
{"id":"632-55-2555","first_name":"Murdoch"},
{"id":"621-67-9509","first_name":"Demetri"},
{"id":"198-47-1594","first_name":"Enid"},
{"id":"316-60-9688","first_name":"Cathy"},
{"id":"581-93-1038","first_name":"Inger"},
{"id":"661-19-9830","first_name":"Letti"},
{"id":"852-50-2607","first_name":"Ruthann"},
{"id":"453-82-3333","first_name":"Northrup"},
{"id":"492-30-4046","first_name":"Vanni"},
{"id":"203-62-3701","first_name":"Danya"},
{"id":"122-09-2076","first_name":"Jonell"},
{"id":"407-48-7774","first_name":"Gray"},
{"id":"591-99-6287","first_name":"Joan"},
{"id":"893-06-2191","first_name":"Aluino"},
{"id":"386-45-4048","first_name":"Renaldo"},
{"id":"167-03-5648","first_name":"Reynard"},
{"id":"112-43-5726","first_name":"Elle"},
{"id":"429-26-6650","first_name":"Gris"},
{"id":"480-36-7742","first_name":"Dewitt"},
{"id":"371-20-1876","first_name":"Samantha"},
{"id":"113-71-5522","first_name":"Joe"},
{"id":"630-31-7740","first_name":"Claiborne"},
{"id":"214-77-3875","first_name":"Didi"},
{"id":"817-44-4014","first_name":"Emmye"},
{"id":"552-84-8240","first_name":"Maddie"},
{"id":"858-79-0709","first_name":"Ursa"},
{"id":"267-45-8413","first_name":"Yolanda"},
{"id":"373-68-7454","first_name":"Brandi"},
{"id":"157-85-9537","first_name":"Robby"},
{"id":"479-47-4942","first_name":"Bianca"},
{"id":"451-41-6242","first_name":"Pamela"},
{"id":"574-37-0701","first_name":"Janek"},
{"id":"579-90-5112","first_name":"Mellisa"},
{"id":"287-21-9915","first_name":"Jeni"},
{"id":"205-25-9334","first_name":"Eberhard"},
{"id":"150-88-8978","first_name":"Dionis"},
{"id":"662-73-3902","first_name":"Olive"},
{"id":"459-94-9015","first_name":"Tiphany"},
{"id":"255-95-0026","first_name":"Humberto"},
{"id":"662-85-8966","first_name":"Sabrina"},
{"id":"463-56-0705","first_name":"Faustina"},
{"id":"897-27-3770","first_name":"Lindon"},
{"id":"294-36-9385","first_name":"Shea"},
{"id":"682-51-7798","first_name":"Janine"},
{"id":"627-72-2119","first_name":"Sharona"},
{"id":"392-52-6163","first_name":"Sibley"},
{"id":"854-61-1093","first_name":"Mylo"},
{"id":"661-53-8432","first_name":"Jacqueline"},
{"id":"258-13-1617","first_name":"Shawn"},
{"id":"103-39-1967","first_name":"Joel"},
{"id":"530-89-3927","first_name":"Bentley"},
{"id":"890-39-8146","first_name":"Karine"},
{"id":"266-56-7145","first_name":"Cherianne"},
{"id":"402-03-8586","first_name":"Benjamen"},
{"id":"363-73-6354","first_name":"Brendon"},
{"id":"269-06-8734","first_name":"Allison"},
{"id":"237-45-8134","first_name":"Kirby"},
{"id":"548-04-8264","first_name":"Mattias"},
{"id":"596-99-2936","first_name":"Fey"},
{"id":"275-88-8761","first_name":"Garth"},
{"id":"687-43-5130","first_name":"Brena"},
{"id":"584-19-0715","first_name":"Nikaniki"},
{"id":"883-14-1575","first_name":"Coral"},
{"id":"654-17-9162","first_name":"Sherlock"},
{"id":"784-66-1212","first_name":"Nina"},
{"id":"689-80-5214","first_name":"Kaye"},
{"id":"185-18-6720","first_name":"Chuck"},
{"id":"267-27-3462","first_name":"Sandra"},
{"id":"392-97-1074","first_name":"Kailey"},
{"id":"849-41-9106","first_name":"Davy"},
{"id":"624-01-5616","first_name":"Berkie"},
{"id":"662-73-9376","first_name":"Antonella"},
{"id":"168-64-9645","first_name":"Hall"},
{"id":"261-64-6302","first_name":"Luz"},
{"id":"531-89-7496","first_name":"Natividad"},
{"id":"645-18-6822","first_name":"Darlene"},
{"id":"794-66-0391","first_name":"Ody"},
{"id":"610-37-5046","first_name":"Toddie"},
{"id":"459-47-4069","first_name":"Daveta"},
{"id":"241-90-4765","first_name":"Maryrose"},
{"id":"553-11-5200","first_name":"Delmar"},
{"id":"210-91-7782","first_name":"Alaine"},
{"id":"446-75-2243","first_name":"Ingemar"},
{"id":"565-84-7107","first_name":"Cassie"},
{"id":"616-75-4177","first_name":"Corbett"},
{"id":"776-18-0043","first_name":"Ben"},
{"id":"729-02-6220","first_name":"Peggi"},
{"id":"296-85-5104","first_name":"Jacquie"},
{"id":"507-04-2295","first_name":"Virgina"},
{"id":"163-22-9729","first_name":"Paolo"},
{"id":"351-18-2306","first_name":"Lois"},
{"id":"684-15-3131","first_name":"Joni"},
{"id":"182-93-1288","first_name":"Vicki"},
{"id":"435-05-5738","first_name":"Toddy"},
{"id":"309-36-5428","first_name":"Stormie"},
{"id":"762-35-3285","first_name":"Ketti"},
{"id":"532-91-4221","first_name":"Prentiss"},
{"id":"335-13-3965","first_name":"Brietta"},
{"id":"678-57-5439","first_name":"Brantley"},
{"id":"623-80-8755","first_name":"Gusti"},
{"id":"245-72-2362","first_name":"Cass"},
{"id":"229-66-1380","first_name":"Araldo"},
{"id":"317-79-8334","first_name":"Donni"},
{"id":"249-61-0516","first_name":"Gus"},
{"id":"756-60-4335","first_name":"Galina"},
{"id":"190-16-8623","first_name":"Tonya"},
{"id":"645-53-2199","first_name":"Cale"},
{"id":"705-02-4174","first_name":"Issy"},
{"id":"329-21-4631","first_name":"Humbert"},
{"id":"441-26-7463","first_name":"Eamon"},
{"id":"265-05-5103","first_name":"Nada"},
{"id":"272-61-1123","first_name":"Tilda"},
{"id":"466-59-5043","first_name":"Curtice"},
{"id":"408-91-0785","first_name":"Hadleigh"},
{"id":"430-10-2051","first_name":"Jaye"},
{"id":"116-30-1900","first_name":"Tracee"},
{"id":"432-90-7784","first_name":"Koressa"},
{"id":"882-61-8130","first_name":"Jilleen"},
{"id":"652-13-0716","first_name":"Serena"},
{"id":"672-92-9290","first_name":"Emmaline"},
{"id":"162-45-7490","first_name":"Venus"},
{"id":"319-53-4336","first_name":"Erl"},
{"id":"381-50-8495","first_name":"Jami"},
{"id":"497-50-2581","first_name":"Hortense"},
{"id":"417-10-7232","first_name":"Tamarra"},
{"id":"373-35-0085","first_name":"Osborne"},
{"id":"525-66-4706","first_name":"Merlina"},
{"id":"296-48-7240","first_name":"Trefor"},
{"id":"749-43-8350","first_name":"Wilfred"},
{"id":"652-85-3538","first_name":"Marthena"},
{"id":"815-57-3326","first_name":"Guglielmo"},
{"id":"428-32-7691","first_name":"Elisabetta"},
{"id":"469-77-5511","first_name":"Cassandry"},
{"id":"100-81-6853","first_name":"Meade"},
{"id":"515-58-5205","first_name":"Shelton"},
{"id":"825-87-0524","first_name":"Fredericka"},
{"id":"657-64-4946","first_name":"Job"},
{"id":"405-75-4490","first_name":"Johnathan"},
{"id":"101-87-9155","first_name":"Lynn"},
{"id":"359-28-2647","first_name":"Phineas"},
{"id":"136-18-8319","first_name":"Forrester"},
{"id":"380-02-6970","first_name":"Almeta"},
{"id":"132-02-9433","first_name":"Joete"},
{"id":"595-83-6854","first_name":"Joyous"},
{"id":"807-36-5996","first_name":"Arlee"},
{"id":"624-67-8901","first_name":"Tyrus"},
{"id":"273-93-8696","first_name":"Audry"},
{"id":"417-65-2928","first_name":"Vanda"},
{"id":"512-62-2711","first_name":"Jacques"},
{"id":"302-20-5555","first_name":"Shaylynn"},
{"id":"269-91-7297","first_name":"Shandra"},
{"id":"136-54-5331","first_name":"Patrice"},
{"id":"267-66-4579","first_name":"Tiler"},
{"id":"303-68-4945","first_name":"Christoper"},
{"id":"314-03-2032","first_name":"Tobie"},
{"id":"403-87-9237","first_name":"Jyoti"},
{"id":"587-94-0590","first_name":"Kimberlee"},
{"id":"444-08-9286","first_name":"Alane"},
{"id":"370-96-2294","first_name":"Chucho"},
{"id":"173-37-6674","first_name":"Hannie"},
{"id":"598-24-6362","first_name":"Mel"},
{"id":"853-84-5073","first_name":"Wolf"},
{"id":"480-54-7710","first_name":"Aggy"},
{"id":"802-34-3923","first_name":"Ailina"},
{"id":"444-46-7780","first_name":"Alexia"},
{"id":"682-37-1312","first_name":"Rufus"},
{"id":"767-30-5970","first_name":"Rosalie"},
{"id":"436-16-4549","first_name":"Grannie"},
{"id":"260-36-6539","first_name":"Armando"},
{"id":"344-62-6600","first_name":"Charlotta"},
{"id":"286-18-9975","first_name":"Lou"},
{"id":"801-71-4788","first_name":"Glenn"},
{"id":"439-13-4427","first_name":"Selle"},
{"id":"265-30-3340","first_name":"Bartholomew"},
{"id":"402-32-9372","first_name":"Sadella"},
{"id":"612-32-2571","first_name":"Madelon"},
{"id":"364-91-3019","first_name":"Irita"},
{"id":"401-55-8302","first_name":"Bud"},
{"id":"550-30-2047","first_name":"Beverie"},
{"id":"514-46-2488","first_name":"Buffy"},
{"id":"583-91-2335","first_name":"Merrel"},
{"id":"862-27-1010","first_name":"Nolly"},
{"id":"568-21-3214","first_name":"Constanta"},
{"id":"228-11-9653","first_name":"Wadsworth"},
{"id":"517-08-6321","first_name":"Pierre"},
{"id":"218-05-2304","first_name":"Bertine"},
{"id":"211-93-6028","first_name":"Shaine"},
{"id":"136-67-9639","first_name":"Lonee"},
{"id":"863-76-7425","first_name":"Sena"},
{"id":"332-08-1720","first_name":"Godfrey"},
{"id":"708-17-2114","first_name":"Ferdinand"},
{"id":"826-90-6534","first_name":"Walt"},
{"id":"422-51-6607","first_name":"Keslie"},
{"id":"615-29-5848","first_name":"Koral"},
{"id":"352-27-6047","first_name":"Delia"},
{"id":"784-10-8604","first_name":"Zelda"},
{"id":"401-51-8068","first_name":"Simonette"},
{"id":"486-86-1943","first_name":"Rafael"},
{"id":"464-52-3308","first_name":"Dalton"},
{"id":"883-25-9809","first_name":"Julio"},
{"id":"277-95-9129","first_name":"Giselbert"},
{"id":"764-26-1443","first_name":"Claiborn"},
{"id":"543-48-7296","first_name":"Shauna"},
{"id":"557-99-8533","first_name":"Sidoney"},
{"id":"706-49-2107","first_name":"Rosana"},
{"id":"897-93-4206","first_name":"Lelia"},
{"id":"156-03-2254","first_name":"Michal"},
{"id":"390-15-9678","first_name":"Danyelle"},
{"id":"469-16-9103","first_name":"Brittne"},
{"id":"599-76-8047","first_name":"Marshall"},
{"id":"888-39-4925","first_name":"Crosby"},
{"id":"514-37-9152","first_name":"Maitilde"},
{"id":"390-60-0229","first_name":"Deb"},
{"id":"668-64-9265","first_name":"Antonius"},
{"id":"199-70-4876","first_name":"Dory"},
{"id":"352-01-0949","first_name":"Korrie"},
{"id":"628-76-9078","first_name":"Lenette"},
{"id":"592-50-7276","first_name":"Neal"},
{"id":"777-42-8661","first_name":"Lorrin"},
{"id":"241-71-9530","first_name":"Andrej"},
{"id":"497-83-4072","first_name":"Reider"},
{"id":"494-49-8040","first_name":"Zelda"},
{"id":"634-03-3329","first_name":"Waring"},
{"id":"186-01-3825","first_name":"Hana"},
{"id":"682-63-6963","first_name":"Lanni"},
{"id":"873-31-4253","first_name":"Beilul"},
{"id":"361-92-6949","first_name":"Stacie"},
{"id":"265-98-8560","first_name":"Nicol"},
{"id":"212-04-5294","first_name":"Matt"},
{"id":"548-60-7988","first_name":"Emalia"},
{"id":"221-43-1767","first_name":"Chrystal"},
{"id":"800-16-6703","first_name":"Bethany"},
{"id":"335-67-6112","first_name":"Tiffie"},
{"id":"871-20-1610","first_name":"Lu"},
{"id":"251-35-6930","first_name":"Nicolis"},
{"id":"629-06-1092","first_name":"Ira"},
{"id":"259-67-2505","first_name":"Xylina"},
{"id":"269-75-7564","first_name":"Ravi"},
{"id":"824-78-4791","first_name":"Renato"},
{"id":"633-25-6766","first_name":"Kellie"},
{"id":"693-13-9357","first_name":"Fey"},
{"id":"587-86-6207","first_name":"Staffard"},
{"id":"390-81-0778","first_name":"Dorine"},
{"id":"273-90-7904","first_name":"Sara"},
{"id":"419-14-9407","first_name":"Garnet"},
{"id":"891-12-2432","first_name":"Park"},
{"id":"218-39-5926","first_name":"Madeleine"},
{"id":"394-49-6742","first_name":"Eunice"},
{"id":"463-61-9408","first_name":"Audrie"},
{"id":"366-27-7511","first_name":"Etan"},
{"id":"414-76-7710","first_name":"Merwyn"},
{"id":"153-19-8176","first_name":"Rickie"},
{"id":"792-57-0482","first_name":"Andonis"},
{"id":"108-08-9524","first_name":"Aurelie"},
{"id":"328-03-3292","first_name":"Loutitia"},
{"id":"440-43-5101","first_name":"Trescha"},
{"id":"814-42-8786","first_name":"Heath"},
{"id":"490-74-8487","first_name":"Muire"},
{"id":"402-92-1669","first_name":"Franzen"},
{"id":"522-89-7429","first_name":"Luz"},
{"id":"432-75-8973","first_name":"Kayla"},
{"id":"390-97-8110","first_name":"Eyde"},
{"id":"207-29-9136","first_name":"Samson"},
{"id":"602-15-4855","first_name":"Olag"},
{"id":"468-33-7833","first_name":"Cori"},
{"id":"340-10-2699","first_name":"Franklyn"},
{"id":"867-08-8869","first_name":"Arabella"},
{"id":"476-04-7300","first_name":"Ezequiel"},
{"id":"508-56-3993","first_name":"Audrye"},
{"id":"664-22-8641","first_name":"Ashia"},
{"id":"492-64-9523","first_name":"Shayne"},
{"id":"280-95-9507","first_name":"Drugi"},
{"id":"437-53-6243","first_name":"Malina"},
{"id":"144-08-7609","first_name":"Ingram"},
{"id":"654-36-6370","first_name":"Aurelea"},
{"id":"499-45-6285","first_name":"Cointon"},
{"id":"142-09-1643","first_name":"Letitia"},
{"id":"148-19-8684","first_name":"Alasteir"},
{"id":"636-66-3663","first_name":"Barrie"},
{"id":"766-61-8367","first_name":"Wolfie"},
{"id":"239-80-4686","first_name":"Othelia"},
{"id":"825-61-5166","first_name":"Doretta"},
{"id":"843-72-0184","first_name":"Randall"},
{"id":"606-93-2198","first_name":"Ray"},
{"id":"434-59-9991","first_name":"Romy"},
{"id":"240-99-4171","first_name":"Timothea"},
{"id":"868-05-3763","first_name":"Lana"},
{"id":"729-01-8496","first_name":"Prudence"},
{"id":"697-19-2673","first_name":"Woody"},
{"id":"690-60-4371","first_name":"Rosamund"},
{"id":"742-85-8123","first_name":"Ivan"},
{"id":"271-44-6650","first_name":"Saunder"},
{"id":"380-34-4489","first_name":"Raddy"},
{"id":"554-75-1169","first_name":"Maxy"},
{"id":"562-40-6312","first_name":"Dominik"},
{"id":"107-80-1843","first_name":"Olivette"},
{"id":"596-62-0221","first_name":"Arleyne"},
{"id":"393-15-5045","first_name":"Buiron"},
{"id":"122-05-2920","first_name":"Hinda"},
{"id":"856-69-2725","first_name":"Deena"},
{"id":"489-75-5070","first_name":"Agna"},
{"id":"102-51-0476","first_name":"Lebbie"},
{"id":"859-09-4963","first_name":"Alberta"},
{"id":"451-75-4235","first_name":"Edee"},
{"id":"410-96-3294","first_name":"Richy"},
{"id":"693-85-4337","first_name":"Devlen"},
{"id":"870-28-6382","first_name":"Ellwood"},
{"id":"531-07-0501","first_name":"Dunc"},
{"id":"318-02-1362","first_name":"Evelyn"},
{"id":"557-19-9420","first_name":"Wenonah"},
{"id":"477-54-6274","first_name":"Brandi"},
{"id":"141-11-3710","first_name":"Gavra"},
{"id":"455-05-8429","first_name":"Rosene"},
{"id":"361-62-9046","first_name":"Jamima"},
{"id":"342-85-1194","first_name":"Creigh"},
{"id":"442-79-1163","first_name":"Ardath"},
{"id":"459-72-0743","first_name":"Chrystal"},
{"id":"501-30-0361","first_name":"Javier"},
{"id":"308-74-4365","first_name":"Maryellen"},
{"id":"742-18-4681","first_name":"Leonidas"},
{"id":"579-25-3717","first_name":"Alvina"},
{"id":"308-74-2272","first_name":"Sayers"},
{"id":"240-91-4955","first_name":"Dorolice"},
{"id":"360-64-9934","first_name":"Lazare"},
{"id":"168-58-9787","first_name":"Evelyn"},
{"id":"796-68-9525","first_name":"Joy"},
{"id":"310-51-8145","first_name":"Ellswerth"},
{"id":"433-81-0850","first_name":"Cristie"},
{"id":"323-02-0851","first_name":"Johnath"},
{"id":"546-41-9139","first_name":"Tiff"},
{"id":"443-97-1683","first_name":"Andi"},
{"id":"103-36-6916","first_name":"Arlena"},
{"id":"759-20-2634","first_name":"Arlyn"},
{"id":"110-87-7978","first_name":"Piotr"},
{"id":"880-28-3110","first_name":"Hercule"},
{"id":"585-26-7111","first_name":"Marten"},
{"id":"421-18-3270","first_name":"Lela"},
{"id":"316-12-0759","first_name":"Yettie"},
{"id":"392-35-9839","first_name":"Larine"},
{"id":"733-58-3703","first_name":"Laraine"},
{"id":"521-49-5594","first_name":"Jacquenetta"},
{"id":"832-46-8664","first_name":"Cole"},
{"id":"229-32-0535","first_name":"Connor"},
{"id":"134-85-4964","first_name":"Ebonee"},
{"id":"536-88-9992","first_name":"Brett"},
{"id":"189-65-6745","first_name":"Teddy"},
{"id":"326-49-8027","first_name":"Nicolais"},
{"id":"369-68-5467","first_name":"Gianna"},
{"id":"523-01-2909","first_name":"Arlin"},
{"id":"597-83-4906","first_name":"Dodie"},
{"id":"772-86-1812","first_name":"Haleigh"},
{"id":"447-85-2285","first_name":"Gratiana"},
{"id":"582-55-5855","first_name":"Tracy"},
{"id":"197-17-9098","first_name":"Patricio"},
{"id":"452-33-8928","first_name":"Mufinella"},
{"id":"345-39-3013","first_name":"Lennie"},
{"id":"164-60-9365","first_name":"Winnie"},
{"id":"847-92-0430","first_name":"Llywellyn"},
{"id":"471-26-1257","first_name":"Aliza"},
{"id":"898-64-8582","first_name":"Neddy"},
{"id":"757-38-3057","first_name":"Emyle"},
{"id":"201-37-0637","first_name":"Ripley"},
{"id":"112-63-2382","first_name":"Lilian"},
{"id":"141-77-6610","first_name":"Gabby"},
{"id":"554-31-8445","first_name":"Barnaby"},
{"id":"726-05-9979","first_name":"Clarey"},
{"id":"544-42-9529","first_name":"Lee"},
{"id":"295-60-8744","first_name":"Ardelis"},
{"id":"257-27-2691","first_name":"Marigold"},
{"id":"842-12-8101","first_name":"Herminia"},
{"id":"711-81-8123","first_name":"Serena"},
{"id":"606-92-6418","first_name":"Sonni"},
{"id":"710-10-7820","first_name":"Anatole"},
{"id":"351-51-1805","first_name":"Garfield"},
{"id":"389-68-2703","first_name":"Lonni"},
{"id":"826-96-9710","first_name":"Dela"},
{"id":"893-20-8449","first_name":"Jeannette"},
{"id":"496-09-6701","first_name":"Felisha"},
{"id":"871-46-7860","first_name":"Calley"},
{"id":"631-95-0733","first_name":"Kayla"},
{"id":"183-61-9372","first_name":"Gwenni"},
{"id":"496-20-2875","first_name":"Rooney"},
{"id":"499-14-6323","first_name":"Broddy"},
{"id":"317-13-9856","first_name":"Roselia"},
{"id":"884-21-9491","first_name":"Odessa"},
{"id":"893-37-8800","first_name":"Saunder"},
{"id":"879-23-4812","first_name":"Tanya"},
{"id":"875-14-6882","first_name":"Auria"},
{"id":"589-33-1491","first_name":"Dollie"},
{"id":"716-08-9213","first_name":"Lise"},
{"id":"221-10-5894","first_name":"Stephannie"},
{"id":"694-91-3873","first_name":"Ardelis"},
{"id":"367-26-3517","first_name":"Melva"},
{"id":"750-36-5158","first_name":"Krisha"},
{"id":"868-03-6598","first_name":"Shantee"},
{"id":"726-04-2800","first_name":"Lisette"},
{"id":"897-49-4760","first_name":"Elton"},
{"id":"652-94-6579","first_name":"Tallie"},
{"id":"159-89-2212","first_name":"Ethelda"},
{"id":"838-36-2089","first_name":"Beatrice"},
{"id":"155-11-7374","first_name":"Jania"},
{"id":"422-70-9211","first_name":"Zachary"},
{"id":"275-25-3534","first_name":"Marcile"},
{"id":"804-62-2663","first_name":"Wilt"},
{"id":"887-50-3681","first_name":"Riordan"},
{"id":"718-66-6875","first_name":"Miran"},
{"id":"860-43-5542","first_name":"Melly"},
{"id":"758-73-5251","first_name":"Gill"},
{"id":"109-29-5743","first_name":"Bev"},
{"id":"616-60-7827","first_name":"Christabel"},
{"id":"419-61-1124","first_name":"Brigid"},
{"id":"771-02-1851","first_name":"Asa"},
{"id":"768-73-3592","first_name":"Saudra"},
{"id":"763-43-4880","first_name":"Goddard"},
{"id":"624-26-1507","first_name":"Hortense"},
{"id":"630-90-7252","first_name":"Hester"},
{"id":"260-57-3613","first_name":"Ernst"},
{"id":"181-17-1386","first_name":"Federico"},
{"id":"767-55-5299","first_name":"Tasha"},
{"id":"797-07-5914","first_name":"Hubert"},
{"id":"359-18-9802","first_name":"Danie"},
{"id":"853-11-7472","first_name":"Annaliese"},
{"id":"862-38-8565","first_name":"Willdon"},
{"id":"242-08-0579","first_name":"Maryjane"},
{"id":"863-22-2198","first_name":"Milli"},
{"id":"703-46-7498","first_name":"Julio"},
{"id":"689-09-2984","first_name":"Amaleta"},
{"id":"697-08-9124","first_name":"Britt"},
{"id":"690-64-0269","first_name":"Eleanora"},
{"id":"859-36-0366","first_name":"Annalise"},
{"id":"899-26-5196","first_name":"Sarina"},
{"id":"492-70-8411","first_name":"Lin"},
{"id":"230-15-1789","first_name":"Fleur"},
{"id":"691-39-1885","first_name":"Rhoda"},
{"id":"354-50-5394","first_name":"Modestia"},
{"id":"817-77-2491","first_name":"Rossy"},
{"id":"564-63-9419","first_name":"Steven"},
{"id":"192-99-8402","first_name":"Jameson"},
{"id":"611-32-9154","first_name":"Ronny"},
{"id":"397-83-1745","first_name":"Dru"},
{"id":"542-10-6125","first_name":"Stu"},
{"id":"368-42-8753","first_name":"Elia"},
{"id":"401-48-3400","first_name":"Myer"},
{"id":"262-22-3008","first_name":"Carmelia"},
{"id":"816-16-3848","first_name":"Timmie"},
{"id":"282-74-5254","first_name":"Florie"},
{"id":"726-12-6015","first_name":"Johna"},
{"id":"661-28-1061","first_name":"Cristionna"},
{"id":"153-09-9024","first_name":"Marcelle"},
{"id":"454-94-1375","first_name":"Lani"},
{"id":"205-70-4337","first_name":"Nina"},
{"id":"453-31-8435","first_name":"Marcos"},
{"id":"268-63-3876","first_name":"Vladimir"},
{"id":"205-51-3443","first_name":"Edy"},
{"id":"527-92-1919","first_name":"Alanah"},
{"id":"637-73-8189","first_name":"Carlos"},
{"id":"856-96-7849","first_name":"Perry"},
{"id":"667-60-8740","first_name":"Hank"},
{"id":"160-37-4458","first_name":"Sayre"},
{"id":"439-73-8214","first_name":"Myer"},
{"id":"665-52-9943","first_name":"Jorry"},
{"id":"274-07-5124","first_name":"Nikoletta"},
{"id":"258-89-7642","first_name":"Penrod"},
{"id":"441-03-2929","first_name":"Emmaline"},
{"id":"211-85-1921","first_name":"Lew"},
{"id":"390-85-4870","first_name":"Waiter"},
{"id":"867-40-6583","first_name":"Pebrook"},
{"id":"278-78-4135","first_name":"Shane"},
{"id":"644-85-7979","first_name":"Berti"},
{"id":"714-97-2997","first_name":"Selby"},
{"id":"783-68-4538","first_name":"Free"},
{"id":"337-15-7303","first_name":"Lauretta"},
{"id":"789-94-0769","first_name":"Midge"},
{"id":"775-76-9420","first_name":"Sharon"},
{"id":"597-61-1492","first_name":"Marcie"},
{"id":"230-05-0641","first_name":"Kylynn"},
{"id":"852-68-8598","first_name":"Cirstoforo"},
{"id":"877-33-3085","first_name":"Roch"},
{"id":"633-50-7420","first_name":"Tobie"},
{"id":"239-36-4635","first_name":"Maurie"},
{"id":"274-77-0120","first_name":"Kyle"},
{"id":"137-67-7921","first_name":"Rivy"},
{"id":"351-02-2799","first_name":"Juanita"},
{"id":"562-21-6250","first_name":"Benedict"},
{"id":"145-16-7924","first_name":"Gwynne"},
{"id":"766-34-8445","first_name":"Welch"},
{"id":"510-89-6031","first_name":"Davidson"},
{"id":"802-15-5266","first_name":"Dolley"},
{"id":"233-99-4426","first_name":"Karl"},
{"id":"194-67-9280","first_name":"Neil"},
{"id":"230-09-3929","first_name":"Allina"},
{"id":"720-82-4984","first_name":"Bron"},
{"id":"519-61-6600","first_name":"Lockwood"},
{"id":"822-58-1891","first_name":"Shepperd"},
{"id":"631-47-3293","first_name":"Esta"},
{"id":"389-54-7127","first_name":"Teddy"},
{"id":"263-68-4041","first_name":"Allard"},
{"id":"726-41-7874","first_name":"Kendrick"},
{"id":"527-47-3720","first_name":"Merola"},
{"id":"640-68-8254","first_name":"Cort"},
{"id":"403-98-1940","first_name":"Weber"},
{"id":"135-71-6118","first_name":"Maxine"},
{"id":"810-15-6305","first_name":"Dorene"},
{"id":"605-45-2794","first_name":"Far"},
{"id":"449-55-5962","first_name":"Francyne"},
{"id":"269-13-1615","first_name":"Rossie"},
{"id":"462-42-9243","first_name":"Eirena"},
{"id":"631-27-4601","first_name":"Leoine"},
{"id":"371-52-5690","first_name":"Marcelia"},
{"id":"705-13-5105","first_name":"Marita"},
{"id":"322-72-9771","first_name":"Gustaf"},
{"id":"779-67-9330","first_name":"Berget"},
{"id":"160-48-0122","first_name":"Lark"},
{"id":"849-95-3972","first_name":"Say"},
{"id":"591-86-0795","first_name":"Orin"},
{"id":"776-77-1020","first_name":"Kacey"},
{"id":"155-14-6774","first_name":"Melania"},
{"id":"432-12-1485","first_name":"Dulce"},
{"id":"518-86-4249","first_name":"Fairleigh"},
{"id":"708-08-9648","first_name":"Lancelot"},
{"id":"733-18-0568","first_name":"Minna"},
{"id":"724-65-9493","first_name":"Carolyn"},
{"id":"172-28-5395","first_name":"Free"},
{"id":"339-79-1389","first_name":"Avictor"},
{"id":"169-14-6480","first_name":"Millard"},
{"id":"515-52-0798","first_name":"Abagail"},
{"id":"510-73-7787","first_name":"Cathee"},
{"id":"397-49-8740","first_name":"Massimiliano"},
{"id":"195-94-8410","first_name":"Viviene"},
{"id":"838-05-9706","first_name":"Roosevelt"},
{"id":"662-82-2204","first_name":"Burton"},
{"id":"242-26-9712","first_name":"Erma"},
{"id":"426-46-6560","first_name":"Colene"},
{"id":"179-39-4419","first_name":"Izaak"},
{"id":"868-29-6783","first_name":"Kane"},
{"id":"410-95-4163","first_name":"Pietrek"},
{"id":"318-40-4491","first_name":"Cly"},
{"id":"832-19-3686","first_name":"Karylin"},
{"id":"766-48-4566","first_name":"Aluino"},
{"id":"531-79-4739","first_name":"Nicholle"},
{"id":"491-75-9252","first_name":"Gisela"},
{"id":"794-63-3958","first_name":"Evanne"},
{"id":"621-23-6425","first_name":"Noelle"},
{"id":"408-02-9283","first_name":"Lauralee"},
{"id":"499-56-8373","first_name":"Wood"},
{"id":"819-02-1417","first_name":"Jaimie"},
{"id":"174-96-1783","first_name":"Fiorenze"},
{"id":"893-55-2488","first_name":"Alasteir"},
{"id":"200-69-5701","first_name":"Sharleen"},
{"id":"286-51-6279","first_name":"Truda"},
{"id":"419-93-5014","first_name":"Roanna"},
{"id":"845-61-0702","first_name":"Ignace"},
{"id":"507-93-5535","first_name":"Rourke"},
{"id":"573-71-7038","first_name":"Hedy"},
{"id":"364-82-9833","first_name":"Bron"},
{"id":"878-78-6528","first_name":"Avictor"},
{"id":"534-69-1778","first_name":"Phillip"},
{"id":"836-35-5536","first_name":"Lynn"},
{"id":"783-85-3346","first_name":"Thornie"},
{"id":"861-93-6734","first_name":"Kristi"},
{"id":"439-19-4819","first_name":"Valeria"},
{"id":"710-86-4798","first_name":"Fedora"},
{"id":"814-51-3184","first_name":"Ariel"},
{"id":"749-10-9244","first_name":"Linet"},
{"id":"163-94-8645","first_name":"Jarrad"},
{"id":"891-05-5709","first_name":"Radcliffe"},
{"id":"884-15-6398","first_name":"Adolph"},
{"id":"767-42-2559","first_name":"Noami"},
{"id":"106-98-3844","first_name":"Sibyl"},
{"id":"322-06-1003","first_name":"Olly"},
{"id":"173-35-5008","first_name":"Clementius"},
{"id":"395-71-0899","first_name":"Will"},
{"id":"436-52-6705","first_name":"Harriet"},
{"id":"555-01-1642","first_name":"Etta"},
{"id":"441-93-7957","first_name":"Charlotte"},
{"id":"868-36-0019","first_name":"Donica"},
{"id":"598-69-5133","first_name":"Alphonse"},
{"id":"445-75-9000","first_name":"Thia"},
{"id":"681-47-1347","first_name":"Stanford"},
{"id":"249-69-1675","first_name":"Stacy"},
{"id":"412-94-5358","first_name":"Domini"},
{"id":"598-07-5575","first_name":"Salome"},
{"id":"616-88-2438","first_name":"Archie"},
{"id":"570-17-7120","first_name":"Marshall"},
{"id":"794-07-8919","first_name":"Alfy"},
{"id":"420-63-0339","first_name":"Fabian"},
{"id":"661-59-5816","first_name":"Stacey"},
{"id":"863-13-5056","first_name":"Frederico"},
{"id":"774-98-5375","first_name":"Colly"},
{"id":"886-08-3956","first_name":"Adelle"},
{"id":"316-03-0513","first_name":"Fairleigh"},
{"id":"681-41-7171","first_name":"Burg"},
{"id":"765-06-9891","first_name":"Karney"},
{"id":"489-83-6499","first_name":"Geoff"},
{"id":"816-14-6178","first_name":"Kristina"},
{"id":"800-14-7389","first_name":"Ronnie"},
{"id":"861-41-0839","first_name":"Bayard"},
{"id":"228-69-8945","first_name":"Sibilla"},
{"id":"402-18-6461","first_name":"Terencio"},
{"id":"527-03-7743","first_name":"Chiquia"},
{"id":"847-92-3258","first_name":"Nefen"},
{"id":"858-97-4908","first_name":"Valentijn"},
{"id":"735-79-7987","first_name":"Ash"},
{"id":"707-58-3318","first_name":"Nananne"},
{"id":"334-48-6219","first_name":"Regine"},
{"id":"662-57-1191","first_name":"Erskine"},
{"id":"762-38-4399","first_name":"Marje"},
{"id":"449-09-0888","first_name":"Chevalier"},
{"id":"216-18-2864","first_name":"Bank"},
{"id":"163-54-9573","first_name":"Aime"},
{"id":"836-29-8285","first_name":"Bobbye"},
{"id":"151-59-0005","first_name":"Jobey"},
{"id":"784-24-2457","first_name":"Addia"},
{"id":"509-09-5334","first_name":"Dody"},
{"id":"553-52-4991","first_name":"Phillis"},
{"id":"750-94-5564","first_name":"Odessa"},
{"id":"374-01-9270","first_name":"Rurik"},
{"id":"110-21-1528","first_name":"Mark"},
{"id":"435-19-3696","first_name":"Herb"},
{"id":"786-76-2397","first_name":"Lorri"},
{"id":"881-13-6922","first_name":"Culley"},
{"id":"707-90-9846","first_name":"Margaux"},
{"id":"135-63-6459","first_name":"Arley"},
{"id":"488-78-8302","first_name":"Berny"},
{"id":"199-49-7724","first_name":"Abbi"},
{"id":"339-18-9073","first_name":"Tiffy"},
{"id":"833-06-3133","first_name":"Georgianna"},
{"id":"669-24-5431","first_name":"Granville"},
{"id":"203-21-2830","first_name":"Skell"},
{"id":"701-22-5169","first_name":"Stephan"},
{"id":"796-67-5724","first_name":"Chiarra"},
{"id":"817-05-7271","first_name":"Ann-marie"},
{"id":"719-24-6287","first_name":"Freida"},
{"id":"114-10-8226","first_name":"Clarence"},
{"id":"843-92-3342","first_name":"Lyn"},
{"id":"442-13-7977","first_name":"Dacia"},
{"id":"388-70-1385","first_name":"Jacquelynn"},
{"id":"763-39-5972","first_name":"Jorie"},
{"id":"123-76-8954","first_name":"Emelina"},
{"id":"506-23-1852","first_name":"Shelley"},
{"id":"742-21-3384","first_name":"Desdemona"},
{"id":"636-46-8212","first_name":"Willie"},
{"id":"385-77-9998","first_name":"Sigrid"},
{"id":"475-02-1121","first_name":"Jacquelyn"},
{"id":"789-99-0160","first_name":"Annetta"},
{"id":"151-76-0115","first_name":"Maryl"},
{"id":"706-01-2278","first_name":"Derick"},
{"id":"899-17-1404","first_name":"Edik"},
{"id":"801-74-6022","first_name":"Teddi"},
{"id":"648-54-8801","first_name":"Bamby"},
{"id":"753-95-9447","first_name":"Madelina"},
{"id":"566-53-9807","first_name":"Melonie"},
{"id":"743-56-6218","first_name":"Paquito"},
{"id":"116-72-5144","first_name":"Ginevra"},
{"id":"571-23-9605","first_name":"Pavlov"},
{"id":"268-45-8985","first_name":"Gilbertina"},
{"id":"219-85-1788","first_name":"Lovell"},
{"id":"584-37-3934","first_name":"Barnaby"},
{"id":"169-97-0902","first_name":"Wadsworth"},
{"id":"248-77-7205","first_name":"Karna"},
{"id":"270-88-7803","first_name":"Peria"},
{"id":"429-57-0454","first_name":"Jaynell"},
{"id":"677-87-8402","first_name":"Tildi"},
{"id":"829-43-1095","first_name":"Alexandrina"},
{"id":"265-30-7664","first_name":"Mayor"},
{"id":"113-91-9793","first_name":"Hermine"},
{"id":"692-49-0803","first_name":"Vernen"},
{"id":"778-88-4107","first_name":"Rice"},
{"id":"288-04-0019","first_name":"Fabian"},
{"id":"351-24-4443","first_name":"Brad"},
{"id":"749-84-6089","first_name":"Karyn"},
{"id":"786-63-6957","first_name":"Elsworth"},
{"id":"106-67-9048","first_name":"Mariellen"},
{"id":"473-29-1983","first_name":"Eldin"},
{"id":"749-71-5289","first_name":"Silvan"},
{"id":"894-97-3641","first_name":"Doralynn"},
{"id":"692-13-8311","first_name":"Sofia"},
{"id":"545-72-1007","first_name":"Dolorita"},
{"id":"261-96-3783","first_name":"Tabbie"},
{"id":"874-12-8145","first_name":"Hart"},
{"id":"526-28-1327","first_name":"Daniella"},
{"id":"407-21-3287","first_name":"Marjy"},
{"id":"786-56-3707","first_name":"Berry"},
{"id":"720-56-7412","first_name":"Phillida"},
{"id":"890-05-4124","first_name":"Markus"},
{"id":"628-53-0712","first_name":"Melisandra"},
{"id":"173-87-8491","first_name":"Clarey"},
{"id":"680-48-3961","first_name":"Violante"},
{"id":"482-37-3938","first_name":"Umberto"},
{"id":"360-17-2259","first_name":"Lindsay"},
{"id":"647-33-3268","first_name":"Bennie"},
{"id":"562-66-8333","first_name":"Emmye"},
{"id":"202-07-3861","first_name":"Maynard"},
{"id":"723-23-8785","first_name":"Roxine"},
{"id":"878-59-4454","first_name":"Warde"},
{"id":"306-70-2174","first_name":"Griselda"},
{"id":"196-10-6154","first_name":"Boycey"},
{"id":"372-51-4410","first_name":"Catharina"},
{"id":"776-03-2891","first_name":"Tait"},
{"id":"311-94-0207","first_name":"Niko"},
{"id":"678-63-3584","first_name":"Felita"},
{"id":"588-17-7448","first_name":"Aigneis"},
{"id":"326-12-5288","first_name":"Matilde"},
{"id":"169-53-7998","first_name":"Ninette"},
{"id":"179-58-7789","first_name":"Eba"},
{"id":"535-58-5080","first_name":"Rutter"},
{"id":"597-93-0102","first_name":"Cherie"},
{"id":"222-16-2963","first_name":"Logan"},
{"id":"646-28-3420","first_name":"Jerad"},
{"id":"864-01-3731","first_name":"Jay"},
{"id":"515-68-8164","first_name":"Maynard"},
{"id":"306-95-5107","first_name":"Jocelyne"},
{"id":"601-86-1820","first_name":"Aindrea"},
{"id":"793-10-2046","first_name":"Cortie"},
{"id":"274-23-9078","first_name":"Betsey"},
{"id":"643-83-6809","first_name":"Kareem"},
{"id":"616-70-6050","first_name":"Pierette"},
{"id":"840-91-2272","first_name":"Karmen"},
{"id":"686-67-5370","first_name":"Farrel"},
{"id":"376-63-5200","first_name":"Paco"},
{"id":"624-77-4214","first_name":"Catharine"},
{"id":"140-39-5186","first_name":"Sydel"},
{"id":"299-14-5670","first_name":"Koral"},
{"id":"524-03-6179","first_name":"Barde"},
{"id":"485-26-1719","first_name":"Lee"},
{"id":"540-71-8580","first_name":"Itch"},
{"id":"421-76-9113","first_name":"Valentin"},
{"id":"278-90-3530","first_name":"Luci"},
{"id":"148-18-3565","first_name":"Berkeley"},
{"id":"623-82-6450","first_name":"Amalia"},
{"id":"600-50-4666","first_name":"Wells"},
{"id":"174-12-5132","first_name":"Galina"},
{"id":"185-24-9524","first_name":"Vladimir"},
{"id":"382-45-0826","first_name":"Regina"},
{"id":"833-32-0619","first_name":"Cynthea"},
{"id":"511-85-1414","first_name":"Quinn"},
{"id":"559-18-1605","first_name":"Stanly"},
{"id":"127-20-7436","first_name":"Godfry"},
{"id":"558-37-5014","first_name":"Wynny"},
{"id":"724-66-4493","first_name":"Maisie"},
{"id":"457-12-7581","first_name":"Rozelle"},
{"id":"330-65-2399","first_name":"Randi"},
{"id":"798-79-6412","first_name":"Meggie"},
{"id":"315-32-5887","first_name":"Stanislaw"},
{"id":"477-82-9232","first_name":"Wendy"},
{"id":"697-66-7169","first_name":"Constantina"},
{"id":"781-43-0731","first_name":"Zebadiah"},
{"id":"216-36-2609","first_name":"Nial"},
{"id":"475-60-3416","first_name":"Ellette"},
{"id":"737-31-0029","first_name":"Fabiano"},
{"id":"793-79-3219","first_name":"Ofella"},
{"id":"875-20-8744","first_name":"Jarret"},
{"id":"834-35-9214","first_name":"Belle"},
{"id":"471-30-5492","first_name":"Cordelia"},
{"id":"605-25-6977","first_name":"Rusty"},
{"id":"836-61-3537","first_name":"Sherman"},
{"id":"529-73-9536","first_name":"Giulio"},
{"id":"364-89-6044","first_name":"Nerty"},
{"id":"754-44-3051","first_name":"Amalee"},
{"id":"854-22-3169","first_name":"Larry"},
{"id":"607-22-8821","first_name":"Gregoire"},
{"id":"762-54-9771","first_name":"Frasco"},
{"id":"591-58-9681","first_name":"Kerry"},
{"id":"549-94-8702","first_name":"Vivi"},
{"id":"642-73-0049","first_name":"Laurence"},
{"id":"401-92-4851","first_name":"Una"},
{"id":"786-64-6623","first_name":"Tobie"},
{"id":"167-62-8821","first_name":"Thaddus"},
{"id":"587-22-0911","first_name":"Avie"},
{"id":"200-31-8034","first_name":"Engracia"},
{"id":"386-42-0473","first_name":"Baxie"},
{"id":"707-97-3131","first_name":"Ernesta"},
{"id":"141-78-5603","first_name":"Filberte"},
{"id":"198-03-8327","first_name":"Nariko"},
{"id":"551-28-6360","first_name":"Correy"},
{"id":"525-62-2911","first_name":"Jessamine"},
{"id":"481-77-9507","first_name":"Tisha"},
{"id":"178-71-1020","first_name":"Mayer"},
{"id":"893-73-6000","first_name":"Brig"},
{"id":"540-36-7032","first_name":"Sutherlan"},
{"id":"723-31-9097","first_name":"Sargent"},
{"id":"718-33-0955","first_name":"Brit"},
{"id":"369-80-3197","first_name":"Lorraine"},
{"id":"241-35-8525","first_name":"Alvin"},
{"id":"432-91-4006","first_name":"Kandace"},
{"id":"276-66-0069","first_name":"Edd"},
{"id":"815-81-3333","first_name":"Ardys"},
{"id":"308-96-4995","first_name":"Nisse"},
{"id":"721-26-3502","first_name":"Hagen"},
{"id":"668-35-2527","first_name":"Mike"},
{"id":"752-70-6388","first_name":"Huberto"},
{"id":"210-41-5178","first_name":"Archibold"},
{"id":"881-57-7167","first_name":"Bronny"},
{"id":"125-32-6950","first_name":"Fania"},
{"id":"851-52-1756","first_name":"Lloyd"},
{"id":"270-30-6086","first_name":"Matilde"},
{"id":"728-02-4814","first_name":"Petrina"},
{"id":"465-45-6100","first_name":"Pandora"},
{"id":"295-60-8473","first_name":"Nikkie"},
{"id":"506-02-4440","first_name":"Shay"},
{"id":"659-16-4621","first_name":"Olympe"},
{"id":"572-88-7360","first_name":"Virgilio"},
{"id":"684-99-5256","first_name":"Howie"},
{"id":"450-99-4253","first_name":"Pamella"},
{"id":"711-65-7243","first_name":"Anton"},
{"id":"319-74-4887","first_name":"Rik"},
{"id":"751-30-6198","first_name":"Noak"},
{"id":"117-24-3337","first_name":"Darrel"},
{"id":"200-45-3616","first_name":"Pate"},
{"id":"430-11-4067","first_name":"Thomasa"},
{"id":"139-76-7841","first_name":"Angela"},
{"id":"542-19-5426","first_name":"Nerty"},
{"id":"474-31-5651","first_name":"Valry"},
{"id":"289-50-8018","first_name":"Cris"},
{"id":"240-64-8327","first_name":"Arlette"},
{"id":"818-01-6965","first_name":"Joseph"},
{"id":"887-26-5760","first_name":"Gerome"},
{"id":"839-15-8083","first_name":"Harry"},
{"id":"598-21-3929","first_name":"Gerianna"},
{"id":"521-11-1490","first_name":"Jamaal"},
{"id":"600-98-1748","first_name":"Dennie"},
{"id":"737-24-5724","first_name":"Filippo"},
{"id":"817-46-1202","first_name":"Sigfrid"},
{"id":"857-55-6488","first_name":"Velvet"},
{"id":"258-60-0642","first_name":"Marc"},
{"id":"784-11-2972","first_name":"Allx"},
{"id":"220-22-5287","first_name":"Jeanelle"},
{"id":"129-91-4762","first_name":"Jamal"},
{"id":"331-25-5646","first_name":"Morry"},
{"id":"102-40-7145","first_name":"Harriett"},
{"id":"863-68-0897","first_name":"Minnnie"},
{"id":"864-48-3627","first_name":"Kingston"},
{"id":"832-91-5695","first_name":"Magdalena"},
{"id":"427-61-0805","first_name":"Ingaborg"},
{"id":"859-69-6810","first_name":"Basia"},
{"id":"257-73-9001","first_name":"Conny"},
{"id":"255-25-5079","first_name":"Launce"},
{"id":"794-49-7902","first_name":"Ed"},
{"id":"754-37-4508","first_name":"Stillman"},
{"id":"396-77-1151","first_name":"Gayleen"},
{"id":"777-24-2684","first_name":"Gwyn"},
{"id":"402-97-7678","first_name":"Agretha"},
{"id":"496-09-1775","first_name":"Leese"},
{"id":"181-36-4923","first_name":"Tom"},
{"id":"676-29-9736","first_name":"Farrell"},
{"id":"455-72-8560","first_name":"Jason"},
{"id":"656-43-6982","first_name":"Tish"},
{"id":"348-21-6947","first_name":"Ally"},
{"id":"216-66-4771","first_name":"Harbert"},
{"id":"321-02-2004","first_name":"Archer"},
{"id":"732-08-0725","first_name":"Bobbie"},
{"id":"372-76-3995","first_name":"Gilly"},
{"id":"156-77-5318","first_name":"Caralie"},
{"id":"251-36-2005","first_name":"Kaitlin"},
{"id":"341-73-5238","first_name":"Morgun"},
{"id":"494-22-8144","first_name":"Aurie"},
{"id":"166-50-7076","first_name":"Alva"},
{"id":"881-30-8404","first_name":"Giffer"},
{"id":"434-21-3919","first_name":"Darlene"},
{"id":"399-75-9428","first_name":"Lanie"},
{"id":"116-51-7054","first_name":"Barty"},
{"id":"261-66-0533","first_name":"Cleavland"},
{"id":"423-90-4209","first_name":"Blakeley"},
{"id":"640-15-1384","first_name":"Fletch"},
{"id":"596-61-0653","first_name":"Hew"},
{"id":"379-10-2382","first_name":"Con"},
{"id":"444-20-8448","first_name":"Maximilianus"},
{"id":"713-83-3011","first_name":"Trefor"},
{"id":"242-94-9987","first_name":"Roi"},
{"id":"488-30-2357","first_name":"Ricki"},
{"id":"821-83-9839","first_name":"Sandor"},
{"id":"779-94-3274","first_name":"Reinhold"},
{"id":"361-70-3960","first_name":"Aime"},
{"id":"288-84-5314","first_name":"Alexandr"},
{"id":"458-68-2519","first_name":"Molli"},
{"id":"861-13-9499","first_name":"Antonia"},
{"id":"406-73-9489","first_name":"Lise"},
{"id":"389-54-1571","first_name":"Ryun"},
{"id":"778-51-8689","first_name":"Jephthah"},
{"id":"782-55-6509","first_name":"Lucine"},
{"id":"380-57-9449","first_name":"Davie"},
{"id":"363-67-7854","first_name":"Dehlia"},
{"id":"603-33-9202","first_name":"Natalina"},
{"id":"334-16-8905","first_name":"Pennie"},
{"id":"127-43-0682","first_name":"Ted"},
{"id":"426-40-4464","first_name":"Munroe"},
{"id":"572-44-0624","first_name":"Rodi"},
{"id":"680-34-5367","first_name":"Marten"},
{"id":"471-76-6296","first_name":"Morton"},
{"id":"555-55-7080","first_name":"Jeanie"},
{"id":"391-52-3793","first_name":"Kiersten"},
{"id":"853-45-6138","first_name":"Keir"},
{"id":"677-06-9075","first_name":"Estella"},
{"id":"556-80-9837","first_name":"Shannon"},
{"id":"329-28-1408","first_name":"Pier"},
{"id":"861-50-8486","first_name":"Barbabas"},
{"id":"598-56-5352","first_name":"Monroe"},
{"id":"302-43-4168","first_name":"Woodrow"},
{"id":"479-12-9160","first_name":"Scarlett"},
{"id":"120-12-3092","first_name":"Rochella"},
{"id":"272-15-0177","first_name":"Rhoda"},
{"id":"785-31-7391","first_name":"Susanetta"},
{"id":"454-16-8155","first_name":"Ellwood"},
{"id":"210-45-7194","first_name":"Herculie"},
{"id":"825-57-8988","first_name":"Reina"},
{"id":"403-72-3579","first_name":"Mirabel"},
{"id":"217-14-6415","first_name":"Evangelia"},
{"id":"716-93-0961","first_name":"Bill"},
{"id":"416-11-1135","first_name":"Candace"},
{"id":"418-82-1618","first_name":"Townsend"},
{"id":"735-30-6169","first_name":"Elfie"},
{"id":"595-72-0051","first_name":"Brandy"},
{"id":"337-66-8425","first_name":"Cathrine"},
{"id":"716-82-4003","first_name":"Thekla"},
{"id":"869-21-2956","first_name":"Gordon"},
{"id":"437-89-3025","first_name":"Ambrosius"},
{"id":"885-67-3098","first_name":"Purcell"},
{"id":"506-76-9619","first_name":"Erl"},
{"id":"172-18-3356","first_name":"Grissel"},
{"id":"879-33-6483","first_name":"Kira"},
{"id":"647-24-2245","first_name":"Norrie"},
{"id":"127-77-4158","first_name":"Georgette"},
{"id":"134-66-2886","first_name":"Durant"},
{"id":"545-70-2952","first_name":"Johny"},
{"id":"317-07-0986","first_name":"Lindy"},
{"id":"636-89-7891","first_name":"Dinny"},
{"id":"700-42-6944","first_name":"Aldric"},
{"id":"845-86-8464","first_name":"Donna"},
{"id":"417-28-8469","first_name":"Godwin"},
{"id":"815-60-2471","first_name":"Florentia"},
{"id":"699-27-6766","first_name":"Daron"},
{"id":"110-26-8898","first_name":"Augustus"},
{"id":"867-98-4204","first_name":"Berthe"},
{"id":"770-79-7046","first_name":"Karalee"},
{"id":"501-59-6915","first_name":"Adamo"},
{"id":"537-83-7994","first_name":"Kenton"},
{"id":"567-25-9953","first_name":"Fayth"},
{"id":"689-82-8961","first_name":"Gallard"},
{"id":"269-55-8498","first_name":"Robby"},
{"id":"103-74-1428","first_name":"Shir"},
{"id":"344-09-4500","first_name":"Noah"},
{"id":"295-85-7720","first_name":"Haydon"},
{"id":"693-08-0735","first_name":"Kristal"},
{"id":"385-83-2990","first_name":"Anton"},
{"id":"640-14-6472","first_name":"Arly"},
{"id":"210-22-2989","first_name":"Koressa"},
{"id":"458-85-3004","first_name":"Adoree"},
{"id":"484-58-0070","first_name":"Leslie"},
{"id":"784-73-2855","first_name":"Fifine"},
{"id":"236-08-1011","first_name":"Bruis"},
{"id":"757-74-8200","first_name":"Mildred"},
{"id":"811-30-2860","first_name":"Killie"},
{"id":"482-19-8925","first_name":"Ozzy"},
{"id":"274-56-8789","first_name":"Rem"},
{"id":"165-77-9549","first_name":"Caterina"},
{"id":"834-42-9870","first_name":"Lydia"},
{"id":"375-99-7363","first_name":"Eolande"},
{"id":"790-40-7213","first_name":"Oriana"},
{"id":"468-50-8522","first_name":"Samantha"},
{"id":"813-89-4271","first_name":"Benton"},
{"id":"158-93-2349","first_name":"Gabby"},
{"id":"706-15-5969","first_name":"Prentice"},
{"id":"527-25-4490","first_name":"Alika"},
{"id":"884-49-3422","first_name":"Richard"},
{"id":"725-88-7984","first_name":"Guillema"},
{"id":"603-29-7622","first_name":"Marianna"},
{"id":"899-18-6702","first_name":"Rycca"},
{"id":"538-06-5025","first_name":"Lombard"},
{"id":"187-21-3063","first_name":"Jessey"},
{"id":"140-44-3655","first_name":"Marrilee"},
{"id":"308-07-2725","first_name":"Aube"},
{"id":"550-90-1505","first_name":"Alameda"},
{"id":"888-93-7951","first_name":"Jessalyn"},
{"id":"845-80-3816","first_name":"Guthry"},
{"id":"896-77-8561","first_name":"Rogerio"},
{"id":"145-19-9425","first_name":"Kev"},
{"id":"677-90-1784","first_name":"Hardy"},
{"id":"770-88-4292","first_name":"Sky"},
{"id":"879-69-4631","first_name":"Cynthie"},
{"id":"109-76-4523","first_name":"Ashleigh"},
{"id":"688-40-5902","first_name":"Sean"},
{"id":"859-32-9082","first_name":"Dell"},
{"id":"784-68-3061","first_name":"Gae"},
{"id":"673-50-5296","first_name":"Hewett"},
{"id":"436-99-8124","first_name":"Turner"},
{"id":"886-07-8517","first_name":"Lisabeth"},
{"id":"840-61-5860","first_name":"Cass"},
{"id":"846-14-5803","first_name":"Gerhard"},
{"id":"774-43-0625","first_name":"Debee"},
{"id":"678-25-6278","first_name":"Adelbert"},
{"id":"687-43-1063","first_name":"Read"},
{"id":"320-87-5957","first_name":"Pete"},
{"id":"788-89-3884","first_name":"Clevey"},
{"id":"648-78-2163","first_name":"Neely"},
{"id":"379-22-6521","first_name":"Ronny"},
{"id":"241-42-6173","first_name":"Austen"}]