[{"id":"135-70-3758","first_name":"Cindelyn"},
{"id":"444-39-8628","first_name":"Bevin"},
{"id":"232-67-0581","first_name":"Alisander"},
{"id":"291-02-2907","first_name":"Trula"},
{"id":"585-94-9271","first_name":"Trumaine"},
{"id":"441-19-7648","first_name":"Helen-elizabeth"},
{"id":"523-52-2523","first_name":"Estella"},
{"id":"174-80-0002","first_name":"Wenona"},
{"id":"336-33-8016","first_name":"Gregorius"},
{"id":"247-31-9963","first_name":"Evangeline"},
{"id":"271-68-7836","first_name":"Winslow"},
{"id":"152-21-2123","first_name":"Paige"},
{"id":"458-92-0956","first_name":"Lyndy"},
{"id":"214-76-9187","first_name":"Orton"},
{"id":"474-27-9032","first_name":"Gwen"},
{"id":"128-01-2475","first_name":"Brenna"},
{"id":"763-62-3231","first_name":"Perrine"},
{"id":"265-41-5542","first_name":"Ashien"},
{"id":"801-13-4997","first_name":"Erskine"},
{"id":"466-48-5085","first_name":"Maxie"},
{"id":"558-12-2963","first_name":"Chad"},
{"id":"680-17-2339","first_name":"Noami"},
{"id":"847-26-1828","first_name":"Clemmy"},
{"id":"665-99-7182","first_name":"Bellanca"},
{"id":"689-30-7755","first_name":"Susanetta"},
{"id":"179-43-1883","first_name":"Alejoa"},
{"id":"535-46-3671","first_name":"Egon"},
{"id":"194-46-6133","first_name":"Yuri"},
{"id":"418-92-2638","first_name":"Jaclin"},
{"id":"591-97-1831","first_name":"Kristy"},
{"id":"154-22-6424","first_name":"Minda"},
{"id":"713-09-0821","first_name":"Beulah"},
{"id":"508-87-6371","first_name":"Monro"},
{"id":"869-79-6438","first_name":"Vinson"},
{"id":"372-29-0551","first_name":"Rori"},
{"id":"827-24-1411","first_name":"Matelda"},
{"id":"346-42-8380","first_name":"Elaina"},
{"id":"221-18-9256","first_name":"Sofie"},
{"id":"652-95-2965","first_name":"Wiatt"},
{"id":"452-08-8593","first_name":"Adah"},
{"id":"767-26-7067","first_name":"Daniel"},
{"id":"437-85-8059","first_name":"Ofelia"},
{"id":"789-34-2877","first_name":"Fielding"},
{"id":"335-80-6759","first_name":"Horatio"},
{"id":"305-55-0929","first_name":"Tedi"},
{"id":"883-97-2134","first_name":"Teodoro"},
{"id":"555-86-2953","first_name":"Calv"},
{"id":"407-82-0283","first_name":"Kalie"},
{"id":"220-73-3627","first_name":"Yale"},
{"id":"490-14-3964","first_name":"Dru"},
{"id":"513-11-6940","first_name":"Nanete"},
{"id":"207-04-6362","first_name":"Burl"},
{"id":"104-03-0315","first_name":"Sigismondo"},
{"id":"575-51-8742","first_name":"Demetra"},
{"id":"123-25-5971","first_name":"Adria"},
{"id":"269-37-2521","first_name":"Karissa"},
{"id":"562-44-0793","first_name":"Izak"},
{"id":"722-81-2986","first_name":"Lincoln"},
{"id":"842-67-1889","first_name":"Lissy"},
{"id":"440-11-4593","first_name":"Alis"},
{"id":"691-76-1173","first_name":"Billi"},
{"id":"196-48-4843","first_name":"Barry"},
{"id":"319-90-0730","first_name":"Paquito"},
{"id":"549-18-6390","first_name":"Sadella"},
{"id":"128-97-3135","first_name":"Prescott"},
{"id":"438-62-6144","first_name":"Kay"},
{"id":"636-51-5335","first_name":"Aubert"},
{"id":"418-06-8737","first_name":"Kaile"},
{"id":"516-93-8033","first_name":"Adiana"},
{"id":"418-03-0855","first_name":"Sue"},
{"id":"227-16-3736","first_name":"Ricki"},
{"id":"866-31-7298","first_name":"Lilas"},
{"id":"331-97-7474","first_name":"Shellie"},
{"id":"802-39-6142","first_name":"Zebadiah"},
{"id":"287-80-6911","first_name":"Elias"},
{"id":"177-79-3108","first_name":"Thaine"},
{"id":"264-54-8821","first_name":"Tull"},
{"id":"251-94-0094","first_name":"Isabelita"},
{"id":"545-61-5761","first_name":"Ethelind"},
{"id":"763-97-0294","first_name":"Merill"},
{"id":"708-65-9765","first_name":"Delbert"},
{"id":"590-26-4431","first_name":"Sloane"},
{"id":"411-74-4237","first_name":"Lynelle"},
{"id":"211-03-0133","first_name":"Arvin"},
{"id":"232-52-7114","first_name":"Marla"},
{"id":"301-83-1991","first_name":"Justina"},
{"id":"574-40-9107","first_name":"Berny"},
{"id":"868-52-9931","first_name":"Charlie"},
{"id":"365-84-8888","first_name":"Jonathan"},
{"id":"328-33-5147","first_name":"Caryl"},
{"id":"396-74-1963","first_name":"Gilberto"},
{"id":"523-56-8635","first_name":"Leena"},
{"id":"565-97-9610","first_name":"Coraline"},
{"id":"119-33-4924","first_name":"Raquel"},
{"id":"594-81-7127","first_name":"Birch"},
{"id":"291-62-3066","first_name":"Felicity"},
{"id":"317-12-6504","first_name":"Lynda"},
{"id":"730-09-9002","first_name":"Kendal"},
{"id":"166-05-2255","first_name":"Pearl"},
{"id":"167-49-6216","first_name":"Layne"},
{"id":"236-52-9019","first_name":"Leonardo"},
{"id":"366-32-1544","first_name":"Renault"},
{"id":"429-62-1560","first_name":"Andie"},
{"id":"357-14-9890","first_name":"Romeo"},
{"id":"730-59-6057","first_name":"Amara"},
{"id":"360-60-0959","first_name":"Moll"},
{"id":"478-88-5405","first_name":"Randie"},
{"id":"261-66-6255","first_name":"Harley"},
{"id":"809-62-8022","first_name":"Vite"},
{"id":"508-34-9590","first_name":"Blinnie"},
{"id":"618-95-9066","first_name":"Guendolen"},
{"id":"757-90-4302","first_name":"Roselle"},
{"id":"253-57-3755","first_name":"Francois"},
{"id":"525-39-3561","first_name":"Myca"},
{"id":"241-76-8607","first_name":"Taddeo"},
{"id":"842-30-9271","first_name":"Cherrita"},
{"id":"194-07-9400","first_name":"Northrup"},
{"id":"807-52-6492","first_name":"Kyla"},
{"id":"234-06-0945","first_name":"Edy"},
{"id":"764-84-9459","first_name":"Mela"},
{"id":"433-31-1680","first_name":"Katha"},
{"id":"384-11-3286","first_name":"Staffard"},
{"id":"433-20-2606","first_name":"Gwynne"},
{"id":"144-73-2127","first_name":"Janice"},
{"id":"359-22-2119","first_name":"Marita"},
{"id":"866-01-0269","first_name":"Moreen"},
{"id":"252-77-5699","first_name":"Micheal"},
{"id":"451-10-3626","first_name":"Saundra"},
{"id":"161-33-4291","first_name":"Berke"},
{"id":"229-73-3736","first_name":"Fan"},
{"id":"696-91-9096","first_name":"Merrile"},
{"id":"418-26-2374","first_name":"Silvain"},
{"id":"684-78-5803","first_name":"Dulcy"},
{"id":"794-23-9372","first_name":"Yankee"},
{"id":"491-11-3679","first_name":"Birdie"},
{"id":"382-03-6502","first_name":"Ive"},
{"id":"129-76-1717","first_name":"Alice"},
{"id":"472-11-0981","first_name":"Haily"},
{"id":"818-14-6840","first_name":"Wood"},
{"id":"386-09-0671","first_name":"Brena"},
{"id":"821-77-4424","first_name":"Vivianna"},
{"id":"428-68-5225","first_name":"Revkah"},
{"id":"485-50-0838","first_name":"Ashton"},
{"id":"353-60-3976","first_name":"Maribelle"},
{"id":"365-47-2736","first_name":"Janella"},
{"id":"756-75-9378","first_name":"Deane"},
{"id":"148-80-2119","first_name":"Rabi"},
{"id":"410-88-5449","first_name":"Arlinda"},
{"id":"881-67-4282","first_name":"Pete"},
{"id":"402-83-3578","first_name":"Glyn"},
{"id":"309-90-5494","first_name":"Cosmo"},
{"id":"793-61-6954","first_name":"Petronella"},
{"id":"629-70-6765","first_name":"Fanchon"},
{"id":"630-13-9567","first_name":"Carolyn"},
{"id":"740-51-1199","first_name":"Gratiana"},
{"id":"445-56-1421","first_name":"Joell"},
{"id":"232-83-6810","first_name":"Bard"},
{"id":"845-06-5784","first_name":"Ransell"},
{"id":"144-35-6794","first_name":"John"},
{"id":"710-19-4207","first_name":"Tabbi"},
{"id":"188-40-9392","first_name":"Ham"},
{"id":"768-17-0126","first_name":"Oran"},
{"id":"332-20-6257","first_name":"Garrard"},
{"id":"205-51-7030","first_name":"Tobie"},
{"id":"135-36-6703","first_name":"Jose"},
{"id":"623-55-7207","first_name":"Arron"},
{"id":"206-17-4965","first_name":"Montague"},
{"id":"874-87-8147","first_name":"Gerrilee"},
{"id":"862-27-1999","first_name":"Willamina"},
{"id":"712-91-2367","first_name":"Stewart"},
{"id":"591-51-3601","first_name":"Libbie"},
{"id":"890-19-3324","first_name":"Gwendolen"},
{"id":"543-12-5516","first_name":"Alexandrina"},
{"id":"130-55-7483","first_name":"Alley"},
{"id":"528-28-4996","first_name":"Sollie"},
{"id":"266-06-3958","first_name":"Vachel"},
{"id":"327-39-5638","first_name":"Gaby"},
{"id":"140-19-3497","first_name":"Hansiain"},
{"id":"532-26-6533","first_name":"Brittney"},
{"id":"442-38-0860","first_name":"Denney"},
{"id":"686-35-6322","first_name":"Irwin"},
{"id":"537-30-8307","first_name":"Waylin"},
{"id":"668-59-3687","first_name":"Audrye"},
{"id":"484-28-9569","first_name":"Hobey"},
{"id":"510-70-8980","first_name":"Mildred"},
{"id":"507-71-3516","first_name":"Gertrude"},
{"id":"549-64-8423","first_name":"Stacy"},
{"id":"865-67-5162","first_name":"Ely"},
{"id":"850-98-5498","first_name":"Kylie"},
{"id":"140-50-5690","first_name":"Georgiana"},
{"id":"101-88-3655","first_name":"Benedick"},
{"id":"116-96-5036","first_name":"Lemmie"},
{"id":"747-86-7113","first_name":"Loree"},
{"id":"620-68-3509","first_name":"Karina"},
{"id":"434-37-4441","first_name":"Ashia"},
{"id":"288-44-4238","first_name":"Nadia"},
{"id":"343-72-5202","first_name":"Lyon"},
{"id":"221-36-9940","first_name":"Elysee"},
{"id":"571-24-7390","first_name":"Gabriele"},
{"id":"107-18-0853","first_name":"Maurita"},
{"id":"633-49-4035","first_name":"Fayette"},
{"id":"459-49-2820","first_name":"Vale"},
{"id":"542-81-4293","first_name":"Thornie"},
{"id":"643-84-9361","first_name":"Datha"},
{"id":"456-52-7335","first_name":"Kirby"},
{"id":"147-63-3535","first_name":"Verla"},
{"id":"355-78-4310","first_name":"Marve"},
{"id":"893-82-7440","first_name":"Breena"},
{"id":"418-95-1127","first_name":"Amandi"},
{"id":"292-29-6500","first_name":"Cherida"},
{"id":"245-49-9652","first_name":"Alfi"},
{"id":"389-43-3746","first_name":"Thornie"},
{"id":"147-96-8232","first_name":"Thornie"},
{"id":"649-23-6747","first_name":"Laurel"},
{"id":"723-23-0318","first_name":"Johnette"},
{"id":"897-85-7693","first_name":"Parker"},
{"id":"578-57-4116","first_name":"Lynn"},
{"id":"465-90-6509","first_name":"Averil"},
{"id":"573-77-8642","first_name":"Patin"},
{"id":"790-94-6488","first_name":"Viola"},
{"id":"322-14-6108","first_name":"Kakalina"},
{"id":"121-98-0992","first_name":"Dolley"},
{"id":"393-30-5687","first_name":"Guenevere"},
{"id":"247-77-9140","first_name":"Dexter"},
{"id":"624-39-3843","first_name":"Grantham"},
{"id":"862-21-2701","first_name":"Eleanore"},
{"id":"741-07-5468","first_name":"Rodolph"},
{"id":"639-12-6695","first_name":"Corabelle"},
{"id":"365-60-3277","first_name":"Nevin"},
{"id":"877-04-9209","first_name":"Pauli"},
{"id":"750-29-3586","first_name":"Huntley"},
{"id":"695-35-4477","first_name":"Esdras"},
{"id":"235-65-6022","first_name":"Culley"},
{"id":"755-91-2315","first_name":"Pattin"},
{"id":"379-07-0637","first_name":"Ingaberg"},
{"id":"290-05-2549","first_name":"Ruthanne"},
{"id":"356-49-9377","first_name":"Ford"},
{"id":"209-23-5656","first_name":"Daune"},
{"id":"839-32-0428","first_name":"Tomasine"},
{"id":"181-95-7992","first_name":"Heywood"},
{"id":"166-18-8845","first_name":"Dasi"},
{"id":"564-93-3885","first_name":"Melita"},
{"id":"811-24-4582","first_name":"Ado"},
{"id":"377-22-1736","first_name":"Meggi"},
{"id":"852-03-3314","first_name":"Mirabel"},
{"id":"297-78-0820","first_name":"Terry"},
{"id":"122-40-9080","first_name":"Iormina"},
{"id":"386-34-7455","first_name":"Denney"},
{"id":"323-98-7607","first_name":"Christie"},
{"id":"443-86-3097","first_name":"Corabella"},
{"id":"455-29-7892","first_name":"Corabel"},
{"id":"172-62-5103","first_name":"Binny"},
{"id":"180-85-4549","first_name":"Lowrance"},
{"id":"490-62-2089","first_name":"Krista"},
{"id":"685-81-0652","first_name":"Nadine"},
{"id":"244-44-5601","first_name":"Easter"},
{"id":"822-10-5444","first_name":"Cosme"},
{"id":"376-49-3445","first_name":"Maurizio"},
{"id":"324-67-1332","first_name":"Jacquette"},
{"id":"641-30-7119","first_name":"Koressa"},
{"id":"339-22-2399","first_name":"Jackie"},
{"id":"195-15-5255","first_name":"Poppy"},
{"id":"448-71-2552","first_name":"Ettore"},
{"id":"160-89-4373","first_name":"Oralie"},
{"id":"275-65-9519","first_name":"Phillip"},
{"id":"564-18-3723","first_name":"Prescott"},
{"id":"241-49-1687","first_name":"Dari"},
{"id":"371-86-6922","first_name":"Annie"},
{"id":"240-21-3078","first_name":"Melisandra"},
{"id":"345-57-1317","first_name":"Ced"},
{"id":"735-70-6152","first_name":"Krista"},
{"id":"505-58-2318","first_name":"Nerti"},
{"id":"626-30-0557","first_name":"Keri"},
{"id":"779-33-7969","first_name":"Cairistiona"},
{"id":"883-84-4935","first_name":"Arthur"},
{"id":"131-06-6734","first_name":"Fidelity"},
{"id":"706-42-1968","first_name":"Paddy"},
{"id":"665-83-7228","first_name":"Desiree"},
{"id":"501-99-2417","first_name":"Charla"},
{"id":"642-81-4630","first_name":"Sela"},
{"id":"703-58-2809","first_name":"Herve"},
{"id":"127-24-0293","first_name":"Feodora"},
{"id":"238-84-7736","first_name":"Bevon"},
{"id":"400-63-4100","first_name":"Gillian"},
{"id":"439-39-6954","first_name":"Patrice"},
{"id":"260-62-0791","first_name":"Allison"},
{"id":"399-97-0309","first_name":"Lucie"},
{"id":"454-10-3189","first_name":"Louella"},
{"id":"250-01-2166","first_name":"Bent"},
{"id":"415-76-5838","first_name":"Manfred"},
{"id":"139-49-8964","first_name":"Murdoch"},
{"id":"381-58-7299","first_name":"Laird"},
{"id":"761-63-5857","first_name":"Pearle"},
{"id":"893-66-2887","first_name":"Myrtia"},
{"id":"469-99-0584","first_name":"Noak"},
{"id":"168-32-1867","first_name":"Janifer"},
{"id":"870-69-9712","first_name":"Emmalynn"},
{"id":"348-79-1254","first_name":"Pauli"},
{"id":"602-54-2236","first_name":"Carlye"},
{"id":"604-70-3407","first_name":"Donaugh"},
{"id":"286-14-2324","first_name":"Jobie"},
{"id":"380-37-5220","first_name":"Kiley"},
{"id":"503-88-8331","first_name":"Tiffie"},
{"id":"508-71-6916","first_name":"Vere"},
{"id":"495-10-8450","first_name":"Claudian"},
{"id":"484-30-5650","first_name":"Henrieta"},
{"id":"580-09-2457","first_name":"Katerina"},
{"id":"831-68-5194","first_name":"Aluino"},
{"id":"412-83-1572","first_name":"Ted"},
{"id":"858-22-5116","first_name":"Hamnet"},
{"id":"577-21-2177","first_name":"Flor"},
{"id":"712-90-7969","first_name":"Marsh"},
{"id":"164-81-9528","first_name":"Syman"},
{"id":"377-12-2592","first_name":"Lillian"},
{"id":"895-07-9951","first_name":"Yolane"},
{"id":"418-90-3436","first_name":"Melva"},
{"id":"142-55-2727","first_name":"Livvyy"},
{"id":"221-48-5546","first_name":"Harriot"},
{"id":"671-14-9488","first_name":"Ira"},
{"id":"616-06-7430","first_name":"Yurik"},
{"id":"162-57-5881","first_name":"Kip"},
{"id":"875-38-6381","first_name":"Meaghan"},
{"id":"852-64-9403","first_name":"Cherrita"},
{"id":"895-31-7605","first_name":"Joan"},
{"id":"204-39-4736","first_name":"Gunter"},
{"id":"713-27-8648","first_name":"Charline"},
{"id":"580-83-7545","first_name":"Zechariah"},
{"id":"517-54-0972","first_name":"Maryl"},
{"id":"778-65-2183","first_name":"Jennifer"},
{"id":"832-44-3883","first_name":"Myranda"},
{"id":"146-57-3438","first_name":"Dudley"},
{"id":"124-35-2241","first_name":"Crista"},
{"id":"836-76-9417","first_name":"Hatty"},
{"id":"293-70-7113","first_name":"Holli"},
{"id":"184-40-8078","first_name":"Alfy"},
{"id":"130-49-5175","first_name":"Evangelin"},
{"id":"540-57-3631","first_name":"Amby"},
{"id":"501-54-4372","first_name":"Patty"},
{"id":"447-07-1341","first_name":"Drugi"},
{"id":"111-12-4861","first_name":"Miguel"},
{"id":"237-57-5688","first_name":"Vivianna"},
{"id":"336-55-0718","first_name":"Gilberte"},
{"id":"544-23-4576","first_name":"Olive"},
{"id":"402-29-1521","first_name":"Onofredo"},
{"id":"303-18-4715","first_name":"Gretna"},
{"id":"241-26-2975","first_name":"Adara"},
{"id":"315-95-3620","first_name":"Waly"},
{"id":"816-99-3082","first_name":"Giraud"},
{"id":"195-54-5396","first_name":"Randene"},
{"id":"566-43-5143","first_name":"Gherardo"},
{"id":"416-24-1958","first_name":"Remington"},
{"id":"436-54-2886","first_name":"Danice"},
{"id":"282-84-6681","first_name":"Aurel"},
{"id":"214-29-4706","first_name":"Jodi"},
{"id":"314-08-2601","first_name":"Iris"},
{"id":"652-46-1926","first_name":"Coreen"},
{"id":"455-05-9199","first_name":"Celestyna"},
{"id":"120-41-5319","first_name":"Byram"},
{"id":"705-61-5268","first_name":"Auberon"},
{"id":"591-11-8774","first_name":"Olivia"},
{"id":"313-73-0690","first_name":"Heda"},
{"id":"195-24-8334","first_name":"Polly"},
{"id":"116-07-9853","first_name":"Tobias"},
{"id":"212-34-6471","first_name":"Grannie"},
{"id":"346-06-8734","first_name":"Casi"},
{"id":"400-65-3822","first_name":"Dian"},
{"id":"495-32-2793","first_name":"Cally"},
{"id":"865-16-3139","first_name":"Maddy"},
{"id":"772-48-5417","first_name":"Simon"},
{"id":"520-09-3217","first_name":"Sadye"},
{"id":"747-11-2245","first_name":"Benjamen"},
{"id":"695-83-6068","first_name":"Cairistiona"},
{"id":"164-57-1084","first_name":"Ambrosius"},
{"id":"371-64-5209","first_name":"Kevin"},
{"id":"489-29-2743","first_name":"Ilse"},
{"id":"376-06-6382","first_name":"Lea"},
{"id":"313-25-0740","first_name":"Lauretta"},
{"id":"720-78-1826","first_name":"Estevan"},
{"id":"592-82-7726","first_name":"Alexis"},
{"id":"283-78-1268","first_name":"Baily"},
{"id":"246-93-9987","first_name":"Farica"},
{"id":"860-10-7753","first_name":"Cordula"},
{"id":"213-47-7885","first_name":"Matty"},
{"id":"619-60-4216","first_name":"Gearard"},
{"id":"447-85-8593","first_name":"Jeanine"},
{"id":"768-52-0787","first_name":"Kenyon"},
{"id":"749-26-3671","first_name":"Ermentrude"},
{"id":"233-05-8998","first_name":"Wilone"},
{"id":"350-43-2452","first_name":"Aldwin"},
{"id":"854-57-0492","first_name":"Bidget"},
{"id":"177-73-4720","first_name":"Bernadine"},
{"id":"560-25-9141","first_name":"Shea"},
{"id":"134-10-8970","first_name":"Xymenes"},
{"id":"795-97-4349","first_name":"Grant"},
{"id":"517-41-1150","first_name":"Karalee"},
{"id":"803-52-7060","first_name":"Roxane"},
{"id":"710-68-2961","first_name":"Kim"},
{"id":"419-71-8348","first_name":"Bernardine"},
{"id":"507-49-8060","first_name":"Adela"},
{"id":"768-45-0211","first_name":"Neddy"},
{"id":"188-58-2030","first_name":"Jesus"},
{"id":"384-13-8923","first_name":"Christye"},
{"id":"452-88-7684","first_name":"Virgilio"},
{"id":"412-81-3281","first_name":"Deanna"},
{"id":"722-95-2164","first_name":"Zelma"},
{"id":"704-50-3442","first_name":"Glenden"},
{"id":"796-51-0092","first_name":"Hewett"},
{"id":"762-40-1481","first_name":"Gracie"},
{"id":"520-70-1832","first_name":"Graehme"},
{"id":"702-87-4324","first_name":"Sydel"},
{"id":"860-55-4509","first_name":"Laurette"},
{"id":"380-58-8278","first_name":"Stacey"},
{"id":"828-12-9344","first_name":"Marlon"},
{"id":"326-64-9948","first_name":"Elwyn"},
{"id":"402-98-2525","first_name":"Alix"},
{"id":"140-18-8134","first_name":"Dione"},
{"id":"202-31-6382","first_name":"Inness"},
{"id":"843-20-9488","first_name":"See"},
{"id":"302-93-0460","first_name":"Blair"},
{"id":"300-84-5271","first_name":"Malia"},
{"id":"239-81-9812","first_name":"Peyton"},
{"id":"832-56-8611","first_name":"Ferdinande"},
{"id":"740-59-8482","first_name":"Mahalia"},
{"id":"251-09-9484","first_name":"Hanan"},
{"id":"165-75-3046","first_name":"Abba"},
{"id":"885-49-2653","first_name":"Erich"},
{"id":"458-17-3333","first_name":"Rourke"},
{"id":"885-62-2025","first_name":"Curry"},
{"id":"359-98-2007","first_name":"Holly"},
{"id":"825-87-3784","first_name":"Gilberto"},
{"id":"299-51-1235","first_name":"Emmanuel"},
{"id":"672-40-3798","first_name":"Pearce"},
{"id":"482-57-8299","first_name":"Brandice"},
{"id":"434-42-4611","first_name":"Gillan"},
{"id":"854-66-1889","first_name":"Marlon"},
{"id":"457-57-0354","first_name":"Prissie"},
{"id":"528-50-5918","first_name":"Margret"},
{"id":"460-50-8229","first_name":"Fenelia"},
{"id":"848-16-7306","first_name":"Cymbre"},
{"id":"735-31-9292","first_name":"Lacey"},
{"id":"766-62-2221","first_name":"Yovonnda"},
{"id":"893-70-8356","first_name":"Gaby"},
{"id":"120-36-0190","first_name":"Lian"},
{"id":"143-25-6506","first_name":"Lawton"},
{"id":"354-46-9970","first_name":"Florance"},
{"id":"524-77-1845","first_name":"Lou"},
{"id":"737-61-3774","first_name":"Chrissie"},
{"id":"345-33-6083","first_name":"Filmer"},
{"id":"126-40-5665","first_name":"Dorisa"},
{"id":"132-73-7665","first_name":"Lotti"},
{"id":"688-90-8868","first_name":"Van"},
{"id":"873-81-5619","first_name":"Lazare"},
{"id":"795-43-4850","first_name":"Jordain"},
{"id":"747-22-0937","first_name":"Wandie"},
{"id":"654-32-3032","first_name":"Lilyan"},
{"id":"739-38-3830","first_name":"Pollyanna"},
{"id":"369-69-1250","first_name":"Cordell"},
{"id":"487-20-8951","first_name":"Dela"},
{"id":"425-49-3491","first_name":"Salome"},
{"id":"450-83-4148","first_name":"Yulma"},
{"id":"590-72-9745","first_name":"Cointon"},
{"id":"696-13-4932","first_name":"Jermain"},
{"id":"639-31-2660","first_name":"Blondell"},
{"id":"642-38-1704","first_name":"Harmonia"},
{"id":"403-89-2738","first_name":"Fara"},
{"id":"659-20-7673","first_name":"Anjela"},
{"id":"811-38-1671","first_name":"Riva"},
{"id":"729-53-6207","first_name":"Guillema"},
{"id":"602-75-0175","first_name":"Deerdre"},
{"id":"183-74-1871","first_name":"Kennedy"},
{"id":"653-07-9216","first_name":"Hasty"},
{"id":"257-38-2762","first_name":"Sherwood"},
{"id":"105-47-5563","first_name":"Ambrose"},
{"id":"664-92-7397","first_name":"Jackquelin"},
{"id":"267-96-6166","first_name":"Elisabetta"},
{"id":"661-68-0260","first_name":"Jodi"},
{"id":"439-14-6213","first_name":"Isidora"},
{"id":"780-53-3083","first_name":"Barbara-anne"},
{"id":"297-51-6006","first_name":"Melva"},
{"id":"436-87-8366","first_name":"Selby"},
{"id":"443-66-0612","first_name":"Kelli"},
{"id":"575-21-7876","first_name":"Emmalee"},
{"id":"703-48-6240","first_name":"Robyn"},
{"id":"522-72-0533","first_name":"Rochester"},
{"id":"871-18-9627","first_name":"Audrye"},
{"id":"881-13-4901","first_name":"Georg"},
{"id":"360-56-6223","first_name":"Willette"},
{"id":"282-21-7151","first_name":"Teador"},
{"id":"291-17-1752","first_name":"Elysha"},
{"id":"337-61-8257","first_name":"Natale"},
{"id":"675-64-2958","first_name":"Marshal"},
{"id":"772-43-0732","first_name":"Oran"},
{"id":"555-96-7484","first_name":"Cortney"},
{"id":"728-91-5729","first_name":"Jerrome"},
{"id":"439-23-0200","first_name":"Allyce"},
{"id":"728-80-2589","first_name":"Zeke"},
{"id":"872-85-1708","first_name":"Skipton"},
{"id":"896-76-1956","first_name":"Prudi"},
{"id":"725-02-2682","first_name":"Sidnee"},
{"id":"132-05-1860","first_name":"Nester"},
{"id":"659-59-4345","first_name":"Loralee"},
{"id":"469-64-3675","first_name":"Crystie"},
{"id":"518-84-3660","first_name":"Marillin"},
{"id":"698-78-8115","first_name":"Odelle"},
{"id":"234-64-3902","first_name":"Ludovico"},
{"id":"285-77-6944","first_name":"Carrol"},
{"id":"553-24-4951","first_name":"Marjy"},
{"id":"281-65-0831","first_name":"Drew"},
{"id":"476-54-0058","first_name":"Kizzee"},
{"id":"778-46-1110","first_name":"Jaimie"},
{"id":"437-19-4875","first_name":"Delly"},
{"id":"612-12-8447","first_name":"Jesse"},
{"id":"733-91-0249","first_name":"Vinnie"},
{"id":"272-36-2535","first_name":"Blair"},
{"id":"271-29-9929","first_name":"Morgen"},
{"id":"103-44-8121","first_name":"Priscella"},
{"id":"815-13-3708","first_name":"Nathaniel"},
{"id":"774-63-2044","first_name":"Grace"},
{"id":"670-24-0318","first_name":"Antonella"},
{"id":"365-58-3342","first_name":"Had"},
{"id":"600-99-9019","first_name":"Martica"},
{"id":"284-92-4908","first_name":"Nolan"},
{"id":"672-76-5656","first_name":"Baxie"},
{"id":"862-73-0653","first_name":"Jamey"},
{"id":"230-19-3775","first_name":"Sada"},
{"id":"181-14-8090","first_name":"Raynell"},
{"id":"307-57-6651","first_name":"Merna"},
{"id":"603-71-8407","first_name":"Leticia"},
{"id":"892-11-4157","first_name":"Georgina"},
{"id":"230-57-6508","first_name":"Madelon"},
{"id":"644-91-9731","first_name":"Dallas"},
{"id":"823-54-9709","first_name":"Bonni"},
{"id":"661-88-4172","first_name":"Martynne"},
{"id":"262-31-9277","first_name":"Jackson"},
{"id":"208-37-7978","first_name":"Pepito"},
{"id":"897-31-6657","first_name":"Nellie"},
{"id":"853-49-5181","first_name":"Guillema"},
{"id":"214-87-9264","first_name":"Livvy"},
{"id":"660-72-8261","first_name":"Buffy"},
{"id":"665-84-2571","first_name":"Roma"},
{"id":"829-51-9439","first_name":"Carroll"},
{"id":"380-02-1609","first_name":"Lorant"},
{"id":"705-79-1942","first_name":"Arielle"},
{"id":"379-52-1812","first_name":"Liana"},
{"id":"570-06-2406","first_name":"Maryrose"},
{"id":"353-66-3541","first_name":"Taddeusz"},
{"id":"130-99-0188","first_name":"Alistair"},
{"id":"518-96-7158","first_name":"Enrico"},
{"id":"709-41-7298","first_name":"Noelyn"},
{"id":"740-13-4227","first_name":"Dusty"},
{"id":"872-17-9343","first_name":"Mignonne"},
{"id":"564-05-8039","first_name":"Ernie"},
{"id":"185-20-0370","first_name":"Mair"},
{"id":"476-95-4117","first_name":"Dorisa"},
{"id":"291-59-0475","first_name":"Liz"},
{"id":"564-87-1153","first_name":"Ric"},
{"id":"474-95-2024","first_name":"Carlynn"},
{"id":"576-07-6573","first_name":"Hazel"},
{"id":"277-04-3377","first_name":"Hyatt"},
{"id":"480-90-5795","first_name":"Leopold"},
{"id":"307-51-4907","first_name":"Garret"},
{"id":"117-19-4511","first_name":"Florence"},
{"id":"899-83-8998","first_name":"Jere"},
{"id":"248-41-0528","first_name":"Lannie"},
{"id":"834-34-1222","first_name":"Willie"},
{"id":"771-89-7632","first_name":"Verina"},
{"id":"350-07-6907","first_name":"Vassili"},
{"id":"336-89-7685","first_name":"Maryellen"},
{"id":"408-25-7021","first_name":"Terrence"},
{"id":"592-79-6657","first_name":"Carree"},
{"id":"607-57-9886","first_name":"Merrie"},
{"id":"545-44-9457","first_name":"Wynne"},
{"id":"649-77-8503","first_name":"Jo-anne"},
{"id":"730-07-0388","first_name":"Lynna"},
{"id":"755-73-1432","first_name":"Dulcine"},
{"id":"406-91-1731","first_name":"Nanette"},
{"id":"475-89-8460","first_name":"Katerina"},
{"id":"441-62-8139","first_name":"My"},
{"id":"797-70-9002","first_name":"Adolf"},
{"id":"772-18-9407","first_name":"Humfried"},
{"id":"418-34-7813","first_name":"Alard"},
{"id":"807-92-0012","first_name":"Caresa"},
{"id":"736-38-4239","first_name":"Aloisia"},
{"id":"793-22-0681","first_name":"Meris"},
{"id":"468-85-9250","first_name":"Norean"},
{"id":"563-41-5638","first_name":"Lizette"},
{"id":"684-54-8137","first_name":"Ber"},
{"id":"248-69-6062","first_name":"Marion"},
{"id":"612-93-6411","first_name":"Bone"},
{"id":"784-76-3823","first_name":"Carlyle"},
{"id":"885-15-7851","first_name":"Edan"},
{"id":"420-22-4533","first_name":"Jannelle"},
{"id":"535-80-1486","first_name":"Keefer"},
{"id":"292-61-9484","first_name":"Arleta"},
{"id":"674-91-3472","first_name":"Hailee"},
{"id":"280-11-9890","first_name":"Andres"},
{"id":"378-84-7433","first_name":"Dale"},
{"id":"846-35-2991","first_name":"Ryann"},
{"id":"558-21-8125","first_name":"Mignonne"},
{"id":"540-77-4778","first_name":"Sharai"},
{"id":"646-75-5668","first_name":"Jordan"},
{"id":"588-46-8352","first_name":"Vitia"},
{"id":"171-99-8462","first_name":"Kyle"},
{"id":"177-43-2567","first_name":"Godfry"},
{"id":"414-02-6017","first_name":"Thorin"},
{"id":"198-40-0843","first_name":"Noella"},
{"id":"371-19-1898","first_name":"Rollie"},
{"id":"896-03-9559","first_name":"Gratiana"},
{"id":"751-89-2139","first_name":"Donetta"},
{"id":"523-51-2355","first_name":"Elvin"},
{"id":"521-82-5778","first_name":"Charmain"},
{"id":"371-01-6480","first_name":"Jessamine"},
{"id":"559-92-6659","first_name":"Avivah"},
{"id":"203-68-5713","first_name":"Dyanne"},
{"id":"256-05-9641","first_name":"Margery"},
{"id":"609-11-3773","first_name":"Gamaliel"},
{"id":"287-58-9087","first_name":"Conroy"},
{"id":"749-42-0790","first_name":"Marve"},
{"id":"127-80-6258","first_name":"Noelani"},
{"id":"147-75-7913","first_name":"Shannah"},
{"id":"833-42-8087","first_name":"Chico"},
{"id":"426-73-1108","first_name":"Bevin"},
{"id":"371-79-1357","first_name":"Blaire"},
{"id":"699-85-9245","first_name":"Janie"},
{"id":"656-16-3721","first_name":"Harmonie"},
{"id":"394-58-4866","first_name":"Ashia"},
{"id":"354-86-1227","first_name":"Ulrick"},
{"id":"826-59-2823","first_name":"Nan"},
{"id":"616-02-3779","first_name":"Maribeth"},
{"id":"366-92-0266","first_name":"Hilary"},
{"id":"315-64-4288","first_name":"Breanne"},
{"id":"354-85-2264","first_name":"Marjie"},
{"id":"128-27-9860","first_name":"Gus"},
{"id":"384-21-2159","first_name":"Leann"},
{"id":"106-74-4377","first_name":"Pia"},
{"id":"164-04-2614","first_name":"Minda"},
{"id":"576-95-8658","first_name":"Ogden"},
{"id":"793-49-1858","first_name":"Consolata"},
{"id":"262-02-1885","first_name":"Gaylor"},
{"id":"191-03-2616","first_name":"Charo"},
{"id":"450-39-1741","first_name":"Ines"},
{"id":"380-30-4154","first_name":"Umeko"},
{"id":"474-51-5191","first_name":"Harald"},
{"id":"494-61-3084","first_name":"Lucita"},
{"id":"143-10-9893","first_name":"Melicent"},
{"id":"455-42-7956","first_name":"Andee"},
{"id":"486-27-3651","first_name":"Robbyn"},
{"id":"252-31-6713","first_name":"Vanny"},
{"id":"528-13-8588","first_name":"Teirtza"},
{"id":"658-36-8703","first_name":"Chantal"},
{"id":"165-55-6935","first_name":"Davie"},
{"id":"337-79-0451","first_name":"Walton"},
{"id":"194-63-8031","first_name":"Emlynn"},
{"id":"440-45-6237","first_name":"Jon"},
{"id":"358-86-3655","first_name":"Tulley"},
{"id":"432-68-0049","first_name":"Haywood"},
{"id":"633-31-1029","first_name":"Reilly"},
{"id":"185-07-0838","first_name":"Guenna"},
{"id":"193-39-5113","first_name":"Keenan"},
{"id":"115-76-7672","first_name":"Geno"},
{"id":"898-66-2022","first_name":"Gena"},
{"id":"103-02-5327","first_name":"Haley"},
{"id":"647-66-4346","first_name":"Mel"},
{"id":"713-89-3729","first_name":"Duky"},
{"id":"215-47-2343","first_name":"Norry"},
{"id":"409-14-0440","first_name":"Marlo"},
{"id":"135-74-2938","first_name":"Quintus"},
{"id":"888-14-7719","first_name":"Walden"},
{"id":"661-83-2661","first_name":"Yves"},
{"id":"319-42-0794","first_name":"Blondy"},
{"id":"147-15-0783","first_name":"Carlie"},
{"id":"217-18-3518","first_name":"Lorry"},
{"id":"221-36-4052","first_name":"Freemon"},
{"id":"717-54-1873","first_name":"Nonie"},
{"id":"367-68-4310","first_name":"Merry"},
{"id":"203-03-1871","first_name":"Rianon"},
{"id":"361-28-9784","first_name":"Joaquin"},
{"id":"603-28-9015","first_name":"Tull"},
{"id":"561-18-5507","first_name":"Sibylla"},
{"id":"748-18-1220","first_name":"Howie"},
{"id":"331-46-9768","first_name":"Kordula"},
{"id":"587-86-0174","first_name":"Humphrey"},
{"id":"826-48-8258","first_name":"Maurice"},
{"id":"763-09-1859","first_name":"Joelie"},
{"id":"542-27-2691","first_name":"Kinny"},
{"id":"508-06-9132","first_name":"Graig"},
{"id":"280-81-6432","first_name":"Monique"},
{"id":"841-47-0796","first_name":"Suzy"},
{"id":"504-92-5313","first_name":"Lothaire"},
{"id":"594-89-1677","first_name":"Seamus"},
{"id":"625-38-2394","first_name":"Curtis"},
{"id":"167-96-1648","first_name":"Johannah"},
{"id":"703-88-0888","first_name":"Clarette"},
{"id":"288-75-5722","first_name":"Allissa"},
{"id":"511-69-5953","first_name":"Lorne"},
{"id":"119-80-8487","first_name":"Maddie"},
{"id":"860-47-2784","first_name":"Corrie"},
{"id":"570-69-3593","first_name":"Angelita"},
{"id":"673-87-9773","first_name":"Orelee"},
{"id":"887-85-4619","first_name":"Norbie"},
{"id":"686-64-2032","first_name":"Filbert"},
{"id":"660-17-9099","first_name":"Donn"},
{"id":"173-14-7488","first_name":"Joete"},
{"id":"620-97-2888","first_name":"Bentley"},
{"id":"851-83-9095","first_name":"Trey"},
{"id":"141-66-9556","first_name":"Alonso"},
{"id":"621-99-3537","first_name":"Britt"},
{"id":"857-37-0325","first_name":"Alford"},
{"id":"201-96-8282","first_name":"Giralda"},
{"id":"202-53-0964","first_name":"Shermie"},
{"id":"566-32-8244","first_name":"Eleen"},
{"id":"642-43-9503","first_name":"Kilian"},
{"id":"582-01-3683","first_name":"Forrest"},
{"id":"234-19-8069","first_name":"Christina"},
{"id":"621-71-2329","first_name":"Bail"},
{"id":"702-77-7716","first_name":"Upton"},
{"id":"346-18-3931","first_name":"Lloyd"},
{"id":"451-74-8760","first_name":"Jillian"},
{"id":"101-08-8088","first_name":"Cristobal"},
{"id":"459-72-5537","first_name":"Marigold"},
{"id":"147-71-9003","first_name":"Gerri"},
{"id":"739-47-9455","first_name":"Alyda"},
{"id":"536-23-6559","first_name":"Jessika"},
{"id":"315-66-6682","first_name":"Jon"},
{"id":"858-34-2497","first_name":"Cookie"},
{"id":"712-27-0489","first_name":"Weber"},
{"id":"502-02-4304","first_name":"Layton"},
{"id":"131-88-1653","first_name":"Valle"},
{"id":"651-10-5907","first_name":"Kerry"},
{"id":"616-76-4914","first_name":"Benedict"},
{"id":"821-17-6946","first_name":"Redford"},
{"id":"741-56-8868","first_name":"Gabrila"},
{"id":"675-65-9154","first_name":"Richardo"},
{"id":"276-80-1728","first_name":"Ange"},
{"id":"232-30-0986","first_name":"June"},
{"id":"125-81-1823","first_name":"Ugo"},
{"id":"138-63-1371","first_name":"Carmencita"},
{"id":"193-39-0806","first_name":"Eloisa"},
{"id":"192-53-3594","first_name":"Koo"},
{"id":"703-52-3868","first_name":"Korey"},
{"id":"492-62-7142","first_name":"Helenelizabeth"},
{"id":"283-34-8957","first_name":"Iain"},
{"id":"604-47-3564","first_name":"Omero"},
{"id":"431-35-6303","first_name":"Marieann"},
{"id":"725-01-4657","first_name":"Johann"},
{"id":"598-06-0043","first_name":"Corabella"},
{"id":"699-79-5887","first_name":"Lily"},
{"id":"221-14-9664","first_name":"Jarib"},
{"id":"291-26-7747","first_name":"Damien"},
{"id":"403-99-6707","first_name":"Colin"},
{"id":"459-58-6372","first_name":"Latrena"},
{"id":"852-85-8448","first_name":"Esmaria"},
{"id":"229-06-7859","first_name":"Abby"},
{"id":"268-74-2565","first_name":"Catlaina"},
{"id":"270-56-0265","first_name":"Malinde"},
{"id":"591-97-2902","first_name":"Cobby"},
{"id":"218-41-4770","first_name":"Ellerey"},
{"id":"259-31-3915","first_name":"Shelagh"},
{"id":"158-96-0536","first_name":"Amalea"},
{"id":"119-64-5757","first_name":"Mirelle"},
{"id":"263-18-6298","first_name":"Beaufort"},
{"id":"770-91-8456","first_name":"Federico"},
{"id":"680-74-4568","first_name":"Katuscha"},
{"id":"268-65-2402","first_name":"Philip"},
{"id":"300-67-2482","first_name":"Keen"},
{"id":"684-80-2792","first_name":"Jaimie"},
{"id":"558-35-7018","first_name":"Yardley"},
{"id":"228-36-7286","first_name":"Ainsley"},
{"id":"873-96-0630","first_name":"Bartie"},
{"id":"821-25-9513","first_name":"Doralynn"},
{"id":"239-52-8668","first_name":"Laureen"},
{"id":"434-49-7674","first_name":"Claudette"},
{"id":"295-48-7115","first_name":"Margareta"},
{"id":"225-53-9940","first_name":"Parke"},
{"id":"508-51-6870","first_name":"Waylin"},
{"id":"394-08-0674","first_name":"Gracie"},
{"id":"789-28-0791","first_name":"Burty"},
{"id":"108-60-1854","first_name":"Sam"},
{"id":"764-80-8191","first_name":"Tansy"},
{"id":"368-26-0503","first_name":"Hunter"},
{"id":"618-34-1714","first_name":"Erhart"},
{"id":"866-38-5162","first_name":"Bonni"},
{"id":"100-99-6757","first_name":"Olivie"},
{"id":"665-90-9252","first_name":"Felike"},
{"id":"569-62-1162","first_name":"Roderich"},
{"id":"397-23-1692","first_name":"Carroll"},
{"id":"470-56-9960","first_name":"Udall"},
{"id":"462-35-6402","first_name":"Bob"},
{"id":"295-71-1163","first_name":"Kirby"},
{"id":"245-35-9231","first_name":"Aharon"},
{"id":"640-74-3211","first_name":"Henrie"},
{"id":"127-37-9343","first_name":"Alayne"},
{"id":"700-10-0165","first_name":"Lottie"},
{"id":"732-50-4330","first_name":"Rena"},
{"id":"753-70-6406","first_name":"Tatiana"},
{"id":"201-27-2333","first_name":"Charmaine"},
{"id":"792-09-6313","first_name":"Sibelle"},
{"id":"114-13-9071","first_name":"Anetta"},
{"id":"428-59-0219","first_name":"Ynes"},
{"id":"645-62-1673","first_name":"Danica"},
{"id":"412-83-4834","first_name":"Floris"},
{"id":"512-08-2338","first_name":"Tabby"},
{"id":"748-59-8052","first_name":"Mozelle"},
{"id":"245-50-0384","first_name":"Martyn"},
{"id":"635-06-0274","first_name":"Emilee"},
{"id":"481-45-5575","first_name":"Prent"},
{"id":"118-80-8740","first_name":"Antonino"},
{"id":"309-45-9893","first_name":"Henrik"},
{"id":"209-43-3104","first_name":"Auberon"},
{"id":"444-31-2965","first_name":"Murielle"},
{"id":"500-56-9728","first_name":"Lorettalorna"},
{"id":"553-42-8862","first_name":"Mella"},
{"id":"311-05-6713","first_name":"Lars"},
{"id":"606-26-7439","first_name":"Morganne"},
{"id":"655-52-7709","first_name":"Emmye"},
{"id":"461-93-4061","first_name":"Binni"},
{"id":"819-52-1030","first_name":"Jessie"},
{"id":"531-74-8703","first_name":"Desiree"},
{"id":"212-35-0197","first_name":"Bealle"},
{"id":"142-90-7456","first_name":"Micheline"},
{"id":"724-82-6153","first_name":"Gertrude"},
{"id":"378-82-3641","first_name":"Reggis"},
{"id":"397-43-1069","first_name":"Virginie"},
{"id":"288-79-1925","first_name":"Lainey"},
{"id":"339-99-8049","first_name":"Bendix"},
{"id":"383-48-2616","first_name":"Vonnie"},
{"id":"838-30-8424","first_name":"Hadrian"},
{"id":"748-36-3169","first_name":"Christel"},
{"id":"626-73-4137","first_name":"Willem"},
{"id":"186-96-2956","first_name":"Emmit"},
{"id":"307-64-1340","first_name":"Elladine"},
{"id":"237-95-9083","first_name":"Goober"},
{"id":"748-80-0880","first_name":"Nigel"},
{"id":"695-59-6744","first_name":"Fraser"},
{"id":"487-34-8235","first_name":"Rooney"},
{"id":"822-40-2293","first_name":"Shanon"},
{"id":"323-58-0467","first_name":"Maitilde"},
{"id":"745-67-5134","first_name":"Trey"},
{"id":"519-41-3137","first_name":"Aylmer"},
{"id":"268-40-5944","first_name":"Sigismundo"},
{"id":"139-06-4685","first_name":"Christen"},
{"id":"197-92-9252","first_name":"Mufinella"},
{"id":"120-47-9016","first_name":"Win"},
{"id":"238-55-7622","first_name":"Nessy"},
{"id":"432-44-7579","first_name":"Vernen"},
{"id":"838-34-8436","first_name":"Ileane"},
{"id":"329-49-9500","first_name":"Merla"},
{"id":"394-11-4048","first_name":"Ilyse"},
{"id":"898-22-7122","first_name":"Leena"},
{"id":"461-21-3921","first_name":"Brand"},
{"id":"157-84-4364","first_name":"Sonnnie"},
{"id":"644-17-4165","first_name":"Mal"},
{"id":"882-65-9930","first_name":"Christiano"},
{"id":"711-41-2611","first_name":"Vinni"},
{"id":"451-05-6315","first_name":"Kania"},
{"id":"712-66-7024","first_name":"Gradey"},
{"id":"580-96-1878","first_name":"Elijah"},
{"id":"509-66-2646","first_name":"Zelda"},
{"id":"658-43-9640","first_name":"Christiana"},
{"id":"759-64-6053","first_name":"Audrye"},
{"id":"141-11-8477","first_name":"Pauletta"},
{"id":"727-48-9493","first_name":"Cele"},
{"id":"377-43-6301","first_name":"Phillis"},
{"id":"833-61-8017","first_name":"Babara"},
{"id":"504-67-2190","first_name":"Shandeigh"},
{"id":"583-65-6381","first_name":"Madison"},
{"id":"617-52-7968","first_name":"Ardelia"},
{"id":"321-89-5267","first_name":"Ric"},
{"id":"513-93-6132","first_name":"Christian"},
{"id":"682-18-6956","first_name":"Krista"},
{"id":"395-95-9887","first_name":"Susy"},
{"id":"576-01-9732","first_name":"Shirl"},
{"id":"889-77-9242","first_name":"Bastian"},
{"id":"123-30-6627","first_name":"Juliann"},
{"id":"587-98-0382","first_name":"Chloette"},
{"id":"288-51-5411","first_name":"Karina"},
{"id":"197-98-3962","first_name":"Christina"},
{"id":"628-82-1587","first_name":"Ravi"},
{"id":"852-86-3433","first_name":"Alta"},
{"id":"856-21-4363","first_name":"Joyce"},
{"id":"612-37-7012","first_name":"Derry"},
{"id":"415-62-6619","first_name":"Alvin"},
{"id":"294-49-2014","first_name":"Helene"},
{"id":"434-87-2142","first_name":"Sly"},
{"id":"653-45-4316","first_name":"Blithe"},
{"id":"869-13-5343","first_name":"Modestine"},
{"id":"692-84-5668","first_name":"Julina"},
{"id":"765-83-1854","first_name":"Olva"},
{"id":"835-39-0655","first_name":"Tades"},
{"id":"795-62-2137","first_name":"Tedd"},
{"id":"447-76-6771","first_name":"Alexandr"},
{"id":"775-42-8551","first_name":"Juliann"},
{"id":"677-42-6550","first_name":"Vivyanne"},
{"id":"870-89-1689","first_name":"Burgess"},
{"id":"356-68-8883","first_name":"Eddie"},
{"id":"775-80-3580","first_name":"Ermanno"},
{"id":"501-25-5559","first_name":"Edeline"},
{"id":"874-03-2268","first_name":"Gilbertina"},
{"id":"742-79-9255","first_name":"Vanya"},
{"id":"502-52-3418","first_name":"Balduin"},
{"id":"557-47-8182","first_name":"Valina"},
{"id":"138-95-9012","first_name":"Christabel"},
{"id":"487-18-1235","first_name":"Mart"},
{"id":"598-08-0292","first_name":"Merwyn"},
{"id":"742-33-8139","first_name":"Quintana"},
{"id":"429-70-2059","first_name":"Lyndy"},
{"id":"545-90-4372","first_name":"Nataniel"},
{"id":"495-96-4418","first_name":"Dulsea"},
{"id":"266-12-8202","first_name":"Fey"},
{"id":"243-36-5190","first_name":"Luke"},
{"id":"405-55-7101","first_name":"Cleveland"},
{"id":"247-12-5294","first_name":"Angelo"},
{"id":"151-32-7644","first_name":"Ricard"},
{"id":"465-82-5445","first_name":"Andrea"},
{"id":"308-15-9690","first_name":"Terese"},
{"id":"831-08-7815","first_name":"Tami"},
{"id":"867-36-0777","first_name":"Abelard"},
{"id":"403-56-1245","first_name":"Emlyn"},
{"id":"806-68-6389","first_name":"Doralia"},
{"id":"351-29-0565","first_name":"Merlina"},
{"id":"532-26-8822","first_name":"Braden"},
{"id":"732-92-8751","first_name":"Heinrik"},
{"id":"186-10-5029","first_name":"Ferdie"},
{"id":"160-71-6318","first_name":"Elyn"},
{"id":"191-16-7808","first_name":"Jaynell"},
{"id":"368-54-1293","first_name":"Jarrett"},
{"id":"713-04-0853","first_name":"Rustie"},
{"id":"149-81-7198","first_name":"Hieronymus"},
{"id":"743-78-2446","first_name":"Theodor"},
{"id":"383-18-9918","first_name":"Hal"},
{"id":"833-55-7860","first_name":"Tommi"},
{"id":"839-51-1349","first_name":"Zia"},
{"id":"452-12-9282","first_name":"Nealy"},
{"id":"766-38-7871","first_name":"Rheta"},
{"id":"231-75-9115","first_name":"Hewet"},
{"id":"647-51-9572","first_name":"Syman"},
{"id":"459-40-8029","first_name":"Mona"},
{"id":"861-27-0598","first_name":"Fransisco"},
{"id":"102-21-3494","first_name":"Aymer"},
{"id":"708-91-8402","first_name":"Bancroft"},
{"id":"805-05-0857","first_name":"Caren"},
{"id":"318-24-9536","first_name":"Hyacinth"},
{"id":"547-20-9234","first_name":"Minette"},
{"id":"468-18-4500","first_name":"Kaleb"},
{"id":"174-67-9870","first_name":"Ric"},
{"id":"801-96-3487","first_name":"Thorstein"},
{"id":"611-80-0241","first_name":"Waiter"},
{"id":"663-70-9210","first_name":"Nigel"},
{"id":"679-98-1163","first_name":"Ashien"},
{"id":"231-61-9757","first_name":"Yulma"},
{"id":"731-64-8484","first_name":"Thorsten"},
{"id":"525-44-3199","first_name":"Elora"},
{"id":"363-89-3205","first_name":"Fredric"},
{"id":"494-41-1491","first_name":"Francesco"},
{"id":"473-63-3832","first_name":"Parsifal"},
{"id":"809-13-9304","first_name":"Rina"},
{"id":"157-69-9108","first_name":"Masha"},
{"id":"487-06-5952","first_name":"Gaston"},
{"id":"260-99-3145","first_name":"Stephine"},
{"id":"338-85-6217","first_name":"Ryann"},
{"id":"730-37-0879","first_name":"Baldwin"},
{"id":"311-02-0095","first_name":"Constancy"},
{"id":"892-69-7542","first_name":"Sileas"},
{"id":"202-96-0403","first_name":"Guinna"},
{"id":"312-32-3353","first_name":"Vin"},
{"id":"442-96-7970","first_name":"Marni"},
{"id":"734-55-5294","first_name":"Tremain"},
{"id":"607-84-5798","first_name":"Remy"},
{"id":"745-19-4208","first_name":"Carlynn"},
{"id":"307-39-3263","first_name":"Nanni"},
{"id":"776-44-7883","first_name":"Farah"},
{"id":"136-09-2720","first_name":"Marlene"},
{"id":"727-78-4821","first_name":"Jenny"},
{"id":"593-76-8436","first_name":"Fair"},
{"id":"764-84-0707","first_name":"Stormy"},
{"id":"240-02-9450","first_name":"Shalom"},
{"id":"851-37-2251","first_name":"Maddy"},
{"id":"738-24-0974","first_name":"Kelsey"},
{"id":"446-79-6723","first_name":"Chevalier"},
{"id":"192-14-3155","first_name":"Merilyn"},
{"id":"481-46-2805","first_name":"Jamill"},
{"id":"583-77-6654","first_name":"Loraine"},
{"id":"892-01-5636","first_name":"Stewart"},
{"id":"856-22-4491","first_name":"Dalis"},
{"id":"843-63-7921","first_name":"Salmon"},
{"id":"134-41-4423","first_name":"Aldis"},
{"id":"240-34-4375","first_name":"Legra"},
{"id":"648-89-5495","first_name":"Jamaal"},
{"id":"406-73-7787","first_name":"Kearney"},
{"id":"835-75-4520","first_name":"Mercie"},
{"id":"697-57-4341","first_name":"Hamel"},
{"id":"538-61-8128","first_name":"Peggie"},
{"id":"765-70-7774","first_name":"Marie"},
{"id":"287-63-3319","first_name":"Bobbee"},
{"id":"817-91-5063","first_name":"Sherlock"},
{"id":"598-42-5877","first_name":"Tarrance"},
{"id":"366-50-6188","first_name":"Marris"},
{"id":"151-34-4748","first_name":"Derrick"},
{"id":"209-16-9020","first_name":"Isaak"},
{"id":"744-49-9478","first_name":"Emmaline"}]