[{"id":"687-32-3209","first_name":"Eddie"},
{"id":"287-22-1826","first_name":"Danella"},
{"id":"637-18-5953","first_name":"Rubie"},
{"id":"854-35-0659","first_name":"Clarette"},
{"id":"279-12-8947","first_name":"Lock"},
{"id":"501-61-8410","first_name":"Elladine"},
{"id":"610-71-9853","first_name":"Cristabel"},
{"id":"439-58-1398","first_name":"Dorree"},
{"id":"784-62-9338","first_name":"Casey"},
{"id":"308-45-7199","first_name":"Emerson"},
{"id":"101-29-0551","first_name":"Othello"},
{"id":"685-06-8358","first_name":"Parry"},
{"id":"838-56-7275","first_name":"Sterne"},
{"id":"440-82-3450","first_name":"Vevay"},
{"id":"303-89-6042","first_name":"Corilla"},
{"id":"392-77-3099","first_name":"Lorettalorna"},
{"id":"646-92-1135","first_name":"Desirae"},
{"id":"428-99-8987","first_name":"Francisco"},
{"id":"152-48-0648","first_name":"Jacobo"},
{"id":"324-19-0431","first_name":"Simmonds"},
{"id":"872-02-3030","first_name":"Jo"},
{"id":"530-62-1415","first_name":"Siouxie"},
{"id":"410-43-8840","first_name":"Austin"},
{"id":"526-25-0896","first_name":"Nobe"},
{"id":"265-82-0734","first_name":"Sammy"},
{"id":"417-59-6962","first_name":"Quillan"},
{"id":"499-25-1640","first_name":"Dorita"},
{"id":"141-31-1861","first_name":"Robers"},
{"id":"409-16-3582","first_name":"Rancell"},
{"id":"275-66-7665","first_name":"Augustus"},
{"id":"529-42-9681","first_name":"Ganny"},
{"id":"386-08-1076","first_name":"Berte"},
{"id":"494-90-1782","first_name":"Aurelia"},
{"id":"802-93-0313","first_name":"Ode"},
{"id":"355-98-2560","first_name":"Barty"},
{"id":"597-78-6449","first_name":"Ezra"},
{"id":"505-32-1353","first_name":"Cristina"},
{"id":"276-94-5839","first_name":"Parker"},
{"id":"551-48-0627","first_name":"Lin"},
{"id":"497-03-9022","first_name":"Damien"},
{"id":"291-09-3070","first_name":"Marcos"},
{"id":"107-88-0008","first_name":"Jorgan"},
{"id":"844-67-5606","first_name":"Camila"},
{"id":"569-91-2976","first_name":"Wanda"},
{"id":"534-92-2866","first_name":"Becka"},
{"id":"481-78-7569","first_name":"Anabal"},
{"id":"357-42-8345","first_name":"Timmie"},
{"id":"798-67-2911","first_name":"Deana"},
{"id":"642-82-3095","first_name":"Durward"},
{"id":"866-80-4366","first_name":"Constantine"},
{"id":"338-07-8431","first_name":"Brandon"},
{"id":"317-26-6890","first_name":"Geri"},
{"id":"609-48-6394","first_name":"Felicle"},
{"id":"835-60-9324","first_name":"Aimee"},
{"id":"565-18-8543","first_name":"Padraic"},
{"id":"673-90-3773","first_name":"Hedwiga"},
{"id":"198-87-3281","first_name":"Brigham"},
{"id":"845-82-3310","first_name":"Anita"},
{"id":"405-10-9107","first_name":"Marguerite"},
{"id":"861-60-4148","first_name":"Nolana"},
{"id":"887-31-4882","first_name":"Trudie"},
{"id":"832-43-4539","first_name":"Malinda"},
{"id":"622-06-3380","first_name":"Leilah"},
{"id":"262-62-0862","first_name":"Nathalia"},
{"id":"243-78-4855","first_name":"Vitoria"},
{"id":"421-97-8478","first_name":"Ajay"},
{"id":"504-72-9778","first_name":"Julietta"},
{"id":"176-72-0359","first_name":"Malory"},
{"id":"270-11-8803","first_name":"Duff"},
{"id":"373-71-0750","first_name":"Leelah"},
{"id":"243-28-4368","first_name":"Lurleen"},
{"id":"830-35-9970","first_name":"Winslow"},
{"id":"795-06-7095","first_name":"Blayne"},
{"id":"488-99-1943","first_name":"Hakeem"},
{"id":"206-43-4216","first_name":"Ashlin"},
{"id":"869-59-4227","first_name":"Chev"},
{"id":"505-41-4018","first_name":"Rudolf"},
{"id":"129-10-9735","first_name":"Field"},
{"id":"556-48-8902","first_name":"Lem"},
{"id":"477-10-9293","first_name":"Jermayne"},
{"id":"248-19-9881","first_name":"Gan"},
{"id":"570-31-3087","first_name":"Rhodie"},
{"id":"616-64-3665","first_name":"Filippa"},
{"id":"738-74-5661","first_name":"Nessi"},
{"id":"730-10-2087","first_name":"Theo"},
{"id":"329-75-1001","first_name":"Marinna"},
{"id":"726-64-5337","first_name":"Abbot"},
{"id":"155-28-5260","first_name":"Adelbert"},
{"id":"810-96-2873","first_name":"Justine"},
{"id":"459-72-4705","first_name":"Dyane"},
{"id":"149-13-7605","first_name":"Rose"},
{"id":"221-85-2310","first_name":"Dalia"},
{"id":"422-24-7015","first_name":"Hersh"},
{"id":"896-21-1978","first_name":"Daryle"},
{"id":"897-36-6418","first_name":"Brice"},
{"id":"723-93-2913","first_name":"Land"},
{"id":"757-20-4026","first_name":"Garold"},
{"id":"695-20-8749","first_name":"Jehanna"},
{"id":"602-97-9978","first_name":"Dewain"},
{"id":"763-23-9262","first_name":"Gilberto"},
{"id":"541-46-3176","first_name":"Alanna"},
{"id":"446-44-6756","first_name":"Netty"},
{"id":"618-78-5997","first_name":"Adrianne"},
{"id":"580-70-3087","first_name":"Melony"},
{"id":"287-18-0024","first_name":"Johan"},
{"id":"547-30-6780","first_name":"Noelyn"},
{"id":"446-60-8519","first_name":"Letitia"},
{"id":"494-77-4092","first_name":"Jenelle"},
{"id":"385-16-0109","first_name":"Abbey"},
{"id":"865-30-3884","first_name":"Fleur"},
{"id":"409-15-3576","first_name":"Nickie"},
{"id":"588-04-8139","first_name":"Laurie"},
{"id":"738-21-9880","first_name":"Alicia"},
{"id":"277-11-8247","first_name":"Merridie"},
{"id":"803-39-4855","first_name":"Ambros"},
{"id":"705-37-5784","first_name":"Wheeler"},
{"id":"438-55-1233","first_name":"Vanna"},
{"id":"775-18-4223","first_name":"Shannah"},
{"id":"291-26-2314","first_name":"Cristabel"},
{"id":"297-39-4908","first_name":"Desmund"},
{"id":"834-03-7878","first_name":"Joye"},
{"id":"861-40-3828","first_name":"Sheri"},
{"id":"359-91-5542","first_name":"Owen"},
{"id":"105-40-6288","first_name":"Bobbe"},
{"id":"684-60-8169","first_name":"Crin"},
{"id":"518-53-4545","first_name":"Lacie"},
{"id":"299-97-2239","first_name":"Brendis"},
{"id":"694-13-5799","first_name":"Glyn"},
{"id":"215-58-6686","first_name":"Abran"},
{"id":"295-04-4750","first_name":"Jakob"},
{"id":"422-55-4317","first_name":"Kay"},
{"id":"238-86-5636","first_name":"Kahlil"},
{"id":"659-51-4943","first_name":"Helena"},
{"id":"566-60-7982","first_name":"Lavina"},
{"id":"369-97-4035","first_name":"Darrin"},
{"id":"197-57-1410","first_name":"Rosemaria"},
{"id":"786-82-1203","first_name":"Raddie"},
{"id":"650-67-8992","first_name":"Renie"},
{"id":"617-08-9038","first_name":"Fanechka"},
{"id":"818-46-2334","first_name":"Phoebe"},
{"id":"504-56-2064","first_name":"Ginni"},
{"id":"191-75-9420","first_name":"Clari"},
{"id":"782-55-3111","first_name":"Tamas"},
{"id":"657-08-2708","first_name":"Brig"},
{"id":"230-40-8828","first_name":"Alexi"},
{"id":"244-28-4485","first_name":"Pacorro"},
{"id":"330-06-6087","first_name":"Jemima"},
{"id":"658-33-2375","first_name":"Wenona"},
{"id":"101-40-1799","first_name":"Jocko"},
{"id":"698-88-9259","first_name":"Clementine"},
{"id":"579-65-3382","first_name":"Michel"},
{"id":"183-82-8170","first_name":"Fidole"},
{"id":"237-79-7666","first_name":"Husain"},
{"id":"530-21-9087","first_name":"Ned"},
{"id":"836-56-1089","first_name":"Stacy"},
{"id":"142-91-0065","first_name":"Moe"},
{"id":"488-66-9608","first_name":"Laney"},
{"id":"555-45-7215","first_name":"Quentin"},
{"id":"558-92-7150","first_name":"Curtis"},
{"id":"639-78-0928","first_name":"Berry"},
{"id":"646-29-5460","first_name":"Jaime"},
{"id":"237-86-5813","first_name":"Emmye"},
{"id":"781-03-3847","first_name":"Luelle"},
{"id":"170-16-1295","first_name":"Gerry"},
{"id":"351-51-5421","first_name":"Deane"},
{"id":"133-14-4556","first_name":"Gloria"},
{"id":"156-17-5778","first_name":"Averell"},
{"id":"851-62-5171","first_name":"Malissia"},
{"id":"145-99-1122","first_name":"Leonie"},
{"id":"620-82-0642","first_name":"Windham"},
{"id":"718-75-8111","first_name":"Rogerio"},
{"id":"543-58-6812","first_name":"Ellerey"},
{"id":"429-26-5512","first_name":"Jewel"},
{"id":"819-07-3196","first_name":"Haslett"},
{"id":"320-16-8000","first_name":"Ferdie"},
{"id":"820-90-8251","first_name":"Timothy"},
{"id":"680-14-6234","first_name":"Finley"},
{"id":"424-35-2363","first_name":"Janna"},
{"id":"283-98-4986","first_name":"George"},
{"id":"835-52-8752","first_name":"Corina"},
{"id":"535-14-5155","first_name":"Lucienne"},
{"id":"418-57-3357","first_name":"Fawn"},
{"id":"460-69-6019","first_name":"Grissel"},
{"id":"177-77-2160","first_name":"Corbie"},
{"id":"281-22-6440","first_name":"Rafael"},
{"id":"251-72-2336","first_name":"Pansy"},
{"id":"556-55-7831","first_name":"Carey"},
{"id":"688-72-1972","first_name":"Geoff"},
{"id":"833-82-6862","first_name":"Angel"},
{"id":"441-72-2057","first_name":"Arel"},
{"id":"561-64-6560","first_name":"Phylis"},
{"id":"673-44-8206","first_name":"Shaylyn"},
{"id":"733-49-1196","first_name":"Sigismond"},
{"id":"806-58-4110","first_name":"Diarmid"},
{"id":"337-57-0511","first_name":"Arlina"},
{"id":"629-86-6256","first_name":"Odell"},
{"id":"142-04-7735","first_name":"Charmine"},
{"id":"694-43-5898","first_name":"Rodrique"},
{"id":"728-85-9605","first_name":"Kristal"},
{"id":"119-72-6857","first_name":"Moyna"},
{"id":"380-04-2791","first_name":"Tallie"},
{"id":"399-41-6494","first_name":"Fax"},
{"id":"602-78-2356","first_name":"Kin"},
{"id":"335-59-1088","first_name":"Reine"},
{"id":"182-54-3765","first_name":"Myer"},
{"id":"253-84-1585","first_name":"Catarina"},
{"id":"454-44-5081","first_name":"Myrlene"},
{"id":"752-16-1451","first_name":"Julianne"},
{"id":"238-98-2523","first_name":"Budd"},
{"id":"865-07-5753","first_name":"Mollee"},
{"id":"303-37-9401","first_name":"Tobie"},
{"id":"536-70-0885","first_name":"Norri"},
{"id":"420-91-4046","first_name":"Brucie"},
{"id":"263-93-4384","first_name":"Heath"},
{"id":"111-88-2526","first_name":"Inesita"},
{"id":"305-53-5734","first_name":"Lianna"},
{"id":"585-76-3228","first_name":"Hayley"},
{"id":"261-24-6278","first_name":"Rourke"},
{"id":"157-67-8749","first_name":"Pegeen"},
{"id":"551-13-7950","first_name":"Jock"},
{"id":"521-39-2083","first_name":"Drew"},
{"id":"710-48-7628","first_name":"Ara"},
{"id":"795-37-5979","first_name":"Hestia"},
{"id":"179-07-7666","first_name":"Paulina"},
{"id":"876-09-9180","first_name":"Rosy"},
{"id":"551-27-4293","first_name":"Lyell"},
{"id":"782-50-2720","first_name":"Otho"},
{"id":"882-57-1808","first_name":"Frederica"},
{"id":"883-27-3684","first_name":"Marguerite"},
{"id":"494-11-2979","first_name":"Humbert"},
{"id":"240-32-7190","first_name":"Lona"},
{"id":"703-49-1383","first_name":"Willamina"},
{"id":"876-54-9395","first_name":"Rhoda"},
{"id":"172-23-6066","first_name":"Port"},
{"id":"764-23-8485","first_name":"Latrina"},
{"id":"401-36-2747","first_name":"Urbano"},
{"id":"299-08-3082","first_name":"Ella"},
{"id":"348-69-9299","first_name":"Mureil"},
{"id":"304-34-1387","first_name":"Ursuline"},
{"id":"188-64-5760","first_name":"Amaleta"},
{"id":"827-48-0761","first_name":"Aarika"},
{"id":"428-66-1607","first_name":"Jillian"},
{"id":"594-14-1182","first_name":"Kaela"},
{"id":"404-44-1253","first_name":"Harmon"},
{"id":"793-01-1868","first_name":"Koralle"},
{"id":"575-23-9301","first_name":"Ruthann"},
{"id":"384-28-5739","first_name":"Marty"},
{"id":"312-28-4979","first_name":"Faustina"},
{"id":"152-32-5684","first_name":"Murial"},
{"id":"794-18-1286","first_name":"Angie"},
{"id":"280-18-6186","first_name":"Jacintha"},
{"id":"559-82-9591","first_name":"Arlene"},
{"id":"728-16-3089","first_name":"Marijo"},
{"id":"198-20-6118","first_name":"Alastair"},
{"id":"487-58-9618","first_name":"Sydel"},
{"id":"575-67-2478","first_name":"Freddie"},
{"id":"721-98-3234","first_name":"Dean"},
{"id":"430-32-6320","first_name":"Corri"},
{"id":"219-26-7045","first_name":"Bertram"},
{"id":"530-72-7720","first_name":"Stefa"},
{"id":"851-34-8599","first_name":"Judah"},
{"id":"777-26-2211","first_name":"Rayshell"},
{"id":"257-17-2172","first_name":"Filmer"},
{"id":"651-57-0998","first_name":"Ana"},
{"id":"171-05-8981","first_name":"Kessiah"},
{"id":"692-14-2789","first_name":"Dottie"},
{"id":"750-52-6551","first_name":"Vincenty"},
{"id":"861-57-0478","first_name":"Roderick"},
{"id":"488-92-1468","first_name":"Wilow"},
{"id":"414-81-8849","first_name":"Anders"},
{"id":"873-03-5047","first_name":"Haywood"},
{"id":"819-36-9437","first_name":"Dian"},
{"id":"124-07-8544","first_name":"Clayton"},
{"id":"433-42-3890","first_name":"Bernard"},
{"id":"572-26-4422","first_name":"Stuart"},
{"id":"800-89-4859","first_name":"Jeffrey"},
{"id":"325-24-9133","first_name":"Mehetabel"},
{"id":"826-93-0692","first_name":"Tarra"},
{"id":"356-38-2154","first_name":"Daisi"},
{"id":"112-42-4667","first_name":"Leeanne"},
{"id":"585-65-8702","first_name":"Marthena"},
{"id":"766-75-8335","first_name":"Abie"},
{"id":"851-20-5346","first_name":"Devi"},
{"id":"279-20-2941","first_name":"Hort"},
{"id":"802-65-7621","first_name":"Helyn"},
{"id":"776-73-1461","first_name":"Benetta"},
{"id":"114-42-9990","first_name":"Hogan"},
{"id":"483-85-4613","first_name":"Gaylord"},
{"id":"421-76-4212","first_name":"Morris"},
{"id":"643-51-6785","first_name":"Garnette"},
{"id":"617-78-2674","first_name":"Sigrid"},
{"id":"748-38-2864","first_name":"Brunhilde"},
{"id":"337-15-6212","first_name":"Reinaldo"},
{"id":"682-77-5119","first_name":"Bethany"},
{"id":"103-31-5782","first_name":"Clemens"},
{"id":"205-69-0176","first_name":"Walther"},
{"id":"399-40-1713","first_name":"Eran"},
{"id":"618-92-3004","first_name":"Rem"},
{"id":"143-19-1920","first_name":"Aldon"},
{"id":"709-79-6556","first_name":"Isis"},
{"id":"696-55-8944","first_name":"Lovell"},
{"id":"636-62-6792","first_name":"Alberta"},
{"id":"780-79-9961","first_name":"Jammie"},
{"id":"564-94-2694","first_name":"Ethyl"},
{"id":"682-04-6230","first_name":"Laurel"},
{"id":"457-15-3299","first_name":"Aleen"},
{"id":"415-37-4358","first_name":"Theadora"},
{"id":"181-58-2981","first_name":"Blakelee"},
{"id":"311-26-2246","first_name":"Corella"},
{"id":"262-16-2835","first_name":"Noll"},
{"id":"176-63-2541","first_name":"Tomasine"},
{"id":"668-26-8141","first_name":"Klemens"},
{"id":"415-54-8463","first_name":"Lin"},
{"id":"633-75-9134","first_name":"Bone"},
{"id":"150-60-2261","first_name":"Christoper"},
{"id":"173-41-5975","first_name":"Benjamen"},
{"id":"341-58-0434","first_name":"Laura"},
{"id":"462-66-5282","first_name":"Kamillah"},
{"id":"867-76-0620","first_name":"Talia"},
{"id":"647-48-5237","first_name":"Rem"},
{"id":"592-32-8224","first_name":"Bert"},
{"id":"786-17-0035","first_name":"Eyde"},
{"id":"858-31-7716","first_name":"Alikee"},
{"id":"398-79-7918","first_name":"Kendra"},
{"id":"483-40-8088","first_name":"Margarete"},
{"id":"721-14-9960","first_name":"Elset"},
{"id":"221-83-7003","first_name":"Berny"},
{"id":"507-43-7488","first_name":"Ax"},
{"id":"128-60-5513","first_name":"Lorie"},
{"id":"288-15-5952","first_name":"Melisent"},
{"id":"424-55-8821","first_name":"Kean"},
{"id":"850-52-0807","first_name":"Farra"},
{"id":"162-86-7355","first_name":"Rubin"},
{"id":"839-81-3921","first_name":"Giovanna"},
{"id":"411-52-3877","first_name":"Jessamine"},
{"id":"544-22-7719","first_name":"Bran"},
{"id":"156-35-5936","first_name":"Nappie"},
{"id":"458-69-2860","first_name":"Rivi"},
{"id":"898-37-2344","first_name":"Melicent"},
{"id":"411-97-2111","first_name":"Lorin"},
{"id":"562-54-0159","first_name":"Lind"},
{"id":"599-74-7885","first_name":"Ulises"},
{"id":"843-50-4283","first_name":"Chelsie"},
{"id":"881-44-7060","first_name":"Meris"},
{"id":"143-25-1493","first_name":"Gare"},
{"id":"776-12-9010","first_name":"Far"},
{"id":"678-89-8298","first_name":"Dannye"},
{"id":"677-50-6102","first_name":"Gayle"},
{"id":"366-70-1566","first_name":"Jamie"},
{"id":"301-27-2574","first_name":"Cary"},
{"id":"389-19-4131","first_name":"Janey"},
{"id":"220-64-7628","first_name":"Dedie"},
{"id":"792-97-5210","first_name":"Margit"},
{"id":"721-16-2674","first_name":"Boycie"},
{"id":"588-65-8996","first_name":"Juliane"},
{"id":"745-92-4419","first_name":"Lida"},
{"id":"777-24-8206","first_name":"Janie"},
{"id":"870-67-5750","first_name":"Reinaldos"},
{"id":"177-88-0363","first_name":"Crin"},
{"id":"218-98-1402","first_name":"Read"},
{"id":"100-31-1675","first_name":"Dorothea"},
{"id":"766-61-7845","first_name":"Ellery"},
{"id":"649-45-5841","first_name":"Carlyn"},
{"id":"846-24-3313","first_name":"Maribelle"},
{"id":"201-82-1084","first_name":"Carolee"},
{"id":"662-50-1981","first_name":"Currey"},
{"id":"192-23-4583","first_name":"Lonnie"},
{"id":"489-39-6442","first_name":"Melina"},
{"id":"812-22-7122","first_name":"Gratia"},
{"id":"505-39-6000","first_name":"Breena"},
{"id":"127-61-0310","first_name":"Florenza"},
{"id":"839-19-1504","first_name":"Carilyn"},
{"id":"531-98-8069","first_name":"Mario"},
{"id":"695-22-1326","first_name":"Marylou"},
{"id":"706-10-3230","first_name":"Mady"},
{"id":"207-26-5002","first_name":"Corrie"},
{"id":"724-91-4537","first_name":"Thaddeus"},
{"id":"737-12-8693","first_name":"Alissa"},
{"id":"696-96-5783","first_name":"Cass"},
{"id":"223-51-0812","first_name":"Bridgette"},
{"id":"584-40-7824","first_name":"Myrle"},
{"id":"757-56-9449","first_name":"Mervin"},
{"id":"469-51-0395","first_name":"Kaitlyn"},
{"id":"190-40-1842","first_name":"Beck"},
{"id":"549-82-2141","first_name":"Dru"},
{"id":"788-31-0666","first_name":"Bendicty"},
{"id":"754-08-4871","first_name":"Marianne"},
{"id":"426-18-2106","first_name":"Nikolas"},
{"id":"120-41-5798","first_name":"Niki"},
{"id":"728-78-6621","first_name":"Diena"},
{"id":"651-43-1257","first_name":"Haley"},
{"id":"437-30-0280","first_name":"Torrance"},
{"id":"176-77-9732","first_name":"Catha"},
{"id":"709-63-1342","first_name":"Agata"},
{"id":"751-89-2621","first_name":"Braden"},
{"id":"266-47-0573","first_name":"Fletch"},
{"id":"395-43-2535","first_name":"Bent"},
{"id":"534-07-7201","first_name":"Emera"},
{"id":"527-02-9582","first_name":"Lorelei"},
{"id":"424-65-3306","first_name":"Alastair"},
{"id":"747-48-2297","first_name":"Pietra"},
{"id":"556-69-8196","first_name":"Yard"},
{"id":"165-09-4306","first_name":"Carlye"},
{"id":"705-90-8213","first_name":"Ramsay"},
{"id":"629-29-3176","first_name":"Erasmus"},
{"id":"861-74-3043","first_name":"Tildi"},
{"id":"538-46-6900","first_name":"Chick"},
{"id":"757-46-5055","first_name":"Ber"},
{"id":"829-44-0784","first_name":"Vasilis"},
{"id":"741-37-5473","first_name":"Damita"},
{"id":"177-41-1015","first_name":"Lawton"},
{"id":"202-36-4334","first_name":"Lonnard"},
{"id":"357-42-6011","first_name":"Florian"},
{"id":"638-34-6074","first_name":"Shell"},
{"id":"325-38-9406","first_name":"Edgardo"},
{"id":"743-59-3649","first_name":"Kevon"},
{"id":"133-82-9145","first_name":"Meier"},
{"id":"535-29-4685","first_name":"Marybelle"},
{"id":"851-67-5512","first_name":"Birch"},
{"id":"708-35-5855","first_name":"Carri"},
{"id":"394-99-7831","first_name":"Ddene"},
{"id":"258-26-8121","first_name":"Fraze"},
{"id":"258-27-0870","first_name":"Heida"},
{"id":"596-35-3741","first_name":"Ramona"},
{"id":"860-06-2382","first_name":"Kellsie"},
{"id":"344-63-9594","first_name":"Tracey"},
{"id":"477-62-4739","first_name":"Maryrose"},
{"id":"401-80-3665","first_name":"Addie"},
{"id":"118-65-3461","first_name":"Olly"},
{"id":"857-78-1035","first_name":"Carolina"},
{"id":"855-30-8581","first_name":"Gavra"},
{"id":"763-78-9243","first_name":"Angus"},
{"id":"692-11-3905","first_name":"Gerri"},
{"id":"733-66-7597","first_name":"Lauraine"},
{"id":"231-24-8773","first_name":"Kalil"},
{"id":"548-08-1858","first_name":"Nadiya"},
{"id":"366-44-5841","first_name":"Valentine"},
{"id":"489-83-5667","first_name":"Belle"},
{"id":"145-59-3210","first_name":"Matilde"},
{"id":"593-09-1028","first_name":"Patsy"},
{"id":"712-22-7071","first_name":"Jermaine"},
{"id":"630-81-6520","first_name":"Cullan"},
{"id":"736-49-8663","first_name":"Mendel"},
{"id":"367-96-0535","first_name":"Vonnie"},
{"id":"708-18-1623","first_name":"Olav"},
{"id":"474-62-6595","first_name":"Pier"},
{"id":"858-77-9021","first_name":"Hetty"},
{"id":"711-33-1959","first_name":"Beilul"},
{"id":"165-42-4178","first_name":"Adoree"},
{"id":"893-35-1631","first_name":"Anitra"},
{"id":"262-67-2726","first_name":"Skipton"},
{"id":"172-81-6255","first_name":"Boot"},
{"id":"527-17-9332","first_name":"Artie"},
{"id":"363-17-1120","first_name":"Linnea"},
{"id":"896-13-2671","first_name":"Helyn"},
{"id":"524-95-1319","first_name":"Lewiss"},
{"id":"755-74-8180","first_name":"Brander"},
{"id":"524-71-0577","first_name":"Vivianna"},
{"id":"671-50-2169","first_name":"Kanya"},
{"id":"115-88-9265","first_name":"Bert"},
{"id":"771-40-9775","first_name":"Brooks"},
{"id":"402-90-2625","first_name":"Kristin"},
{"id":"891-31-2039","first_name":"Shurwood"},
{"id":"439-68-6478","first_name":"Merv"},
{"id":"855-24-8301","first_name":"Kala"},
{"id":"540-88-3738","first_name":"Halsy"},
{"id":"342-43-6129","first_name":"Almire"},
{"id":"486-15-0314","first_name":"Holmes"},
{"id":"763-36-1246","first_name":"Hillery"},
{"id":"566-09-6865","first_name":"Kittie"},
{"id":"285-38-3692","first_name":"Marcellina"},
{"id":"163-04-3460","first_name":"Shir"},
{"id":"871-30-2847","first_name":"Antonia"},
{"id":"307-74-1345","first_name":"Corinna"},
{"id":"879-61-3815","first_name":"Julianne"},
{"id":"177-84-9384","first_name":"Modesty"},
{"id":"807-34-6136","first_name":"Marris"},
{"id":"594-99-0174","first_name":"Mayer"},
{"id":"619-65-7906","first_name":"Darlleen"},
{"id":"722-65-4057","first_name":"Marc"},
{"id":"457-23-9453","first_name":"Hamel"},
{"id":"831-77-1376","first_name":"Rosella"},
{"id":"726-58-1447","first_name":"Dominic"},
{"id":"298-13-6561","first_name":"Tyson"},
{"id":"636-52-7403","first_name":"Fons"},
{"id":"681-33-6374","first_name":"Emma"},
{"id":"207-73-8484","first_name":"Gearalt"},
{"id":"820-01-8799","first_name":"Wallie"},
{"id":"512-05-9647","first_name":"Sandy"},
{"id":"236-96-7087","first_name":"Bridgette"},
{"id":"828-15-7198","first_name":"Linnell"},
{"id":"725-20-9552","first_name":"Sally"},
{"id":"835-57-8442","first_name":"Luther"},
{"id":"384-13-6602","first_name":"Nicolea"},
{"id":"571-57-6110","first_name":"Maddie"},
{"id":"303-74-2606","first_name":"Randolf"},
{"id":"418-84-3349","first_name":"Giacopo"},
{"id":"788-67-6047","first_name":"Heywood"},
{"id":"653-75-8089","first_name":"Kaylyn"},
{"id":"225-13-0605","first_name":"Leland"},
{"id":"115-43-9702","first_name":"Jennica"},
{"id":"758-71-4968","first_name":"Lanette"},
{"id":"623-68-4800","first_name":"Friedrich"},
{"id":"242-91-3112","first_name":"Tom"},
{"id":"691-35-3116","first_name":"Velvet"},
{"id":"738-76-3420","first_name":"Marion"},
{"id":"435-75-9994","first_name":"Nikos"},
{"id":"658-07-9146","first_name":"Shandra"},
{"id":"494-59-7784","first_name":"Ase"},
{"id":"413-03-8310","first_name":"Myrwyn"},
{"id":"314-50-3844","first_name":"Gustavus"},
{"id":"522-98-5148","first_name":"Rancell"},
{"id":"298-30-0368","first_name":"Netta"},
{"id":"599-10-3222","first_name":"Roseanne"},
{"id":"407-94-9887","first_name":"Ofelia"},
{"id":"184-82-6799","first_name":"Killian"},
{"id":"513-71-4333","first_name":"Herculie"},
{"id":"111-17-2172","first_name":"Danyette"},
{"id":"568-84-8820","first_name":"Edyth"},
{"id":"243-70-9664","first_name":"Nickey"},
{"id":"351-29-6736","first_name":"Valentino"},
{"id":"238-17-8991","first_name":"Gerianna"},
{"id":"858-45-6610","first_name":"Sanson"},
{"id":"341-35-6200","first_name":"Noby"},
{"id":"641-41-0097","first_name":"Letti"},
{"id":"853-45-8609","first_name":"Reine"},
{"id":"383-24-2990","first_name":"Rivy"},
{"id":"161-07-2440","first_name":"Washington"},
{"id":"794-34-1910","first_name":"Sonny"},
{"id":"608-08-2941","first_name":"Jan"},
{"id":"413-06-5977","first_name":"Sibyl"},
{"id":"166-88-8532","first_name":"Babbie"},
{"id":"385-23-6051","first_name":"Faydra"},
{"id":"474-12-5046","first_name":"Gerry"},
{"id":"196-46-5246","first_name":"Meade"},
{"id":"464-83-7296","first_name":"Gayle"},
{"id":"599-72-7543","first_name":"Erny"},
{"id":"867-61-4940","first_name":"Arthur"},
{"id":"623-87-9139","first_name":"Jorie"},
{"id":"170-97-2647","first_name":"Arne"},
{"id":"740-50-2764","first_name":"Johnette"},
{"id":"197-66-3287","first_name":"Lacie"},
{"id":"668-58-0850","first_name":"Sid"},
{"id":"112-37-1186","first_name":"Emilia"},
{"id":"564-36-1334","first_name":"Ilse"},
{"id":"755-25-9235","first_name":"Dehlia"},
{"id":"639-20-0255","first_name":"Estell"},
{"id":"234-05-3257","first_name":"Dennet"},
{"id":"832-10-4265","first_name":"Evy"},
{"id":"204-87-5539","first_name":"Lynn"},
{"id":"335-43-4250","first_name":"Collete"},
{"id":"132-26-6035","first_name":"Darb"},
{"id":"428-36-4397","first_name":"Sherm"},
{"id":"229-52-2232","first_name":"Kerianne"},
{"id":"437-24-0366","first_name":"Dunstan"},
{"id":"583-07-1193","first_name":"Hubey"},
{"id":"364-96-2290","first_name":"Ruby"},
{"id":"562-67-8324","first_name":"Gloriane"},
{"id":"343-48-2672","first_name":"Brig"},
{"id":"640-24-4325","first_name":"Boyd"},
{"id":"649-54-6266","first_name":"Blake"},
{"id":"580-98-9165","first_name":"Seth"},
{"id":"146-64-5015","first_name":"Stacee"},
{"id":"111-91-4237","first_name":"Cedric"},
{"id":"702-15-3726","first_name":"Gwenni"},
{"id":"386-55-0899","first_name":"Diannne"},
{"id":"326-29-6251","first_name":"Cirillo"},
{"id":"449-61-1499","first_name":"Camella"},
{"id":"412-65-8519","first_name":"Lauren"},
{"id":"179-12-6642","first_name":"Sharia"},
{"id":"794-35-6369","first_name":"Lynn"},
{"id":"160-66-1157","first_name":"Filmore"},
{"id":"641-04-7789","first_name":"Barbra"},
{"id":"339-65-9899","first_name":"Robbi"},
{"id":"173-06-5699","first_name":"Broderic"},
{"id":"500-93-5507","first_name":"Jolyn"},
{"id":"409-53-5165","first_name":"Ada"},
{"id":"284-19-0858","first_name":"Lanny"},
{"id":"408-99-2453","first_name":"Kerk"},
{"id":"112-95-8986","first_name":"Farrel"},
{"id":"775-84-4724","first_name":"Mortie"},
{"id":"854-07-8352","first_name":"Oliviero"},
{"id":"735-63-0561","first_name":"Roxie"},
{"id":"498-04-6838","first_name":"Frankie"},
{"id":"176-32-8836","first_name":"Angus"},
{"id":"281-30-7217","first_name":"Darb"},
{"id":"377-16-0844","first_name":"Raymund"},
{"id":"179-38-3843","first_name":"Carmella"},
{"id":"616-52-9855","first_name":"Jerrilyn"},
{"id":"766-75-4674","first_name":"Tyson"},
{"id":"755-91-8036","first_name":"Filia"},
{"id":"794-76-2332","first_name":"Mariele"},
{"id":"819-58-7441","first_name":"Stern"},
{"id":"352-42-5821","first_name":"Rafferty"},
{"id":"211-71-3529","first_name":"Roxie"},
{"id":"577-27-1263","first_name":"Lenore"},
{"id":"382-12-6043","first_name":"Quentin"},
{"id":"808-32-9082","first_name":"Burk"},
{"id":"614-88-0074","first_name":"Gregor"},
{"id":"724-57-1852","first_name":"Robinetta"},
{"id":"236-87-0896","first_name":"Igor"},
{"id":"850-66-1269","first_name":"Jen"},
{"id":"735-66-3260","first_name":"Sukey"},
{"id":"273-78-3147","first_name":"Emily"},
{"id":"279-06-6653","first_name":"Cobb"},
{"id":"650-68-1624","first_name":"Lida"},
{"id":"790-57-1219","first_name":"Bennie"},
{"id":"844-57-8388","first_name":"Nolie"},
{"id":"424-31-9693","first_name":"Juline"},
{"id":"717-14-4114","first_name":"My"},
{"id":"377-35-4336","first_name":"Martha"},
{"id":"270-04-3868","first_name":"Drona"},
{"id":"827-99-6510","first_name":"Courtney"},
{"id":"192-72-1550","first_name":"Jennica"},
{"id":"678-65-0134","first_name":"Fanchette"},
{"id":"691-01-9020","first_name":"Torey"},
{"id":"511-85-3283","first_name":"Sissie"},
{"id":"718-79-8001","first_name":"Dell"},
{"id":"667-27-3090","first_name":"Philipa"},
{"id":"557-35-1468","first_name":"Maurise"},
{"id":"836-96-9624","first_name":"Melosa"},
{"id":"218-66-2937","first_name":"Graig"},
{"id":"219-36-3976","first_name":"Pris"},
{"id":"733-18-2418","first_name":"Althea"},
{"id":"549-81-1619","first_name":"Consuelo"},
{"id":"638-25-8270","first_name":"Heriberto"},
{"id":"875-39-2977","first_name":"Cherise"},
{"id":"867-23-3304","first_name":"Etti"},
{"id":"355-53-3315","first_name":"Esme"},
{"id":"151-16-3763","first_name":"Nikaniki"},
{"id":"488-71-6007","first_name":"Mack"},
{"id":"627-47-9452","first_name":"Marlene"},
{"id":"172-89-0996","first_name":"Alyse"},
{"id":"623-59-5820","first_name":"Kerry"},
{"id":"284-37-9657","first_name":"Chev"},
{"id":"621-06-7720","first_name":"Fin"},
{"id":"861-85-0010","first_name":"Matty"},
{"id":"741-31-9647","first_name":"Rafi"},
{"id":"411-36-6155","first_name":"Kristan"},
{"id":"158-45-2961","first_name":"Andrea"},
{"id":"367-84-1523","first_name":"Gawen"},
{"id":"378-10-5256","first_name":"Kristal"},
{"id":"167-45-6168","first_name":"Rivalee"},
{"id":"881-53-9423","first_name":"Rebeka"},
{"id":"362-70-5240","first_name":"Nevsa"},
{"id":"585-45-2850","first_name":"Clayborn"},
{"id":"350-69-9994","first_name":"Zebedee"},
{"id":"124-17-1323","first_name":"Anestassia"},
{"id":"297-98-6439","first_name":"Kahaleel"},
{"id":"443-49-9393","first_name":"Cornelle"},
{"id":"658-04-7044","first_name":"Faunie"},
{"id":"663-69-2568","first_name":"Mead"},
{"id":"460-40-0013","first_name":"Denis"},
{"id":"103-05-8229","first_name":"Lisle"},
{"id":"791-53-8161","first_name":"Maryrose"},
{"id":"222-19-0622","first_name":"Demetria"},
{"id":"681-85-4632","first_name":"Burch"},
{"id":"662-91-8002","first_name":"Ruthi"},
{"id":"116-41-9734","first_name":"Ezekiel"},
{"id":"210-42-7753","first_name":"Izzy"},
{"id":"423-91-8687","first_name":"Roderick"},
{"id":"271-19-6132","first_name":"Corey"},
{"id":"248-83-3611","first_name":"Arley"},
{"id":"348-78-7496","first_name":"Hedda"},
{"id":"870-12-2512","first_name":"Lin"},
{"id":"439-07-6534","first_name":"Alan"},
{"id":"607-67-5775","first_name":"Jenny"},
{"id":"586-54-7561","first_name":"Maressa"},
{"id":"561-82-0190","first_name":"Eirena"},
{"id":"652-41-5008","first_name":"Kippy"},
{"id":"499-64-4885","first_name":"Kathie"},
{"id":"355-53-0429","first_name":"Lexi"},
{"id":"543-45-9226","first_name":"Darci"},
{"id":"793-78-6896","first_name":"Appolonia"},
{"id":"350-06-1346","first_name":"Maressa"},
{"id":"753-64-3911","first_name":"Delmor"},
{"id":"344-05-1767","first_name":"Revkah"},
{"id":"511-53-7861","first_name":"Sharyl"},
{"id":"882-97-4437","first_name":"Sonnnie"},
{"id":"103-61-1233","first_name":"Yolane"},
{"id":"459-70-6308","first_name":"Gabriellia"},
{"id":"399-26-5450","first_name":"Fran"},
{"id":"834-15-0295","first_name":"Cyrus"},
{"id":"289-20-9742","first_name":"Othelia"},
{"id":"270-55-1075","first_name":"Ruben"},
{"id":"248-88-5176","first_name":"Robert"},
{"id":"123-42-9360","first_name":"Gratia"},
{"id":"117-78-3067","first_name":"Chas"},
{"id":"738-64-9501","first_name":"Peta"},
{"id":"582-76-2931","first_name":"Hewett"},
{"id":"363-39-7264","first_name":"Manny"},
{"id":"529-46-8846","first_name":"Verina"},
{"id":"812-07-5307","first_name":"Dacia"},
{"id":"183-43-1634","first_name":"Kalie"},
{"id":"899-53-4474","first_name":"Steffi"},
{"id":"201-29-1297","first_name":"Lev"},
{"id":"809-47-0172","first_name":"Siobhan"},
{"id":"501-63-9503","first_name":"Adolf"},
{"id":"767-61-3057","first_name":"Susann"},
{"id":"767-37-5724","first_name":"Balduin"},
{"id":"753-90-1572","first_name":"Verene"},
{"id":"501-46-4849","first_name":"Tally"},
{"id":"278-32-0533","first_name":"Vanya"},
{"id":"173-03-4367","first_name":"Catharina"},
{"id":"889-44-3963","first_name":"Silvester"},
{"id":"815-07-4426","first_name":"Lilias"},
{"id":"480-95-3138","first_name":"Mal"},
{"id":"144-15-5331","first_name":"Colas"},
{"id":"280-76-3923","first_name":"Karisa"},
{"id":"286-63-6827","first_name":"Cecilio"},
{"id":"100-10-5330","first_name":"Jaime"},
{"id":"710-61-6509","first_name":"Isidro"},
{"id":"741-63-7674","first_name":"Hillary"},
{"id":"856-50-0332","first_name":"Eleanor"},
{"id":"444-99-3045","first_name":"Jasper"},
{"id":"125-81-1294","first_name":"Yale"},
{"id":"584-14-9330","first_name":"Ingamar"},
{"id":"862-99-2052","first_name":"Konstantin"},
{"id":"327-98-3619","first_name":"Berna"},
{"id":"898-27-9459","first_name":"Donalt"},
{"id":"401-21-3514","first_name":"Cesare"},
{"id":"398-31-3683","first_name":"Brande"},
{"id":"506-29-5496","first_name":"Bernhard"},
{"id":"312-41-6716","first_name":"Marthena"},
{"id":"791-51-0943","first_name":"Lewes"},
{"id":"417-15-7229","first_name":"Marjorie"},
{"id":"624-26-9498","first_name":"Welsh"},
{"id":"658-22-6371","first_name":"Slade"},
{"id":"847-91-3661","first_name":"Johan"},
{"id":"245-92-9300","first_name":"Steffane"},
{"id":"648-88-0903","first_name":"Carlita"},
{"id":"443-44-6392","first_name":"Isobel"},
{"id":"788-86-8667","first_name":"Jerad"},
{"id":"587-26-4108","first_name":"Nataniel"},
{"id":"683-66-7078","first_name":"Lizzy"},
{"id":"521-51-0779","first_name":"Edmund"},
{"id":"277-94-0352","first_name":"Rheta"},
{"id":"633-16-4638","first_name":"Christalle"},
{"id":"355-36-4458","first_name":"Prentice"},
{"id":"156-82-9250","first_name":"Kris"},
{"id":"617-85-1559","first_name":"Mord"},
{"id":"141-60-0091","first_name":"Arleta"},
{"id":"840-86-4529","first_name":"Reinold"},
{"id":"351-32-6800","first_name":"Barn"},
{"id":"471-41-3965","first_name":"Saunderson"},
{"id":"147-94-3588","first_name":"Aleece"},
{"id":"192-94-9874","first_name":"Millie"},
{"id":"469-73-6201","first_name":"Eleen"},
{"id":"897-57-3531","first_name":"Goddart"},
{"id":"173-69-7399","first_name":"Rorke"},
{"id":"204-95-9061","first_name":"Audrye"},
{"id":"755-02-3098","first_name":"Victoir"},
{"id":"824-37-1972","first_name":"Celestyn"},
{"id":"467-31-9102","first_name":"Livvyy"},
{"id":"671-86-2319","first_name":"Avril"},
{"id":"273-21-7478","first_name":"Marshal"},
{"id":"490-10-9414","first_name":"Ellerey"},
{"id":"888-82-5555","first_name":"Gregory"},
{"id":"528-67-3580","first_name":"Tamqrah"},
{"id":"494-56-0759","first_name":"Klaus"},
{"id":"260-74-9281","first_name":"Marillin"},
{"id":"645-70-1908","first_name":"Kipp"},
{"id":"743-56-7691","first_name":"Malanie"},
{"id":"874-55-8399","first_name":"Etti"},
{"id":"844-38-4659","first_name":"Godiva"},
{"id":"842-20-9156","first_name":"Werner"},
{"id":"679-56-4353","first_name":"Maiga"},
{"id":"523-81-5855","first_name":"Hebert"},
{"id":"564-03-8042","first_name":"Guthrey"},
{"id":"332-05-4808","first_name":"Alanson"},
{"id":"451-98-6911","first_name":"Kimberly"},
{"id":"393-17-1087","first_name":"Allyson"},
{"id":"733-45-8509","first_name":"Rea"},
{"id":"882-36-2475","first_name":"Angelita"},
{"id":"847-92-2464","first_name":"Elias"},
{"id":"196-39-5383","first_name":"Stanislaus"},
{"id":"276-50-8992","first_name":"Fenelia"},
{"id":"630-89-3610","first_name":"Dori"},
{"id":"616-60-1095","first_name":"Dede"},
{"id":"167-25-6992","first_name":"Evvy"},
{"id":"227-45-2671","first_name":"Hayyim"},
{"id":"610-21-8656","first_name":"Man"},
{"id":"815-63-1092","first_name":"Otis"},
{"id":"136-86-4365","first_name":"Gabrila"},
{"id":"486-91-4448","first_name":"Sunny"},
{"id":"223-23-6995","first_name":"Thelma"},
{"id":"107-05-5760","first_name":"Daryl"},
{"id":"100-46-3860","first_name":"Cheslie"},
{"id":"136-59-0423","first_name":"Winnifred"},
{"id":"270-69-9053","first_name":"Teressa"},
{"id":"846-62-2846","first_name":"Morton"},
{"id":"152-58-5531","first_name":"Lutero"},
{"id":"856-01-8616","first_name":"Pammie"},
{"id":"171-21-1760","first_name":"Roby"},
{"id":"272-45-1520","first_name":"Angelika"},
{"id":"836-13-7979","first_name":"Shandy"},
{"id":"188-17-9158","first_name":"Fred"},
{"id":"805-19-2909","first_name":"Vinny"},
{"id":"520-10-5889","first_name":"Malanie"},
{"id":"423-30-6665","first_name":"Oliy"},
{"id":"181-47-2217","first_name":"Evie"},
{"id":"783-21-9593","first_name":"Valentina"},
{"id":"323-36-3553","first_name":"Fabiano"},
{"id":"114-46-2251","first_name":"Drucy"},
{"id":"154-40-1591","first_name":"Karla"},
{"id":"300-70-0598","first_name":"Jeno"},
{"id":"361-91-7658","first_name":"Addy"},
{"id":"595-31-4403","first_name":"Caro"},
{"id":"239-57-4263","first_name":"Corella"},
{"id":"815-42-2930","first_name":"Kyrstin"},
{"id":"243-01-0707","first_name":"Germaine"},
{"id":"788-62-6154","first_name":"Sigrid"},
{"id":"260-05-0058","first_name":"Ariel"},
{"id":"300-55-3118","first_name":"Shandra"},
{"id":"512-42-7774","first_name":"Elfrida"},
{"id":"877-56-8950","first_name":"Heidie"},
{"id":"708-06-0028","first_name":"Daffy"},
{"id":"775-82-8715","first_name":"Kurtis"},
{"id":"468-61-4244","first_name":"Corrina"},
{"id":"670-28-2286","first_name":"Myrwyn"},
{"id":"489-89-2313","first_name":"Anastassia"},
{"id":"191-69-6168","first_name":"Cherianne"},
{"id":"544-78-9660","first_name":"Ginnifer"},
{"id":"133-89-0988","first_name":"Arel"},
{"id":"797-56-4412","first_name":"Clay"},
{"id":"388-99-4595","first_name":"Gus"},
{"id":"387-18-6867","first_name":"Warden"},
{"id":"341-07-1973","first_name":"Valeda"},
{"id":"403-05-2175","first_name":"Kinna"},
{"id":"424-75-1633","first_name":"Pavla"},
{"id":"402-34-1192","first_name":"Coreen"},
{"id":"221-18-5587","first_name":"Kate"},
{"id":"501-25-9726","first_name":"Riobard"},
{"id":"524-07-0237","first_name":"Corty"},
{"id":"213-38-1289","first_name":"Thaddeus"},
{"id":"842-75-2635","first_name":"Munmro"},
{"id":"201-17-6525","first_name":"Bridie"},
{"id":"863-89-8656","first_name":"Luigi"},
{"id":"658-69-7566","first_name":"Jerrylee"},
{"id":"199-91-0677","first_name":"Shaun"},
{"id":"173-95-2677","first_name":"Donielle"},
{"id":"190-53-9223","first_name":"Kiley"},
{"id":"139-57-8962","first_name":"Marlane"},
{"id":"553-08-4970","first_name":"Richardo"},
{"id":"406-73-2033","first_name":"Golda"},
{"id":"311-12-2293","first_name":"Maxy"},
{"id":"609-79-7991","first_name":"Brooks"},
{"id":"855-05-8466","first_name":"Carson"},
{"id":"121-37-4688","first_name":"Taryn"},
{"id":"612-48-2504","first_name":"Octavius"},
{"id":"597-73-7008","first_name":"Anet"},
{"id":"723-89-9827","first_name":"Maxim"},
{"id":"216-06-2828","first_name":"Arv"},
{"id":"398-51-6232","first_name":"Stewart"},
{"id":"642-78-4885","first_name":"Odilia"},
{"id":"843-66-4316","first_name":"Dorthea"},
{"id":"836-26-6365","first_name":"Mayne"},
{"id":"568-36-5818","first_name":"Worth"},
{"id":"737-83-4272","first_name":"Rollin"},
{"id":"785-84-7578","first_name":"Marcille"},
{"id":"662-60-6655","first_name":"Kerrill"},
{"id":"426-29-9745","first_name":"Merissa"},
{"id":"633-04-5049","first_name":"Eleanore"},
{"id":"286-70-8299","first_name":"Trip"},
{"id":"743-07-0691","first_name":"Annetta"},
{"id":"268-16-8270","first_name":"Inglebert"},
{"id":"794-61-1170","first_name":"Levon"},
{"id":"734-31-4693","first_name":"Conn"},
{"id":"580-03-4182","first_name":"Rebecka"},
{"id":"469-45-6000","first_name":"Elvera"},
{"id":"894-03-2832","first_name":"Launce"},
{"id":"592-45-4734","first_name":"Arlyn"},
{"id":"323-77-2208","first_name":"Stephanie"},
{"id":"640-85-5323","first_name":"Jacenta"},
{"id":"353-60-1401","first_name":"Elihu"},
{"id":"662-32-7017","first_name":"Corilla"},
{"id":"830-21-4211","first_name":"Garret"},
{"id":"677-21-1901","first_name":"Berni"},
{"id":"604-14-5994","first_name":"Dorotea"},
{"id":"804-31-2959","first_name":"Lauraine"},
{"id":"355-63-8536","first_name":"Virgie"},
{"id":"851-20-1992","first_name":"Taddeo"},
{"id":"808-77-5877","first_name":"Ellen"},
{"id":"253-38-4022","first_name":"Abigail"},
{"id":"262-90-5761","first_name":"Daisy"},
{"id":"525-32-3453","first_name":"Valerie"},
{"id":"634-88-5338","first_name":"Cindelyn"},
{"id":"227-72-9161","first_name":"Giordano"},
{"id":"378-22-5981","first_name":"Rance"},
{"id":"336-24-0811","first_name":"Boone"},
{"id":"855-24-3187","first_name":"Dana"},
{"id":"279-05-4473","first_name":"Meriel"},
{"id":"246-32-0089","first_name":"Peadar"},
{"id":"477-45-1264","first_name":"Alric"},
{"id":"318-38-6199","first_name":"Latia"},
{"id":"399-68-2588","first_name":"Mitchell"},
{"id":"564-06-6865","first_name":"Kerwinn"},
{"id":"110-98-1297","first_name":"Tracey"},
{"id":"843-40-5563","first_name":"Ileana"},
{"id":"171-99-2176","first_name":"Yorgo"},
{"id":"111-49-1102","first_name":"Crosby"},
{"id":"330-05-4693","first_name":"Fransisco"},
{"id":"178-35-6885","first_name":"Cherey"},
{"id":"840-39-4786","first_name":"Iorgo"},
{"id":"159-20-9398","first_name":"Micky"},
{"id":"368-36-7600","first_name":"Tersina"},
{"id":"366-65-8659","first_name":"Jaclin"},
{"id":"659-75-7045","first_name":"Neddie"},
{"id":"565-35-7200","first_name":"Neddy"},
{"id":"706-07-6643","first_name":"Cayla"},
{"id":"297-52-8559","first_name":"Gillie"},
{"id":"391-37-2929","first_name":"Fifine"},
{"id":"306-39-5483","first_name":"Alard"},
{"id":"265-34-4750","first_name":"Marianne"},
{"id":"453-29-9450","first_name":"Giraud"},
{"id":"633-80-5817","first_name":"Bryna"},
{"id":"786-54-5548","first_name":"Gillian"},
{"id":"729-90-0771","first_name":"Almeda"},
{"id":"117-72-1714","first_name":"Margareta"},
{"id":"810-27-2636","first_name":"Merrick"},
{"id":"675-57-5209","first_name":"Iolande"},
{"id":"168-74-3354","first_name":"Afton"},
{"id":"457-99-1562","first_name":"Fredrika"},
{"id":"141-91-5741","first_name":"Nadeen"},
{"id":"607-85-6549","first_name":"Lizabeth"},
{"id":"603-20-7203","first_name":"Jenni"},
{"id":"758-26-0559","first_name":"Barn"},
{"id":"509-12-0367","first_name":"Davie"},
{"id":"381-37-4848","first_name":"Ailee"},
{"id":"375-30-4173","first_name":"Chris"},
{"id":"390-09-9345","first_name":"Sayers"},
{"id":"341-55-3739","first_name":"Sadella"},
{"id":"133-43-1974","first_name":"Son"},
{"id":"663-36-7044","first_name":"Raynor"},
{"id":"419-46-9919","first_name":"Mariska"},
{"id":"584-11-0248","first_name":"Herb"},
{"id":"717-51-6206","first_name":"Honor"},
{"id":"160-88-1250","first_name":"Ainslee"},
{"id":"409-85-3347","first_name":"Rog"},
{"id":"401-93-6365","first_name":"Dori"},
{"id":"694-84-1272","first_name":"Godart"},
{"id":"587-68-2327","first_name":"Emory"},
{"id":"114-92-1880","first_name":"Marja"},
{"id":"426-57-6975","first_name":"Griffin"},
{"id":"334-17-3203","first_name":"Sinclare"},
{"id":"703-81-0315","first_name":"Kent"},
{"id":"138-48-0049","first_name":"Fonzie"},
{"id":"528-78-9999","first_name":"Alleen"},
{"id":"161-83-5337","first_name":"Margeaux"},
{"id":"609-95-0980","first_name":"Shelbi"},
{"id":"215-69-1443","first_name":"Leanor"},
{"id":"689-31-8342","first_name":"Forbes"},
{"id":"628-13-1495","first_name":"Dael"},
{"id":"863-30-7334","first_name":"Rodrick"},
{"id":"229-10-7316","first_name":"Chris"},
{"id":"574-94-5788","first_name":"Gae"},
{"id":"323-66-2257","first_name":"Gerrilee"},
{"id":"274-03-7283","first_name":"Alford"},
{"id":"390-58-9203","first_name":"Kurtis"},
{"id":"854-29-1852","first_name":"Barrett"},
{"id":"159-52-2045","first_name":"Glennie"},
{"id":"280-84-3812","first_name":"Emyle"},
{"id":"807-94-1304","first_name":"Broderic"},
{"id":"826-50-7152","first_name":"Walton"},
{"id":"121-61-2965","first_name":"Kippie"},
{"id":"414-46-3009","first_name":"Marla"},
{"id":"293-84-8620","first_name":"Elsey"},
{"id":"191-67-8638","first_name":"Emery"},
{"id":"442-33-7852","first_name":"Berke"},
{"id":"502-06-1809","first_name":"Gusty"},
{"id":"133-51-3258","first_name":"Erick"},
{"id":"498-57-6006","first_name":"Pamella"},
{"id":"615-97-4704","first_name":"Catharina"},
{"id":"777-91-9497","first_name":"Nicolas"},
{"id":"544-97-5586","first_name":"Selinda"},
{"id":"717-69-3986","first_name":"Thomasin"},
{"id":"588-32-7850","first_name":"Elli"},
{"id":"629-99-9076","first_name":"Tobias"},
{"id":"489-74-4780","first_name":"Lorry"},
{"id":"716-23-8406","first_name":"Annamarie"},
{"id":"199-93-9182","first_name":"Briana"},
{"id":"140-34-7789","first_name":"Waylin"},
{"id":"347-61-1096","first_name":"Orland"},
{"id":"847-59-0343","first_name":"Danit"},
{"id":"356-17-1132","first_name":"Carlyle"},
{"id":"748-03-8105","first_name":"Lou"},
{"id":"240-87-9359","first_name":"Shanie"},
{"id":"140-49-7820","first_name":"Olav"},
{"id":"709-85-4042","first_name":"Marcela"},
{"id":"116-56-2789","first_name":"Bessie"},
{"id":"435-06-8168","first_name":"Hayyim"},
{"id":"275-31-0011","first_name":"Hercules"},
{"id":"785-52-6566","first_name":"Regine"},
{"id":"856-58-4628","first_name":"Happy"},
{"id":"668-54-4566","first_name":"Silvana"},
{"id":"322-08-0927","first_name":"Johannes"},
{"id":"448-63-8650","first_name":"Perren"},
{"id":"460-53-7642","first_name":"Jocelyne"},
{"id":"720-22-7152","first_name":"Mathilde"},
{"id":"248-58-5403","first_name":"Alanah"}]