[{"id":"129-83-4618","first_name":"Soup - Campbells Pasta Fagioli"},
{"id":"358-53-2683","first_name":"Bread - Pullman, Sliced"},
{"id":"628-11-8329","first_name":"Glaze - Clear"},
{"id":"802-70-1190","first_name":"Pastry - Carrot Muffin - Mini"},
{"id":"528-82-2071","first_name":"Wine - Lamancha Do Crianza"},
{"id":"353-41-1364","first_name":"Yogurt - French Vanilla"},
{"id":"175-45-4501","first_name":"Tilapia - Fillets"},
{"id":"713-37-1994","first_name":"Beef - Ground Lean Fresh"},
{"id":"525-85-8269","first_name":"Wine - Beaujolais Villages"},
{"id":"659-52-2803","first_name":"Breakfast Quesadillas"},
{"id":"558-41-8251","first_name":"Chicken - White Meat With Tender"},
{"id":"635-95-4421","first_name":"Tart Shells - Savory, 3"},
{"id":"603-16-1591","first_name":"Muffin Mix - Morning Glory"},
{"id":"101-67-3135","first_name":"Sausage - Chorizo"},
{"id":"385-19-0777","first_name":"Ketchup - Tomato"},
{"id":"506-76-4819","first_name":"Shichimi Togarashi Peppeers"},
{"id":"410-36-1266","first_name":"Water - Mineral, Natural"},
{"id":"422-06-5481","first_name":"Split Peas - Yellow, Dry"},
{"id":"527-26-2217","first_name":"Bread - Multigrain"},
{"id":"287-62-9951","first_name":"Egg - Salad Premix"},
{"id":"546-24-5877","first_name":"Bread - Pumpernickel"},
{"id":"571-88-9320","first_name":"Peach - Halves"},
{"id":"263-02-8808","first_name":"Peas - Frozen"},
{"id":"161-69-8944","first_name":"Appetizer - Chicken Satay"},
{"id":"360-66-8127","first_name":"Foil Cont Round"},
{"id":"646-69-9367","first_name":"Scallops - 20/30"},
{"id":"876-09-8752","first_name":"Pasta - Orzo, Dry"},
{"id":"390-43-3841","first_name":"Veal - Chops, Split, Frenched"},
{"id":"279-13-0457","first_name":"Sobe - Tropical Energy"},
{"id":"467-93-4474","first_name":"Quiche Assorted"},
{"id":"511-89-9536","first_name":"Cheese - Wine"},
{"id":"657-25-8726","first_name":"Wine - Ice Wine"},
{"id":"183-28-9526","first_name":"Pop - Club Soda Can"},
{"id":"713-19-4334","first_name":"Rice Wine - Aji Mirin"},
{"id":"315-79-8645","first_name":"Vegetable - Base"},
{"id":"360-73-4400","first_name":"Pork Salted Bellies"},
{"id":"692-20-6075","first_name":"Artichokes - Knobless, White"},
{"id":"515-36-7806","first_name":"Iced Tea Concentrate"},
{"id":"592-01-0704","first_name":"Trout - Hot Smkd, Dbl Fillet"},
{"id":"398-60-8940","first_name":"Coffee Cup 12oz 5342cd"},
{"id":"491-48-5790","first_name":"Onions - Vidalia"},
{"id":"292-07-6628","first_name":"Pumpkin - Seed"},
{"id":"640-52-7707","first_name":"Cheese - Grana Padano"},
{"id":"442-49-3953","first_name":"Wine - Port Late Bottled Vintage"},
{"id":"384-21-6428","first_name":"Veal - Ground"},
{"id":"839-30-8470","first_name":"Haggis"},
{"id":"422-11-6972","first_name":"Onions - Dried, Chopped"},
{"id":"158-49-7920","first_name":"Swordfish Loin Portions"},
{"id":"568-81-1906","first_name":"Veal - Insides, Grains"},
{"id":"377-99-9945","first_name":"Juice - V8 Splash"},
{"id":"760-82-3104","first_name":"Juice - Apple, 500 Ml"},
{"id":"269-99-7674","first_name":"Salad Dressing"},
{"id":"605-85-2133","first_name":"Tea - Decaf 1 Cup"},
{"id":"505-82-2614","first_name":"Wine - Tio Pepe Sherry Fino"},
{"id":"497-39-2935","first_name":"Lamb - Loin, Trimmed, Boneless"},
{"id":"702-76-1202","first_name":"Cheese - Ermite Bleu"},
{"id":"121-58-3853","first_name":"The Pop Shoppe - Lime Rickey"},
{"id":"241-08-0830","first_name":"Fish - Scallops, Cold Smoked"},
{"id":"677-18-4557","first_name":"Bread - Flat Bread"},
{"id":"256-66-7909","first_name":"Tomatoes - Diced, Canned"},
{"id":"421-52-2685","first_name":"Glass - Juice Clear 5oz 55005"},
{"id":"781-44-8520","first_name":"Lettuce - Boston Bib"},
{"id":"674-48-6007","first_name":"Duck - Fat"},
{"id":"801-67-6582","first_name":"Bar Mix - Lemon"},
{"id":"731-09-2643","first_name":"Fruit Mix - Light"},
{"id":"291-23-6458","first_name":"Soup - Campbells Mushroom"},
{"id":"600-93-4031","first_name":"Lemon Pepper"},
{"id":"526-09-2650","first_name":"Pizza Pizza Dough"},
{"id":"865-06-3822","first_name":"Flour - So Mix Cake White"},
{"id":"835-93-2722","first_name":"Vinegar - Raspberry"},
{"id":"107-60-4011","first_name":"Wine - Magnotta - Pinot Gris Sr"},
{"id":"104-74-0316","first_name":"Yeast Dry - Fleischman"},
{"id":"790-30-7186","first_name":"Bag Stand"},
{"id":"896-86-7223","first_name":"Pork - Shoulder"},
{"id":"219-34-7894","first_name":"Beans - Wax"},
{"id":"329-82-5256","first_name":"Pastry - Baked Scones - Mini"},
{"id":"413-38-7360","first_name":"Potatoes - Yukon Gold 5 Oz"},
{"id":"137-07-3368","first_name":"Appetizer - Chicken Satay"},
{"id":"305-55-5192","first_name":"Plastic Wrap"},
{"id":"134-62-2208","first_name":"Sausage - Breakfast"},
{"id":"124-88-6534","first_name":"Triple Sec - Mcguinness"},
{"id":"504-75-2520","first_name":"Apple - Granny Smith"},
{"id":"476-05-7326","first_name":"Tomatoes - Heirloom"},
{"id":"478-09-2114","first_name":"Pastry - Apple Large"},
{"id":"328-43-2419","first_name":"Bagelers"},
{"id":"568-96-4161","first_name":"Veal - Brisket, Provimi, Bone - In"},
{"id":"462-30-5924","first_name":"Cafe Royale"},
{"id":"242-06-1219","first_name":"Capers - Pickled"},
{"id":"541-89-5454","first_name":"Brandy Apricot"},
{"id":"425-82-5914","first_name":"Sage Derby"},
{"id":"532-48-2529","first_name":"Truffle Cups - White Paper"},
{"id":"217-01-7804","first_name":"Bread Bowl Plain"},
{"id":"543-34-3627","first_name":"Chips - Doritos"},
{"id":"778-95-8493","first_name":"Wine - Pinot Noir Mondavi Coastal"},
{"id":"423-57-3922","first_name":"Halibut - Whole, Fresh"},
{"id":"433-10-8783","first_name":"Cod - Salted, Boneless"},
{"id":"218-32-5550","first_name":"Garlic - Primerba, Paste"},
{"id":"841-91-3389","first_name":"Dill Weed - Dry"},
{"id":"261-79-5358","first_name":"Eggplant Italian"},
{"id":"515-81-6697","first_name":"Pepper - Green Thai"},
{"id":"640-97-5601","first_name":"Isomalt"},
{"id":"177-11-2670","first_name":"Ocean Spray - Kiwi Strawberry"},
{"id":"310-56-4813","first_name":"Cheese - Parmesan Cubes"},
{"id":"625-69-5578","first_name":"Apricots Fresh"},
{"id":"525-25-5353","first_name":"Gatorade - Xfactor Berry"},
{"id":"643-35-9924","first_name":"Jameson - Irish Whiskey"},
{"id":"512-84-8427","first_name":"Puree - Raspberry"},
{"id":"493-10-6004","first_name":"Tortillas - Flour, 12"},
{"id":"860-41-0384","first_name":"Dehydrated Kelp Kombo"},
{"id":"159-50-6879","first_name":"Beer - Tetleys"},
{"id":"553-96-1931","first_name":"Beef Striploin Aaa"},
{"id":"346-09-7017","first_name":"Mint - Fresh"},
{"id":"630-06-1841","first_name":"Pie Shell - 9"},
{"id":"746-79-6187","first_name":"Tea - Decaf Lipton"},
{"id":"580-25-3743","first_name":"Juice - Apple Cider"},
{"id":"416-83-9997","first_name":"Muffin Mix - Oatmeal"},
{"id":"344-85-3860","first_name":"Bread Ww Cluster"},
{"id":"624-65-2496","first_name":"Muffin Batt - Carrot Spice"},
{"id":"750-30-0216","first_name":"Sprite - 355 Ml"},
{"id":"147-41-5604","first_name":"Magnotta - Bel Paese White"},
{"id":"348-47-2402","first_name":"Pasta - Fett Alfredo, Single Serve"},
{"id":"756-25-6731","first_name":"Flower - Daisies"},
{"id":"138-65-9849","first_name":"Napkin White - Starched"},
{"id":"737-33-9330","first_name":"Lemon Balm - Fresh"},
{"id":"390-92-7736","first_name":"Puree - Mocha"},
{"id":"774-60-4334","first_name":"Pastry - Raisin Muffin - Mini"},
{"id":"867-80-1105","first_name":"Salmon - Sockeye Raw"},
{"id":"894-69-1272","first_name":"Yeast - Fresh, Fleischman"},
{"id":"788-38-8686","first_name":"Veal - Bones"},
{"id":"362-96-7647","first_name":"Clam - Cherrystone"},
{"id":"537-91-1391","first_name":"Wine - Bouchard La Vignee Pinot"},
{"id":"441-71-9326","first_name":"Squash - Sunburst"},
{"id":"329-02-6215","first_name":"Appetizer - Shrimp Puff"},
{"id":"863-40-7764","first_name":"Pastry - Lemon Danish - Mini"},
{"id":"562-17-8043","first_name":"Soup Campbells Mexicali Tortilla"},
{"id":"431-40-3518","first_name":"Grapefruit - Pink"},
{"id":"318-06-8072","first_name":"Bandage - Finger Cots"},
{"id":"740-75-5113","first_name":"Lettuce - Frisee"},
{"id":"230-05-4880","first_name":"Soup - Cream Of Potato / Leek"},
{"id":"104-47-6450","first_name":"Wine - Black Tower Qr"},
{"id":"216-54-8521","first_name":"Jam - Raspberry"},
{"id":"261-85-8675","first_name":"Pork Loin Cutlets"},
{"id":"466-90-9778","first_name":"Dikon"},
{"id":"265-29-4269","first_name":"Wonton Wrappers"},
{"id":"279-75-2529","first_name":"Soup - Campbells Chili Veg"},
{"id":"812-39-7577","first_name":"Juice - Orangina"},
{"id":"124-62-7060","first_name":"Scallops - Live In Shell"},
{"id":"256-11-0687","first_name":"Honey - Lavender"},
{"id":"279-21-0473","first_name":"Sponge Cake Mix - Chocolate"},
{"id":"714-48-5504","first_name":"Sausage - Liver"},
{"id":"800-38-1366","first_name":"Flour - Bran, Red"},
{"id":"752-20-0818","first_name":"Dikon"},
{"id":"643-57-4155","first_name":"Tart Shells - Savory, 3"},
{"id":"872-39-0526","first_name":"Pasta - Linguini, Dry"},
{"id":"699-25-4948","first_name":"Dried Apple"},
{"id":"544-77-6193","first_name":"Mayonnaise"},
{"id":"308-18-0908","first_name":"Cheese - Cheddar, Mild"},
{"id":"849-70-4690","first_name":"Parsnip"},
{"id":"535-39-4439","first_name":"Beef - Tenderloin - Aa"},
{"id":"541-29-7179","first_name":"Cocoa Feuilletine"},
{"id":"690-18-9564","first_name":"Pasta - Rotini, Dry"},
{"id":"760-22-4821","first_name":"Duck - Fat"},
{"id":"879-69-3222","first_name":"Bread - Crumbs, Bulk"},
{"id":"710-38-1510","first_name":"Carbonated Water - Peach"},
{"id":"461-35-2600","first_name":"Otomegusa Dashi Konbu"},
{"id":"781-29-0163","first_name":"Energy Drink - Franks Original"},
{"id":"166-30-2246","first_name":"Magnotta - Bel Paese White"},
{"id":"123-43-4617","first_name":"Cup Translucent 9 Oz"},
{"id":"503-56-8688","first_name":"Wine - White, Lindemans Bin 95"},
{"id":"453-69-3481","first_name":"Flax Seed"},
{"id":"338-86-9506","first_name":"Bread - Multigrain"},
{"id":"382-62-6098","first_name":"Ecolab - Balanced Fusion"},
{"id":"881-41-5637","first_name":"Salsify, Organic"},
{"id":"605-87-0445","first_name":"Coffee - Hazelnut Cream"},
{"id":"174-39-7181","first_name":"Broom - Angled"},
{"id":"807-96-8185","first_name":"Jameson - Irish Whiskey"},
{"id":"259-83-9053","first_name":"Muffin Mix - Corn Harvest"},
{"id":"695-76-8428","first_name":"Cheese - St. Paulin"},
{"id":"829-27-3901","first_name":"Lamb - Loin, Trimmed, Boneless"},
{"id":"700-46-2415","first_name":"Venison - Striploin"},
{"id":"821-95-5115","first_name":"Chicken Breast Halal"},
{"id":"114-51-4767","first_name":"Energy Drink Red Bull"},
{"id":"215-20-0505","first_name":"Cheese - Cheddar, Medium"},
{"id":"786-56-4462","first_name":"Coffee Cup 12oz 5342cd"},
{"id":"319-02-9226","first_name":"Sprouts Dikon"},
{"id":"404-84-2677","first_name":"Beer - Muskoka Cream Ale"},
{"id":"893-14-2484","first_name":"Cookies - Assorted"},
{"id":"269-90-5276","first_name":"Wine - Prosecco Valdobienne"},
{"id":"696-21-3440","first_name":"Cassis"},
{"id":"228-02-7042","first_name":"Nantucket Apple Juice"},
{"id":"393-08-0471","first_name":"Iced Tea - Lemon, 460 Ml"},
{"id":"292-66-4311","first_name":"Wine - Zinfandel Rosenblum"},
{"id":"292-09-6727","first_name":"Crush - Orange, 355ml"},
{"id":"848-25-4130","first_name":"Lid Coffee Cup 8oz Blk"},
{"id":"382-17-1529","first_name":"Currants"},
{"id":"677-44-7625","first_name":"Muffin Batt - Blueberry Passion"},
{"id":"317-38-3474","first_name":"Cheese - Gouda"},
{"id":"335-55-4217","first_name":"Rum - Mount Gay Eclipes"},
{"id":"773-65-2725","first_name":"Danishes - Mini Raspberry"},
{"id":"241-95-1441","first_name":"Instant Coffee"},
{"id":"209-09-7842","first_name":"Sobe - Orange Carrot"},
{"id":"449-78-9072","first_name":"Wine - Chateau Aqueria Tavel"},
{"id":"810-42-3544","first_name":"Table Cloth - 53x69 Colour"},
{"id":"885-37-2373","first_name":"Olives - Stuffed"},
{"id":"506-11-1695","first_name":"Juice - Tomato, 48 Oz"},
{"id":"351-74-3295","first_name":"Milk - Chocolate 500ml"},
{"id":"150-96-1349","first_name":"Salmon - Fillets"},
{"id":"773-42-7698","first_name":"Lemonade - Pineapple Passion"},
{"id":"373-31-0561","first_name":"Oxtail - Cut"},
{"id":"383-70-3196","first_name":"Bagel - 12 Grain Preslice"},
{"id":"716-94-5956","first_name":"Wine - Vovray Sec Domaine Huet"},
{"id":"232-56-8394","first_name":"Rootbeer"},
{"id":"576-18-7951","first_name":"Cheese - Mascarpone"},
{"id":"551-68-0030","first_name":"Coffee - Decafenated"},
{"id":"358-61-7332","first_name":"Jolt Cola"},
{"id":"789-33-4753","first_name":"Muffin Puck Ww Carrot"},
{"id":"677-56-6446","first_name":"Onion Powder"},
{"id":"259-01-6497","first_name":"Eel - Smoked"},
{"id":"113-27-5916","first_name":"Container - Clear 32 Oz"},
{"id":"671-83-4617","first_name":"Bread Bowl Plain"},
{"id":"755-27-9278","first_name":"Oil - Peanut"},
{"id":"103-65-9352","first_name":"Food Colouring - Pink"},
{"id":"337-69-4708","first_name":"Chicken - Whole Fryers"},
{"id":"742-84-5602","first_name":"Beef - Tender Tips"},
{"id":"138-97-6363","first_name":"Juice - Tomato, 10 Oz"},
{"id":"202-62-7772","first_name":"Water - Spring Water, 355 Ml"},
{"id":"483-77-1577","first_name":"Bread - Italian Sesame Poly"},
{"id":"357-65-5346","first_name":"Nantucket - Carrot Orange"},
{"id":"225-45-5688","first_name":"Corn - On The Cob"},
{"id":"782-81-7194","first_name":"Beef - Top Butt"},
{"id":"505-91-5177","first_name":"Pepper - Red, Finger Hot"},
{"id":"387-23-9432","first_name":"Laundry - Bag Cloth"},
{"id":"798-51-3943","first_name":"Juice - V8 Splash"},
{"id":"797-40-8819","first_name":"Rice Pilaf, Dry,package"},
{"id":"653-21-8565","first_name":"Carroway Seed"},
{"id":"633-06-9241","first_name":"Squid - U 5"},
{"id":"594-18-3503","first_name":"Pork Loin Cutlets"},
{"id":"256-73-5453","first_name":"Water - Aquafina Vitamin"},
{"id":"382-68-8985","first_name":"Bread - Rosemary Focaccia"},
{"id":"793-62-7487","first_name":"Lettuce - Red Leaf"},
{"id":"300-60-8625","first_name":"Sage Derby"},
{"id":"467-40-0970","first_name":"Honey - Liquid"},
{"id":"758-43-8963","first_name":"Soup - Campbells, Chix Gumbo"},
{"id":"494-14-2991","first_name":"Juice - Grape, White"},
{"id":"732-47-1650","first_name":"Pail - 15l White, With Handle"},
{"id":"638-79-5132","first_name":"Bar Energy Chocchip"},
{"id":"787-76-4011","first_name":"Bagel - Sesame Seed Presliced"},
{"id":"338-79-9324","first_name":"Sandwich Wrap"},
{"id":"381-48-2287","first_name":"Cinnamon Buns Sticky"},
{"id":"714-66-9331","first_name":"Foil - 4oz Custard Cup"},
{"id":"382-72-6739","first_name":"Corn Kernels - Frozen"},
{"id":"123-43-8460","first_name":"Godiva White Chocolate"},
{"id":"601-58-2849","first_name":"Cookie Double Choco"},
{"id":"105-56-0770","first_name":"Canadian Emmenthal"},
{"id":"327-22-0039","first_name":"Rum - Light, Captain Morgan"},
{"id":"723-81-7438","first_name":"Wine - Lou Black Shiraz"},
{"id":"575-15-6584","first_name":"Creme De Menthe Green"},
{"id":"129-87-5708","first_name":"Soup - Cream Of Broccoli"},
{"id":"375-82-6775","first_name":"Piping Jelly - All Colours"},
{"id":"278-73-0535","first_name":"Nut - Pecan, Pieces"},
{"id":"611-90-0422","first_name":"Pastry - Trippleberry Muffin - Mini"},
{"id":"471-84-2170","first_name":"Sugar - Monocystal / Rock"},
{"id":"305-51-2157","first_name":"Tia Maria"},
{"id":"230-99-8715","first_name":"Beef - Kindney, Whole"},
{"id":"222-52-6151","first_name":"Kaffir Lime Leaves"},
{"id":"764-20-2994","first_name":"Pork - Sausage, Medium"},
{"id":"565-94-0608","first_name":"Parsley - Fresh"},
{"id":"122-03-4560","first_name":"Tortillas - Flour, 8"},
{"id":"312-84-1677","first_name":"Bar Mix - Lemon"},
{"id":"567-03-2074","first_name":"Ham - Virginia"},
{"id":"154-42-9964","first_name":"Vinegar - Champagne"},
{"id":"866-78-2846","first_name":"Cabbage - Red"},
{"id":"844-57-0090","first_name":"Chestnuts - Whole,canned"},
{"id":"395-50-3996","first_name":"Dip - Tapenade"},
{"id":"113-62-3038","first_name":"Syrup - Golden, Lyles"},
{"id":"576-41-5945","first_name":"Milk - 1%"},
{"id":"678-36-0156","first_name":"Wine - Chateau Timberlay"},
{"id":"306-49-7410","first_name":"Pepper - Cubanelle"},
{"id":"801-24-8967","first_name":"Bread - Pain Au Liat X12"},
{"id":"647-41-0126","first_name":"Chips Potato Swt Chilli Sour"},
{"id":"240-54-3431","first_name":"Table Cloth 62x114 White"},
{"id":"657-18-8064","first_name":"Sugar Thermometer"},
{"id":"155-59-9803","first_name":"Wine - Carmenere Casillero Del"},
{"id":"777-96-6689","first_name":"Salmon - Atlantic, Skin On"},
{"id":"100-06-3148","first_name":"Chicken Breast Wing On"},
{"id":"779-74-9929","first_name":"Gherkin"},
{"id":"806-08-1922","first_name":"Foie Gras"},
{"id":"823-97-8152","first_name":"French Pastries"},
{"id":"259-36-5700","first_name":"Creme De Menth - White"},
{"id":"685-33-5326","first_name":"Cookie Dough - Chunky"},
{"id":"472-53-3912","first_name":"Wine - Vineland Estate Semi - Dry"},
{"id":"640-36-9737","first_name":"Tray - 16in Rnd Blk"},
{"id":"653-70-4019","first_name":"Yogurt - Peach, 175 Gr"},
{"id":"440-74-9111","first_name":"Turnip - Mini"},
{"id":"865-43-6193","first_name":"Wine - Toasted Head"},
{"id":"762-37-8602","first_name":"Corn Shoots"},
{"id":"817-82-2172","first_name":"Alize Gold Passion"},
{"id":"818-66-8518","first_name":"Pork - Backfat"},
{"id":"292-29-7890","first_name":"Cocoa Butter"},
{"id":"640-70-4781","first_name":"Aspic - Light"},
{"id":"872-57-7974","first_name":"Wooden Mop Handle"},
{"id":"881-14-5967","first_name":"Cheese - Cambozola"},
{"id":"670-48-2687","first_name":"Tuna - Fresh"},
{"id":"637-20-9429","first_name":"Sauce Tomato Pouch"},
{"id":"389-84-9047","first_name":"Tea - Decaf 1 Cup"},
{"id":"837-51-3124","first_name":"Duck - Legs"},
{"id":"879-29-5903","first_name":"Bacardi Breezer - Strawberry"},
{"id":"813-40-5406","first_name":"Tart - Butter Plain Squares"},
{"id":"799-65-7046","first_name":"Red Pepper Paste"},
{"id":"543-43-2947","first_name":"Beans - Yellow"},
{"id":"810-44-4819","first_name":"Tomatoes - Cherry"},
{"id":"175-07-1824","first_name":"Water - Mineral, Carbonated"},
{"id":"722-21-8670","first_name":"Bread - Calabrese Baguette"},
{"id":"423-56-0210","first_name":"Wine - Champagne Brut Veuve"},
{"id":"545-71-5437","first_name":"Coffee - French Vanilla Frothy"},
{"id":"529-58-4004","first_name":"Longos - Chicken Caeser Salad"},
{"id":"550-20-7487","first_name":"Dikon"},
{"id":"686-49-3331","first_name":"French Kiss Vanilla"},
{"id":"660-13-0988","first_name":"Soup - Knorr, Ministrone"},
{"id":"563-23-6305","first_name":"Cake Slab"},
{"id":"819-18-9040","first_name":"Fish - Soup Base, Bouillon"},
{"id":"469-17-2867","first_name":"Bread - White Mini Epi"},
{"id":"354-34-6387","first_name":"Pastry - Choclate Baked"},
{"id":"558-99-0163","first_name":"Wine - White, Mosel Gold"},
{"id":"217-14-0062","first_name":"Turkey - Breast, Bone - In"},
{"id":"789-34-7827","first_name":"Beer - Sleemans Honey Brown"},
{"id":"896-74-9566","first_name":"Mountain Dew"},
{"id":"897-15-5862","first_name":"Crab - Soft Shell"},
{"id":"533-36-4679","first_name":"Vinegar - Sherry"},
{"id":"109-12-5014","first_name":"Apples - Spartan"},
{"id":"270-87-7885","first_name":"Truffle - Whole Black Peeled"},
{"id":"462-26-9595","first_name":"Doilies - 10, Paper"},
{"id":"233-07-0401","first_name":"Beef - Texas Style Burger"},
{"id":"732-06-4478","first_name":"Cookies Oatmeal Raisin"},
{"id":"782-05-2617","first_name":"Table Cloth 90x90 White"},
{"id":"172-13-8466","first_name":"Tarts Assorted"},
{"id":"142-30-3269","first_name":"Puree - Guava"},
{"id":"654-17-6384","first_name":"Muffin - Zero Transfat"},
{"id":"623-94-9090","first_name":"Blueberries"},
{"id":"147-48-3935","first_name":"Club Soda - Schweppes, 355 Ml"},
{"id":"328-25-0662","first_name":"Cheese - Romano, Grated"},
{"id":"238-47-6011","first_name":"Sprouts - Bean"},
{"id":"508-29-4079","first_name":"Turkey - Breast, Smoked"},
{"id":"641-37-4659","first_name":"Pasta - Cannelloni, Sheets, Fresh"},
{"id":"188-42-7091","first_name":"Cookies - Amaretto"},
{"id":"763-39-6846","first_name":"Saskatoon Berries - Frozen"},
{"id":"389-38-2688","first_name":"Juice - Orange, 341 Ml"},
{"id":"400-89-0098","first_name":"Marsala - Sperone, Fine, D.o.c."},
{"id":"154-53-5432","first_name":"Melon - Honey Dew"},
{"id":"105-66-9153","first_name":"Chicken - Wings, Tip Off"},
{"id":"104-72-8100","first_name":"Shrimp - Baby, Cold Water"},
{"id":"126-48-4700","first_name":"Pears - Anjou"},
{"id":"786-21-6494","first_name":"Vinegar - Red Wine"},
{"id":"331-38-3755","first_name":"Rosemary - Primerba, Paste"},
{"id":"562-72-8799","first_name":"Ecolab - Orange Frc, Cleaner"},
{"id":"685-34-6643","first_name":"Basil - Fresh"},
{"id":"483-74-8599","first_name":"Flour - Strong"},
{"id":"555-96-6116","first_name":"Jolt Cola - Electric Blue"},
{"id":"875-36-5316","first_name":"Venison - Racks Frenched"},
{"id":"516-88-0335","first_name":"Cleaner - Pine Sol"},
{"id":"579-85-9441","first_name":"Sloe Gin - Mcguinness"},
{"id":"420-97-2223","first_name":"Beer - Labatt Blue"},
{"id":"330-93-4216","first_name":"Sage - Ground"},
{"id":"775-77-4210","first_name":"Wine - Chateau Timberlay"},
{"id":"719-60-1785","first_name":"Graham Cracker Mix"},
{"id":"626-42-8258","first_name":"Soup - Boston Clam Chowder"},
{"id":"138-13-1994","first_name":"Sugar - White Packet"},
{"id":"791-77-4297","first_name":"Bread - Roll, Whole Wheat"},
{"id":"777-86-9904","first_name":"Cookie - Oreo 100x2"},
{"id":"626-96-2128","first_name":"Barley - Pearl"},
{"id":"539-61-2817","first_name":"Tarragon - Primerba, Paste"},
{"id":"660-24-1638","first_name":"Campari"},
{"id":"695-19-4939","first_name":"Sprouts - China Rose"},
{"id":"463-09-6917","first_name":"Flour - Bread"},
{"id":"554-32-8600","first_name":"Sugar Thermometer"},
{"id":"795-43-9384","first_name":"Lid Coffeecup 12oz D9542b"},
{"id":"338-99-3772","first_name":"Wine - Rosso Del Veronese Igt"},
{"id":"673-34-5221","first_name":"Sauce - Mint"},
{"id":"572-53-4927","first_name":"Oil - Shortening,liqud, Fry"},
{"id":"125-03-3842","first_name":"Tomatoes Tear Drop"},
{"id":"450-24-1774","first_name":"Appetizer - Asian Shrimp Roll"},
{"id":"789-82-7609","first_name":"Cheese - Cheddarsliced"},
{"id":"158-95-2300","first_name":"Bulgar"},
{"id":"542-37-7346","first_name":"Wine - Tio Pepe Sherry Fino"},
{"id":"344-43-6410","first_name":"Chestnuts - Whole,canned"},
{"id":"464-22-2052","first_name":"Oil - Food, Lacquer Spray"},
{"id":"774-21-0247","first_name":"Cheese - Cream Cheese"},
{"id":"291-47-4513","first_name":"Lemonade - Mandarin, 591 Ml"},
{"id":"226-96-5068","first_name":"Bread - Roll, Canadian Dinner"},
{"id":"874-01-2636","first_name":"Lamb - Shanks"},
{"id":"864-44-3981","first_name":"Mayonnaise"},
{"id":"628-37-0128","first_name":"Longos - Chicken Curried"},
{"id":"721-34-5689","first_name":"Pork - Sausage, Medium"},
{"id":"774-53-5249","first_name":"Melon - Watermelon Yellow"},
{"id":"397-64-1852","first_name":"Nut - Almond, Blanched, Sliced"},
{"id":"246-69-9660","first_name":"Mussels - Frozen"},
{"id":"885-07-1369","first_name":"Sugar - Brown"},
{"id":"713-55-2256","first_name":"Squid - Breaded"},
{"id":"347-27-8058","first_name":"Nantucket Apple Juice"},
{"id":"376-98-4597","first_name":"Milk - 1%"},
{"id":"734-38-8910","first_name":"Pepper - Jalapeno"},
{"id":"639-10-3802","first_name":"Guava"},
{"id":"684-47-0881","first_name":"Wine - White, Ej"},
{"id":"352-90-2481","first_name":"Shrimp - Black Tiger 13/15"},
{"id":"795-08-1147","first_name":"Bread - Kimel Stick Poly"},
{"id":"859-26-4424","first_name":"Shrimp - 100 / 200 Cold Water"},
{"id":"847-48-1056","first_name":"Cleaner - Pine Sol"},
{"id":"174-50-6033","first_name":"V8 Pet"},
{"id":"544-03-3441","first_name":"Basil - Pesto Sauce"},
{"id":"231-02-1649","first_name":"Soup - Beef Conomme, Dry"},
{"id":"880-53-9532","first_name":"Bread - Sour Sticks With Onion"},
{"id":"868-61-4158","first_name":"Stainless Steel Cleaner Vision"},
{"id":"529-82-5349","first_name":"Pie Pecan"},
{"id":"329-37-5169","first_name":"Cheese - Sheep Milk"},
{"id":"560-56-1235","first_name":"Ice Cream Bar - Hagen Daz"},
{"id":"700-59-3971","first_name":"Pepsi, 355 Ml"},
{"id":"266-12-8741","first_name":"Sobe - Liz Blizz"},
{"id":"818-75-6731","first_name":"Aspic - Amber"},
{"id":"655-47-5328","first_name":"Capers - Ox Eye Daisy"},
{"id":"417-66-2336","first_name":"Coffee - French Vanilla Frothy"},
{"id":"812-75-3107","first_name":"Ezy Change Mophandle"},
{"id":"343-76-4431","first_name":"Soup - Cream Of Broccoli"},
{"id":"743-93-4490","first_name":"Foil Wrap"},
{"id":"697-94-3916","first_name":"Wine - Pinot Noir Stoneleigh"},
{"id":"735-25-9455","first_name":"Crab - Back Fin Meat, Canned"},
{"id":"505-20-5685","first_name":"Carbonated Water - Lemon Lime"},
{"id":"408-87-1470","first_name":"Mushroom - Shitake, Fresh"},
{"id":"267-47-8746","first_name":"Wine - Touraine Azay - Le - Rideau"},
{"id":"889-56-2767","first_name":"Silicone Parch. 16.3x24.3"},
{"id":"154-79-4158","first_name":"Puff Pastry - Sheets"},
{"id":"788-79-9257","first_name":"Pasta - Cannelloni, Sheets, Fresh"},
{"id":"802-93-7453","first_name":"Rabbit - Frozen"},
{"id":"323-28-3520","first_name":"Cheese - Sheep Milk"},
{"id":"158-10-4439","first_name":"Flower - Daisies"},
{"id":"408-75-4034","first_name":"Plate Pie Foil"},
{"id":"438-60-2686","first_name":"The Pop Shoppe - Lime Rickey"},
{"id":"683-65-3875","first_name":"Buttons"},
{"id":"854-47-3331","first_name":"Fireball Whisky"},
{"id":"269-80-1895","first_name":"Bread - English Muffin"},
{"id":"268-80-7350","first_name":"Pasta - Bauletti, Chicken White"},
{"id":"589-39-1515","first_name":"Wine - Crozes Hermitage E."},
{"id":"359-90-6015","first_name":"Wine - Two Oceans Sauvignon"},
{"id":"345-33-7181","first_name":"Raisin - Dark"},
{"id":"701-34-8109","first_name":"Rum - Coconut, Malibu"},
{"id":"384-23-2565","first_name":"Ham - Cooked Bayonne Tinned"},
{"id":"699-32-1006","first_name":"Cabbage - Savoy"},
{"id":"531-87-2390","first_name":"Wine - Clavet Saint Emilion"},
{"id":"585-63-6946","first_name":"Pepper - Black, Whole"},
{"id":"478-09-3719","first_name":"Spring Roll Veg Mini"},
{"id":"243-07-5763","first_name":"Coffee - Egg Nog Capuccino"},
{"id":"684-03-8498","first_name":"Cinnamon - Ground"},
{"id":"241-34-0562","first_name":"Wine - White Cab Sauv.on"},
{"id":"886-28-9367","first_name":"Rye Special Old"},
{"id":"116-43-7563","first_name":"Neckerchief Blck"},
{"id":"294-84-8103","first_name":"Calypso - Lemonade"},
{"id":"320-74-7600","first_name":"Towels - Paper / Kraft"},
{"id":"158-02-5145","first_name":"Savory"},
{"id":"382-09-9307","first_name":"Calaloo"},
{"id":"425-01-2678","first_name":"Pasta - Fettuccine, Dry"},
{"id":"214-62-7663","first_name":"Appetizer - Lobster Phyllo Roll"},
{"id":"543-29-2261","first_name":"Bacardi Breezer - Tropical"},
{"id":"684-48-7038","first_name":"Cod - Salted, Boneless"},
{"id":"542-32-9150","first_name":"Pineapple - Regular"},
{"id":"749-30-3781","first_name":"Pork - Ground"},
{"id":"856-15-5071","first_name":"Pork - Back, Long Cut, Boneless"},
{"id":"245-03-0686","first_name":"Sausage - Blood Pudding"},
{"id":"668-12-7111","first_name":"Pasta - Canelloni, Single Serve"},
{"id":"733-75-4427","first_name":"Glass Clear 8 Oz"},
{"id":"396-51-6340","first_name":"Bread - Hot Dog Buns"},
{"id":"480-76-9062","first_name":"Nantucket Orange Juice"},
{"id":"542-55-8642","first_name":"Quiche Assorted"},
{"id":"278-64-4999","first_name":"Beer - Mill St Organic"},
{"id":"203-43-4101","first_name":"Soup - Campbells - Tomato"},
{"id":"576-26-1779","first_name":"Wine - Vovray Sec Domaine Huet"},
{"id":"371-52-7173","first_name":"Chips Potato All Dressed - 43g"},
{"id":"678-94-0455","first_name":"Beans - Kidney, Canned"},
{"id":"453-99-4838","first_name":"Doilies - 10, Paper"},
{"id":"309-18-9014","first_name":"Spice - Paprika"},
{"id":"503-07-0326","first_name":"Water - Mineral, Natural"},
{"id":"684-86-8418","first_name":"Pasta - Elbows, Macaroni, Dry"},
{"id":"794-62-0882","first_name":"Rabbit - Saddles"},
{"id":"314-87-2822","first_name":"Dried Peach"},
{"id":"645-09-3053","first_name":"Broom - Push"},
{"id":"515-69-1482","first_name":"Beef Cheek Fresh"},
{"id":"249-70-9286","first_name":"Sparkling Wine - Rose, Freixenet"},
{"id":"366-07-9462","first_name":"Juice - Grape, White"},
{"id":"530-13-9921","first_name":"Cheese - Gorgonzola"},
{"id":"374-01-2920","first_name":"Olive - Spread Tapenade"},
{"id":"806-05-4955","first_name":"Cheese - La Sauvagine"},
{"id":"321-65-2716","first_name":"Wine - Winzer Krems Gruner"},
{"id":"621-55-2584","first_name":"Gloves - Goldtouch Disposable"},
{"id":"765-12-0028","first_name":"Petit Baguette"},
{"id":"707-36-6803","first_name":"Wine - White Cab Sauv.on"},
{"id":"812-22-7415","first_name":"Soap - Mr.clean Floor Soap"},
{"id":"877-16-9348","first_name":"Beef - Tenderloin Tails"},
{"id":"834-66-2598","first_name":"Milk Powder"},
{"id":"197-62-8748","first_name":"Sproutsmustard Cress"},
{"id":"115-72-3428","first_name":"Cheese - Parmesan Grated"},
{"id":"477-91-0947","first_name":"Wine - Sherry Dry Sack, William"},
{"id":"163-06-7307","first_name":"Juice - Orange 1.89l"},
{"id":"535-91-5026","first_name":"Pan Grease"},
{"id":"191-71-8496","first_name":"Sugar - Fine"},
{"id":"847-33-8351","first_name":"Dc - Sakura Fu"},
{"id":"185-95-8683","first_name":"Hot Choc Vending"},
{"id":"874-70-7822","first_name":"Melon - Honey Dew"},
{"id":"420-60-7643","first_name":"Beef - Ox Tongue, Pickled"},
{"id":"108-70-1275","first_name":"Daikon Radish"},
{"id":"567-29-5153","first_name":"Bulgar"},
{"id":"821-95-7704","first_name":"Mousse - Banana Chocolate"},
{"id":"224-93-2594","first_name":"Table Cloth 54x54 White"},
{"id":"675-17-7274","first_name":"Country Roll"},
{"id":"394-91-5335","first_name":"Muffin - Mix - Strawberry Rhubarb"},
{"id":"629-38-6344","first_name":"Coconut - Shredded, Unsweet"},
{"id":"623-92-8491","first_name":"Ecolab - Solid Fusion"},
{"id":"247-54-4920","first_name":"Brownies - Two Bite, Chocolate"},
{"id":"273-19-6919","first_name":"Juice - Orange 1.89l"},
{"id":"590-34-8685","first_name":"Capon - Breast, Wing On"},
{"id":"213-05-9869","first_name":"Oil - Sesame"},
{"id":"458-92-8397","first_name":"Wine - White Cab Sauv.on"},
{"id":"493-88-8772","first_name":"Scrubbie - Scotchbrite Hand Pad"},
{"id":"821-73-6981","first_name":"Soupcontfoam16oz 116con"},
{"id":"681-44-9428","first_name":"Loquat"},
{"id":"170-61-0895","first_name":"Wine - Chianti Classico Riserva"},
{"id":"309-28-9157","first_name":"Pasta - Fusili, Dry"},
{"id":"734-98-3631","first_name":"Dry Ice"},
{"id":"617-85-4862","first_name":"Flour - Bread"},
{"id":"257-96-8422","first_name":"Beans - Fava, Canned"},
{"id":"294-89-4353","first_name":"Table Cloth 54x72 White"},
{"id":"159-46-9758","first_name":"Tea - Decaf Lipton"},
{"id":"209-52-8034","first_name":"Yeast Dry - Fermipan"},
{"id":"339-89-8964","first_name":"Ham - Virginia"},
{"id":"351-90-4480","first_name":"Pasta - Agnolotti - Butternut"},
{"id":"225-21-0081","first_name":"Nescafe - Frothy French Vanilla"},
{"id":"592-57-1022","first_name":"Monkfish Fresh - Skin Off"},
{"id":"156-85-0013","first_name":"Cheese - Marble"},
{"id":"692-68-1485","first_name":"Beets - Mini Golden"},
{"id":"336-45-6013","first_name":"Bananas"},
{"id":"896-89-3718","first_name":"Beef - Eye Of Round"},
{"id":"317-76-2307","first_name":"Cod - Black Whole Fillet"},
{"id":"418-61-2626","first_name":"Longos - Greek Salad"},
{"id":"614-68-5507","first_name":"Venison - Ground"},
{"id":"246-76-0953","first_name":"Rum - Mount Gay Eclipes"},
{"id":"615-68-9991","first_name":"Uniform Linen Charge"},
{"id":"752-93-5140","first_name":"Star Fruit"},
{"id":"266-72-1479","first_name":"Laundry - Bag Cloth"},
{"id":"723-55-7784","first_name":"Bok Choy - Baby"},
{"id":"254-65-7551","first_name":"Crackers - Soda / Saltins"},
{"id":"179-21-6359","first_name":"Lamb Tenderloin Nz Fr"},
{"id":"113-30-5707","first_name":"Vinegar - Balsamic"},
{"id":"265-46-4928","first_name":"Mushroom - Enoki, Fresh"},
{"id":"412-14-6830","first_name":"Nut - Peanut, Roasted"},
{"id":"388-89-6847","first_name":"Cheese - Roquefort Pappillon"},
{"id":"757-07-2918","first_name":"Juice - V8, Tomato"},
{"id":"422-14-0334","first_name":"Oil - Pumpkinseed"},
{"id":"888-63-0112","first_name":"Sage - Ground"},
{"id":"370-44-2208","first_name":"Sugar - Fine"},
{"id":"443-88-5236","first_name":"Seabream Whole Farmed"},
{"id":"483-54-7677","first_name":"Wine - Sauvignon Blanc Oyster"},
{"id":"228-53-2263","first_name":"Beef - Baby, Liver"},
{"id":"582-82-3104","first_name":"Pepper - Chilli Seeds Mild"},
{"id":"227-02-1131","first_name":"Cleaner - Bleach"},
{"id":"610-93-9789","first_name":"Wine - Marlbourough Sauv Blanc"},
{"id":"765-57-0853","first_name":"Bagel - Sesame Seed Presliced"},
{"id":"484-94-4826","first_name":"Halibut - Steaks"},
{"id":"267-61-4429","first_name":"Cheese - Colby"},
{"id":"164-09-9841","first_name":"Green Tea Refresher"},
{"id":"547-65-9909","first_name":"Sauce - Balsamic Viniagrette"},
{"id":"723-10-2193","first_name":"Cheese - Goat"},
{"id":"384-17-4703","first_name":"Oil - Olive Bertolli"},
{"id":"589-55-3605","first_name":"External Supplier"},
{"id":"840-34-9397","first_name":"Bread - Triangle White"},
{"id":"684-12-1034","first_name":"Beef - Tongue, Cooked"},
{"id":"659-34-1991","first_name":"Potatoes - Fingerling 4 Oz"},
{"id":"494-47-6969","first_name":"Cheese - Comte"},
{"id":"823-11-6834","first_name":"Mop Head - Cotton, 24 Oz"},
{"id":"791-95-5035","first_name":"Energy Drink Bawls"},
{"id":"890-88-6147","first_name":"Shichimi Togarashi Peppeers"},
{"id":"854-18-2827","first_name":"Pasta - Cannelloni, Sheets, Fresh"},
{"id":"876-31-8703","first_name":"Salt - Kosher"},
{"id":"241-90-0708","first_name":"Cup - Translucent 7 Oz Clear"},
{"id":"137-59-9865","first_name":"Filter - Coffee"},
{"id":"698-99-8401","first_name":"Chicken - Livers"},
{"id":"361-07-0340","first_name":"Basil - Dry, Rubbed"},
{"id":"180-74-2205","first_name":"Muffin Hinge - 211n"},
{"id":"887-27-2349","first_name":"Toamtoes 6x7 Select"},
{"id":"603-84-0304","first_name":"Smoked Tongue"},
{"id":"198-53-7536","first_name":"Beer - Mill St Organic"},
{"id":"636-41-5477","first_name":"Wine - Remy Pannier Rose"},
{"id":"241-39-6600","first_name":"Cup - 4oz Translucent"},
{"id":"197-28-3587","first_name":"Broom Handle"},
{"id":"316-93-6609","first_name":"Schnappes - Peach, Walkers"},
{"id":"234-80-1949","first_name":"Tray - 16in Rnd Blk"},
{"id":"646-38-5048","first_name":"Cumin - Ground"},
{"id":"396-58-5190","first_name":"Truffle - Whole Black Peeled"},
{"id":"759-45-1824","first_name":"Pork - Chop, Frenched"},
{"id":"706-53-1089","first_name":"Wiberg Super Cure"},
{"id":"811-14-4239","first_name":"Olives - Black, Pitted"},
{"id":"232-59-6127","first_name":"Rabbit - Saddles"},
{"id":"896-14-5641","first_name":"Onion - Dried"},
{"id":"794-60-7475","first_name":"Vegetable - Base"},
{"id":"547-14-2732","first_name":"Beef - Striploin Aa"},
{"id":"419-89-1019","first_name":"Pastry - Mini French Pastries"},
{"id":"431-35-0533","first_name":"Crush - Orange, 355ml"},
{"id":"625-64-5603","first_name":"Ice Cream Bar - Drumstick"},
{"id":"461-85-0726","first_name":"Chicken Thigh - Bone Out"},
{"id":"275-41-3967","first_name":"Mustard - Individual Pkg"},
{"id":"801-40-9288","first_name":"Pasta - Orecchiette"},
{"id":"516-44-1057","first_name":"Straws - Cocktale"},
{"id":"318-78-3838","first_name":"Pasta - Fettuccine, Dry"},
{"id":"274-52-5516","first_name":"Russian Prince"},
{"id":"873-62-8481","first_name":"Muffin - Mix - Mango Sour Cherry"},
{"id":"198-94-0681","first_name":"Lemon Grass"},
{"id":"765-76-0480","first_name":"Oil - Pumpkinseed"},
{"id":"360-69-7382","first_name":"Island Oasis - Sweet And Sour Mix"},
{"id":"392-94-2554","first_name":"Black Currants"},
{"id":"154-21-9426","first_name":"Cheese - Ricotta"},
{"id":"154-83-1486","first_name":"Wine - Casillero Deldiablo"},
{"id":"249-13-5931","first_name":"Wine - Puligny Montrachet A."},
{"id":"180-71-1806","first_name":"Lamb - Whole, Fresh"},
{"id":"298-01-6666","first_name":"Oil - Margarine"},
{"id":"582-67-3899","first_name":"Broom And Brush Rack Black"},
{"id":"585-84-0224","first_name":"Gloves - Goldtouch Disposable"},
{"id":"793-88-3651","first_name":"Soup - Campbells Mac N Cheese"},
{"id":"487-06-9302","first_name":"Longos - Grilled Chicken With"},
{"id":"852-32-8706","first_name":"Gherkin"},
{"id":"486-18-6240","first_name":"Pie Shell - 5"},
{"id":"856-71-2967","first_name":"Flavouring - Raspberry"},
{"id":"636-77-0098","first_name":"Truffle Cups - Brown"},
{"id":"693-62-8111","first_name":"Wine - Red, Gallo, Merlot"},
{"id":"412-50-2451","first_name":"Tomatoes - Cherry, Yellow"},
{"id":"391-47-3632","first_name":"Laundry - Bag Cloth"},
{"id":"350-74-1456","first_name":"Cauliflower"},
{"id":"503-90-3448","first_name":"Wine - Chablis J Moreau Et Fils"},
{"id":"643-13-9235","first_name":"Wine - Red Oakridge Merlot"},
{"id":"620-14-4003","first_name":"Sea Bass - Fillets"},
{"id":"597-87-0786","first_name":"Sprite - 355 Ml"},
{"id":"843-91-4232","first_name":"Apron"},
{"id":"590-01-5464","first_name":"Isomalt"},
{"id":"736-18-6167","first_name":"Chocolate - Semi Sweet"},
{"id":"820-23-8099","first_name":"Lamb Tenderloin Nz Fr"},
{"id":"502-47-8618","first_name":"Beef Flat Iron Steak"},
{"id":"317-01-3668","first_name":"Tart Shells - Sweet, 4"},
{"id":"536-52-5124","first_name":"Cheese - Valancey"},
{"id":"659-04-4601","first_name":"Mushroom - White Button"},
{"id":"337-01-9979","first_name":"Tortillas - Flour, 8"},
{"id":"624-13-5207","first_name":"Lamb - Sausage Casings"},
{"id":"135-68-5086","first_name":"Tart Shells - Sweet, 4"},
{"id":"769-83-9983","first_name":"Blueberries"},
{"id":"526-99-9830","first_name":"Pork - Bones"},
{"id":"113-95-0122","first_name":"Octopus"},
{"id":"401-83-0335","first_name":"Maple Syrup"},
{"id":"486-21-1986","first_name":"Turkey - Breast, Smoked"},
{"id":"896-35-1269","first_name":"Ecolab - Hand Soap Form Antibac"},
{"id":"280-07-0254","first_name":"Cocktail Napkin Blue"},
{"id":"208-23-3356","first_name":"Arrowroot"},
{"id":"630-72-5944","first_name":"Maple Syrup"},
{"id":"220-50-3590","first_name":"Soup - Knorr, Chicken Noodle"},
{"id":"176-97-8736","first_name":"Beans - Kidney, Red Dry"},
{"id":"601-53-1234","first_name":"Pastry - Banana Muffin - Mini"},
{"id":"249-56-6275","first_name":"Artichokes - Jerusalem"},
{"id":"348-73-1087","first_name":"Mountain Dew"},
{"id":"251-34-6388","first_name":"Wine - Vouvray Cuvee Domaine"},
{"id":"633-78-5597","first_name":"Juice - Apple Cider"},
{"id":"356-93-2463","first_name":"Pork Loin Bine - In Frenched"},
{"id":"243-54-0378","first_name":"Beer - Mill St Organic"},
{"id":"482-05-6099","first_name":"Cheese - Stilton"},
{"id":"127-97-8836","first_name":"Yogurt - Banana, 175 Gr"},
{"id":"114-26-5218","first_name":"Pepsi, 355 Ml"},
{"id":"704-23-1361","first_name":"Container Clear 8 Oz"},
{"id":"802-81-3268","first_name":"Squid U5 - Thailand"},
{"id":"782-12-0634","first_name":"Cookies - Englishbay Wht"},
{"id":"140-27-6366","first_name":"Energy Drink - Franks Original"},
{"id":"741-38-6607","first_name":"Wine - Casillero Deldiablo"},
{"id":"447-99-3264","first_name":"Bread - Wheat Baguette"},
{"id":"729-59-5596","first_name":"Sauce - Gravy, Au Jus, Mix"},
{"id":"171-22-2775","first_name":"Pepper - Chilli Seeds Mild"},
{"id":"101-86-6231","first_name":"Sauce - Mint"},
{"id":"264-76-4483","first_name":"Wine - Chardonnay South"},
{"id":"665-76-6030","first_name":"Shrimp - Baby, Cold Water"},
{"id":"435-64-6016","first_name":"Poppy Seed"},
{"id":"796-21-1554","first_name":"Bread - Rolls, Rye"},
{"id":"597-60-7195","first_name":"Chevril"},
{"id":"803-44-1475","first_name":"Cake - Cake Sheet Macaroon"},
{"id":"539-53-7924","first_name":"Soup - Knorr, Veg / Beef"},
{"id":"286-55-3747","first_name":"Kellogs Raisan Bran Bars"},
{"id":"264-63-5676","first_name":"Doilies - 7, Paper"},
{"id":"132-02-0587","first_name":"Rappini - Andy Boy"},
{"id":"183-34-1811","first_name":"Island Oasis - Pina Colada"},
{"id":"868-81-0006","first_name":"Coffee - Almond Amaretto"},
{"id":"275-66-3596","first_name":"Sobe - Cranberry Grapefruit"},
{"id":"898-85-3506","first_name":"Bread Base - Toscano"},
{"id":"660-77-4114","first_name":"Pear - Prickly"},
{"id":"567-73-0707","first_name":"Bread Cranberry Foccacia"},
{"id":"758-17-4053","first_name":"Soup - Campbells Mac N Cheese"},
{"id":"147-76-7280","first_name":"Quail - Whole, Boneless"},
{"id":"869-97-9192","first_name":"Tart Shells - Sweet, 2"},
{"id":"787-37-0892","first_name":"Shallots"},
{"id":"740-78-1105","first_name":"Red Currant Jelly"},
{"id":"728-37-4461","first_name":"Puree - Pear"},
{"id":"355-92-9896","first_name":"Pastry - Apple Muffins - Mini"},
{"id":"101-53-4915","first_name":"Flower - Dish Garden"},
{"id":"733-82-4692","first_name":"Chicken - Leg / Back Attach"},
{"id":"427-50-9272","first_name":"Flour Pastry Super Fine"},
{"id":"296-74-2330","first_name":"Sea Urchin"},
{"id":"259-45-5307","first_name":"Chips Potato All Dressed - 43g"},
{"id":"302-32-2875","first_name":"Flower - Commercial Bronze"},
{"id":"706-68-0725","first_name":"Soup - Knorr, Ministrone"},
{"id":"547-81-1675","first_name":"Napkin White - Starched"},
{"id":"597-95-2821","first_name":"Pork - Sausage, Medium"},
{"id":"469-07-1777","first_name":"Cod - Salted, Boneless"},
{"id":"404-78-0962","first_name":"Wine - White, Pelee Island"},
{"id":"417-82-9873","first_name":"Bagel - Whole White Sesame"},
{"id":"439-82-0085","first_name":"Wine - Beringer Founders Estate"},
{"id":"519-99-6121","first_name":"Iced Tea Concentrate"},
{"id":"784-97-0071","first_name":"Tea - Black Currant"},
{"id":"533-43-9695","first_name":"Peas Snow"},
{"id":"143-72-3432","first_name":"Stock - Fish"},
{"id":"314-08-9361","first_name":"Ecolab - Hand Soap Form Antibac"},
{"id":"344-70-8030","first_name":"Bag - Bread, White, Plain"},
{"id":"430-12-8250","first_name":"Wine - Harrow Estates, Vidal"},
{"id":"777-79-5154","first_name":"Bread - Granary Small Pull"},
{"id":"788-90-5750","first_name":"Compound - Raspberry"},
{"id":"870-99-7612","first_name":"Cheese - Camembert"},
{"id":"486-03-2977","first_name":"Apple - Custard"},
{"id":"419-38-3230","first_name":"Beer - Blue"},
{"id":"405-24-1046","first_name":"Garbage Bag - Clear"},
{"id":"224-30-4178","first_name":"Thermometer Digital"},
{"id":"800-17-2307","first_name":"Cake - Sheet Strawberry"},
{"id":"793-25-3091","first_name":"Beets"},
{"id":"118-65-0117","first_name":"Fish - Bones"},
{"id":"575-86-6288","first_name":"Lamb - Racks, Frenched"},
{"id":"213-65-1308","first_name":"Greens Mustard"},
{"id":"219-61-1187","first_name":"Momiji Oroshi Chili Sauce"},
{"id":"265-50-3501","first_name":"Chips Potato Reg 43g"},
{"id":"566-85-8976","first_name":"Paste - Black Olive"},
{"id":"562-31-8411","first_name":"Cocktail Napkin Blue"},
{"id":"498-50-7239","first_name":"Muffin Hinge Container 6"},
{"id":"146-41-9758","first_name":"Radish"},
{"id":"208-90-3391","first_name":"Vinegar - Tarragon"},
{"id":"185-14-7822","first_name":"Piping - Bags Quizna"},
{"id":"689-58-7745","first_name":"Towels - Paper / Kraft"},
{"id":"375-25-2616","first_name":"Pork - Butt, Boneless"},
{"id":"587-84-6634","first_name":"Bread - French Stick"},
{"id":"762-23-4945","first_name":"Rum - Spiced, Captain Morgan"},
{"id":"435-03-2362","first_name":"Cheese - Woolwich Goat, Log"},
{"id":"663-34-7138","first_name":"Beef - Striploin Aa"},
{"id":"285-86-3107","first_name":"Pork - Belly Fresh"},
{"id":"110-79-9881","first_name":"True - Vue Containers"},
{"id":"300-11-5907","first_name":"Oregano - Dry, Rubbed"},
{"id":"804-28-2747","first_name":"Lobster - Baby, Boiled"},
{"id":"536-91-4445","first_name":"Dawn Professionl Pot And Pan"},
{"id":"206-41-3857","first_name":"Pepper - Roasted Red"},
{"id":"504-76-3816","first_name":"Tomatoes - Vine Ripe, Yellow"},
{"id":"115-55-5460","first_name":"Basil - Primerba, Paste"},
{"id":"645-64-9983","first_name":"Sea Bass - Whole"},
{"id":"332-81-4182","first_name":"Numi - Assorted Teas"},
{"id":"624-75-5857","first_name":"Pork Loin Bine - In Frenched"},
{"id":"854-61-1959","first_name":"Truffle - Whole Black Peeled"},
{"id":"738-63-7592","first_name":"Apple - Delicious, Golden"},
{"id":"184-91-2451","first_name":"Oil - Hazelnut"},
{"id":"550-22-7170","first_name":"Brownies - Two Bite, Chocolate"},
{"id":"894-49-4816","first_name":"Venison - Racks Frenched"},
{"id":"798-41-2752","first_name":"Cookie Dough - Chocolate Chip"},
{"id":"109-06-5121","first_name":"Vinegar - Sherry"},
{"id":"595-77-2506","first_name":"Basil - Seedlings Cookstown"},
{"id":"220-39-6454","first_name":"Lamb - Loin Chops"},
{"id":"609-12-3869","first_name":"Coffee - Flavoured"},
{"id":"699-42-4734","first_name":"Hold Up Tool Storage Rack"},
{"id":"386-44-5689","first_name":"Tea Peppermint"},
{"id":"869-48-3122","first_name":"Corn - On The Cob"},
{"id":"224-18-5146","first_name":"Pasta - Rotini, Colour, Dry"},
{"id":"425-58-8698","first_name":"Latex Rubber Gloves Size 9"},
{"id":"899-79-8329","first_name":"Crab - Meat Combo"},
{"id":"423-35-7981","first_name":"Garbage Bags - Black"},
{"id":"242-83-9407","first_name":"Tea - Herbal - 6 Asst"},
{"id":"457-83-0331","first_name":"Guinea Fowl"},
{"id":"513-99-6098","first_name":"Garbag Bags - Black"},
{"id":"140-14-0962","first_name":"Wine - Alsace Riesling Reserve"},
{"id":"231-32-4925","first_name":"Water - Spring 1.5lit"},
{"id":"646-75-5377","first_name":"Ecolab Silver Fusion"},
{"id":"807-40-5564","first_name":"Soup Knorr Chili With Beans"},
{"id":"529-58-3569","first_name":"Petit Baguette"},
{"id":"693-31-1261","first_name":"Calypso - Pineapple Passion"},
{"id":"730-76-6498","first_name":"Olives - Black, Pitted"},
{"id":"174-19-0544","first_name":"Mousse - Mango"},
{"id":"341-49-8376","first_name":"Oil - Olive, Extra Virgin"},
{"id":"561-71-9846","first_name":"Potatoes - Instant, Mashed"},
{"id":"753-55-6305","first_name":"Salmon Steak - Cohoe 6 Oz"},
{"id":"229-80-4852","first_name":"Triple Sec - Mcguinness"},
{"id":"105-14-2706","first_name":"Bread - Mini Hamburger Bun"},
{"id":"839-09-6116","first_name":"Tea - Green"},
{"id":"719-49-0624","first_name":"Wine - White, Ej Gallo"},
{"id":"869-11-2517","first_name":"Tortillas - Flour, 8"},
{"id":"808-25-4678","first_name":"Pork - Bacon,back Peameal"},
{"id":"169-11-6254","first_name":"Oats Large Flake"},
{"id":"685-64-6877","first_name":"Olives - Stuffed"},
{"id":"229-51-0202","first_name":"Wine - Acient Coast Caberne"},
{"id":"409-61-0900","first_name":"Pear - Prickly"},
{"id":"746-01-3186","first_name":"Containter - 3oz Microwave Rect."},
{"id":"128-38-2038","first_name":"Bagels Poppyseed"},
{"id":"475-42-1473","first_name":"Ginsing - Fresh"},
{"id":"102-53-4784","first_name":"Sauce Bbq Smokey"},
{"id":"386-41-6477","first_name":"Flavouring - Orange"},
{"id":"732-19-4199","first_name":"Wine - Vidal Icewine Magnotta"},
{"id":"153-57-3255","first_name":"Soup - Knorr, French Onion"},
{"id":"214-06-8845","first_name":"Bay Leaf Fresh"},
{"id":"485-42-2170","first_name":"Pepper - Black, Whole"},
{"id":"645-41-6009","first_name":"Chicken - Ground"},
{"id":"674-17-6404","first_name":"Pepper - Chipotle, Canned"},
{"id":"212-94-5675","first_name":"Danishes - Mini Cheese"},
{"id":"899-67-8048","first_name":"Jello - Assorted"},
{"id":"748-38-4670","first_name":"Crab - Imitation Flakes"},
{"id":"679-52-9296","first_name":"Turnip - Mini"},
{"id":"276-59-6903","first_name":"Lady Fingers"},
{"id":"595-28-6129","first_name":"Capicola - Hot"},
{"id":"379-14-0745","first_name":"Bread - Multigrain"},
{"id":"808-77-6631","first_name":"Parsley - Fresh"},
{"id":"449-64-1966","first_name":"Glass Clear 8 Oz"},
{"id":"173-72-2543","first_name":"Nut - Pistachio, Shelled"},
{"id":"470-12-9862","first_name":"Wine - Clavet Saint Emilion"},
{"id":"724-16-4717","first_name":"Beef - Rib Eye Aaa"},
{"id":"647-69-4110","first_name":"Cheese - Goat"},
{"id":"360-72-2297","first_name":"Pate - Liver"},
{"id":"479-44-7879","first_name":"Pants Custom Dry Clean"},
{"id":"225-47-5892","first_name":"C - Plus, Orange"},
{"id":"212-83-5508","first_name":"Spice - Montreal Steak Spice"},
{"id":"739-46-3201","first_name":"Bread - White Mini Epi"},
{"id":"112-94-4380","first_name":"Milk - Chocolate 500ml"},
{"id":"723-31-0115","first_name":"Wine - Sawmill Creek Autumn"},
{"id":"641-50-2238","first_name":"Lamb - Shoulder"},
{"id":"501-66-1152","first_name":"Veal - Inside, Choice"},
{"id":"181-53-7566","first_name":"Ecolab Crystal Fusion"},
{"id":"155-46-2129","first_name":"Wine - Ruffino Chianti"},
{"id":"861-86-1911","first_name":"Buffalo - Striploin"},
{"id":"599-61-7421","first_name":"Capon - Whole"},
{"id":"818-28-6391","first_name":"Juice - Lagoon Mango"},
{"id":"430-21-5315","first_name":"Carbonated Water - Blackcherry"},
{"id":"214-28-0565","first_name":"Sprouts - Bean"},
{"id":"571-52-4042","first_name":"Star Fruit"},
{"id":"413-56-5674","first_name":"Trueblue - Blueberry Cranberry"},
{"id":"523-64-5409","first_name":"Silicone Parch. 16.3x24.3"},
{"id":"356-93-9310","first_name":"Bread - Crumbs, Bulk"},
{"id":"672-90-3571","first_name":"Coffee - Almond Amaretto"},
{"id":"359-79-8869","first_name":"Wine - Bouchard La Vignee Pinot"},
{"id":"268-26-6009","first_name":"Swordfish Loin Portions"},
{"id":"436-90-3082","first_name":"Wine - Red, Wolf Blass, Yellow"},
{"id":"636-53-2153","first_name":"Cookie Trail Mix"},
{"id":"611-84-8607","first_name":"Veal - Liver"},
{"id":"287-29-2717","first_name":"Curry Powder"},
{"id":"551-78-2460","first_name":"Chips Potato Salt Vinegar 43g"},
{"id":"841-58-5896","first_name":"English Muffin"},
{"id":"629-93-5687","first_name":"Nut - Hazelnut, Whole"},
{"id":"705-25-2507","first_name":"Trueblue - Blueberry"},
{"id":"147-66-2499","first_name":"Rosemary - Fresh"},
{"id":"788-12-6323","first_name":"Wine - Ice Wine"},
{"id":"590-18-9750","first_name":"Bread - Pullman, Sliced"},
{"id":"873-12-6874","first_name":"Skewers - Bamboo"},
{"id":"326-45-0801","first_name":"Tomatoes - Hot House"},
{"id":"189-88-6753","first_name":"Couscous"},
{"id":"426-11-6069","first_name":"Soup - Campbells Chili"},
{"id":"803-95-3225","first_name":"Vinegar - White Wine"},
{"id":"851-55-5526","first_name":"Pork - Sausage, Medium"},
{"id":"237-27-2551","first_name":"Wine - Magnotta - Pinot Gris Sr"},
{"id":"572-31-6838","first_name":"Roe - Lump Fish, Black"},
{"id":"888-78-9492","first_name":"Rootbeer"},
{"id":"373-69-1836","first_name":"Mussels - Frozen"},
{"id":"525-08-3046","first_name":"Flour Dark Rye"},
{"id":"423-19-4586","first_name":"Turkey Leg With Drum And Thigh"},
{"id":"238-78-9034","first_name":"Wine - Savigny - Les - Beaune"},
{"id":"421-87-8482","first_name":"Dawn Professionl Pot And Pan"},
{"id":"704-45-9288","first_name":"Tomatoes - Cherry, Yellow"},
{"id":"767-19-4130","first_name":"Ecolab - Orange Frc, Cleaner"},
{"id":"210-28-1528","first_name":"Pork - Loin, Center Cut"},
{"id":"629-68-4320","first_name":"Momiji Oroshi Chili Sauce"},
{"id":"793-82-8148","first_name":"Bread Crumbs - Japanese Style"},
{"id":"288-39-7520","first_name":"Lettuce - Mini Greens, Whole"},
{"id":"739-89-2847","first_name":"Veal - Insides Provini"},
{"id":"277-34-1727","first_name":"Muffin Batt - Carrot Spice"},
{"id":"368-98-3505","first_name":"Phyllo Dough"},
{"id":"168-56-8536","first_name":"Fish - Soup Base, Bouillon"},
{"id":"296-28-9102","first_name":"Wine - White, Schroder And Schyl"},
{"id":"660-46-4494","first_name":"Carbonated Water - Blackberry"},
{"id":"237-09-1741","first_name":"Soup Bowl Clear 8oz92008"},
{"id":"669-49-7439","first_name":"Curry Powder"},
{"id":"318-84-7654","first_name":"Water - Aquafina Vitamin"},
{"id":"844-18-4145","first_name":"Lettuce Romaine Chopped"},
{"id":"862-64-8119","first_name":"Cream - 10%"},
{"id":"121-18-8851","first_name":"Apples - Spartan"},
{"id":"599-98-2270","first_name":"Wine - Two Oceans Sauvignon"},
{"id":"223-66-3730","first_name":"Wine - Magnotta - Bel Paese White"},
{"id":"419-70-0009","first_name":"Pimento - Canned"},
{"id":"160-90-5597","first_name":"Sauce - Mint"},
{"id":"837-87-0917","first_name":"Heavy Duty Dust Pan"},
{"id":"627-34-3072","first_name":"Water - Evian 355 Ml"},
{"id":"472-92-2972","first_name":"Carrots - Mini Red Organic"},
{"id":"307-59-7132","first_name":"Swiss Chard"},
{"id":"741-75-5730","first_name":"Beef - Eye Of Round"},
{"id":"564-10-7257","first_name":"Creamers - 10%"},
{"id":"793-51-9946","first_name":"Island Oasis - Raspberry"},
{"id":"646-70-7633","first_name":"Water - Spring Water 500ml"},
{"id":"360-31-6130","first_name":"Trout - Smoked"},
{"id":"523-71-6322","first_name":"Wine - White, Cooking"},
{"id":"614-87-8989","first_name":"Sour Puss Sour Apple"},
{"id":"131-40-7504","first_name":"Sausage - Blood Pudding"},
{"id":"158-15-1986","first_name":"Mustard - Pommery"},
{"id":"166-25-1224","first_name":"Lid - High Heat, Super Clear"},
{"id":"799-89-6423","first_name":"Ecolab - Balanced Fusion"},
{"id":"393-35-3841","first_name":"Coffee - Ristretto Coffee Capsule"},
{"id":"338-64-5596","first_name":"Gatorade - Xfactor Berry"},
{"id":"752-72-8908","first_name":"Lamb Rack - Ontario"},
{"id":"431-02-4891","first_name":"Wine - Barbera Alba Doc 2001"},
{"id":"126-73-3022","first_name":"Rice - Sushi"},
{"id":"329-52-4271","first_name":"Oil - Olive Bertolli"},
{"id":"513-86-5307","first_name":"Yogurt - Plain"},
{"id":"331-86-8893","first_name":"Lobster - Cooked"},
{"id":"619-38-8652","first_name":"Ice Cream Bar - Drumstick"},
{"id":"339-50-0401","first_name":"Soup Campbells"},
{"id":"191-15-9715","first_name":"Soup - Chicken And Wild Rice"},
{"id":"894-70-4567","first_name":"Cheese - La Sauvagine"},
{"id":"436-44-3069","first_name":"Mangoes"},
{"id":"563-29-7613","first_name":"Wasabi Powder"},
{"id":"839-96-9269","first_name":"Shrimp - 100 / 200 Cold Water"},
{"id":"406-80-1310","first_name":"Lettuce - Frisee"},
{"id":"193-24-4136","first_name":"Sponge Cake Mix - Chocolate"},
{"id":"385-50-5785","first_name":"Spring Roll Wrappers"},
{"id":"344-95-4956","first_name":"Heavy Duty Dust Pan"},
{"id":"155-20-5562","first_name":"Wine - Segura Viudas Aria Brut"},
{"id":"544-36-9960","first_name":"Lumpfish Black"},
{"id":"651-63-1015","first_name":"Icecream Cone - Areo Chocolate"},
{"id":"760-29-9392","first_name":"Truffle Cups Green"},
{"id":"672-03-7209","first_name":"Kippers - Smoked"},
{"id":"491-51-5529","first_name":"Wine - Vineland Estate Semi - Dry"},
{"id":"489-02-0528","first_name":"Vaccum Bag - 14x20"},
{"id":"270-72-3482","first_name":"Garbag Bags - Black"},
{"id":"264-71-0133","first_name":"Pastry - Chocolate Chip Muffin"},
{"id":"874-85-9715","first_name":"Beef - Top Butt Aaa"},
{"id":"306-32-0598","first_name":"Beans - Long, Chinese"},
{"id":"178-37-7951","first_name":"Dill Weed - Fresh"},
{"id":"822-13-6765","first_name":"Bread - Frozen Basket Variety"},
{"id":"227-72-5706","first_name":"Dome Lid Clear P92008h"},
{"id":"684-44-2675","first_name":"Corn Syrup"},
{"id":"313-18-1399","first_name":"Cod - Black Whole Fillet"},
{"id":"194-76-2094","first_name":"Roe - Lump Fish, Red"},
{"id":"850-02-7478","first_name":"Sobe - Green Tea"},
{"id":"609-13-6812","first_name":"Shrimp - 16 - 20 Cooked, Peeled"},
{"id":"429-61-8777","first_name":"Puree - Blackcurrant"},
{"id":"678-42-7931","first_name":"Cocoa Powder - Natural"},
{"id":"848-03-9933","first_name":"Lettuce - Green Leaf"},
{"id":"648-94-2287","first_name":"Sole - Fillet"},
{"id":"384-38-2700","first_name":"Tortillas - Flour, 10"},
{"id":"437-64-7437","first_name":"Spice - Onion Powder Granulated"},
{"id":"222-37-7787","first_name":"Oil - Pumpkinseed"},
{"id":"899-52-6204","first_name":"Pork - Tenderloin, Frozen"},
{"id":"338-57-6975","first_name":"Beef - Short Loin"},
{"id":"103-91-3927","first_name":"Bar Bran Honey Nut"},
{"id":"431-89-8973","first_name":"Wine - Riesling Dr. Pauly"},
{"id":"440-08-6798","first_name":"Chutney Sauce - Mango"},
{"id":"740-38-6984","first_name":"Wine - Sherry Dry Sack, William"},
{"id":"835-75-5020","first_name":"The Pop Shoppe - Grape"},
{"id":"106-41-8711","first_name":"Rum - Dark, Bacardi, Black"},
{"id":"793-32-7723","first_name":"Beans - Black Bean, Dry"},
{"id":"770-76-8109","first_name":"Doilies - 8, Paper"},
{"id":"805-66-2289","first_name":"Calaloo"},
{"id":"391-31-6027","first_name":"Cabbage - Green"},
{"id":"348-03-8776","first_name":"Wine - Cava Aria Estate Brut"},
{"id":"258-27-6662","first_name":"Nantuket Peach Orange"},
{"id":"327-24-0718","first_name":"Pasta - Fett Alfredo, Single Serve"},
{"id":"621-96-2297","first_name":"Beer - Heinekin"},
{"id":"395-42-7358","first_name":"Pasta - Canelloni, Single Serve"},
{"id":"559-60-6081","first_name":"The Pop Shoppe Pinapple"},
{"id":"611-67-3893","first_name":"Grapefruit - White"},
{"id":"604-73-9213","first_name":"Sauce - Marinara"},
{"id":"859-17-5106","first_name":"Vinegar - Cider"},
{"id":"126-30-4207","first_name":"Bread - Triangle White"},
{"id":"358-11-2410","first_name":"Sprouts Dikon"},
{"id":"512-10-5351","first_name":"Allspice - Jamaican"},
{"id":"714-32-3535","first_name":"Octopus - Baby, Cleaned"},
{"id":"326-25-5725","first_name":"Cheese - Le Cru Du Clocher"},
{"id":"824-81-7622","first_name":"Compound - Pear"},
{"id":"453-57-7383","first_name":"Muffin - Banana Nut Individual"},
{"id":"826-79-9034","first_name":"Mustard - Dijon"},
{"id":"754-89-9161","first_name":"Shrimp - 16/20, Peeled Deviened"},
{"id":"444-66-8007","first_name":"Food Colouring - Pink"},
{"id":"104-88-8602","first_name":"Kumquat"},
{"id":"358-31-1737","first_name":"Steel Wool"},
{"id":"575-36-7730","first_name":"Flour - Bran, Red"},
{"id":"236-26-1438","first_name":"Chickhen - Chicken Phyllo"},
{"id":"338-05-9025","first_name":"Sloe Gin - Mcguinness"},
{"id":"830-86-7031","first_name":"Rice - Sushi"},
{"id":"776-06-9402","first_name":"Pepper - Roasted Red"},
{"id":"762-37-5759","first_name":"Trout - Rainbow, Fresh"},
{"id":"578-64-1153","first_name":"Beans - Fava Fresh"},
{"id":"222-51-5217","first_name":"Ice Cream - Vanilla"},
{"id":"810-71-8609","first_name":"Table Cloth 90x90 White"},
{"id":"561-10-2867","first_name":"Mushroom - Chanterelle, Dry"},
{"id":"479-87-4179","first_name":"Coffee - Ristretto Coffee Capsule"},
{"id":"121-03-9289","first_name":"Cookie - Dough Variety"},
{"id":"256-06-3383","first_name":"French Kiss Vanilla"},
{"id":"129-06-7191","first_name":"Praline Paste"},
{"id":"405-31-4519","first_name":"Banana Turning"}]