[{"id":"408-87-4781","first_name":"Food Colouring - Green"},
{"id":"460-03-8763","first_name":"Red Currant Jelly"},
{"id":"708-66-8433","first_name":"Jolt Cola - Electric Blue"},
{"id":"604-71-5203","first_name":"Table Cloth 90x90 Colour"},
{"id":"472-18-0146","first_name":"Trout Rainbow Whole"},
{"id":"297-52-6165","first_name":"Ice - Clear, 300 Lb For Carving"},
{"id":"755-10-7235","first_name":"Water - Spring Water, 355 Ml"},
{"id":"280-37-1753","first_name":"Cotton Wet Mop 16 Oz"},
{"id":"751-40-6463","first_name":"Beer - Camerons Cream Ale"},
{"id":"610-64-1503","first_name":"Cassis"},
{"id":"359-24-6908","first_name":"Milk - 2%"},
{"id":"483-27-9971","first_name":"Bread - Bagels, Plain"},
{"id":"686-42-2729","first_name":"Tea - Herbal - 6 Asst"},
{"id":"769-91-9452","first_name":"Tamarind Paste"},
{"id":"600-24-4576","first_name":"Wheat - Soft Kernal Of Wheat"},
{"id":"702-63-0158","first_name":"Bay Leaf Ground"},
{"id":"245-11-6393","first_name":"Juice - Clamato, 341 Ml"},
{"id":"569-20-9196","first_name":"Tomatoes - Yellow Hot House"},
{"id":"876-36-7145","first_name":"Shrimp - 21/25, Peel And Deviened"},
{"id":"392-22-6989","first_name":"Anchovy Fillets"},
{"id":"607-75-0831","first_name":"Chutney Sauce"},
{"id":"821-55-1078","first_name":"Wine - Kwv Chenin Blanc South"},
{"id":"718-42-1035","first_name":"Salt And Pepper Mix - Black"},
{"id":"477-01-1180","first_name":"Cake - Cheese Cake 9 Inch"},
{"id":"524-89-5061","first_name":"Beets - Golden"},
{"id":"808-33-3167","first_name":"Shrimp - Baby, Warm Water"},
{"id":"338-86-9448","first_name":"Cod - Salted, Boneless"},
{"id":"128-65-8627","first_name":"Mousse - Banana Chocolate"},
{"id":"380-33-7678","first_name":"Chocolate - Milk Coating"},
{"id":"401-54-6488","first_name":"Bread - Ciabatta Buns"},
{"id":"796-36-4631","first_name":"Mushroom - Portebello"},
{"id":"807-11-5820","first_name":"Rice - Sushi"},
{"id":"589-72-9857","first_name":"Soup - Base Broth Chix"},
{"id":"269-24-9444","first_name":"Appetizer - Veg Assortment"},
{"id":"257-85-1444","first_name":"Catfish - Fillets"},
{"id":"505-06-7675","first_name":"Saskatoon Berries - Frozen"},
{"id":"636-33-7068","first_name":"Onions - Pearl"},
{"id":"362-25-3138","first_name":"Beer - Tetleys"},
{"id":"879-31-5750","first_name":"Cheese - Swiss"},
{"id":"525-53-2582","first_name":"Versatainer Nc - 888"},
{"id":"417-70-3613","first_name":"Schnappes - Peach, Walkers"},
{"id":"668-49-1877","first_name":"Pepper - Julienne, Frozen"},
{"id":"507-21-1892","first_name":"Buffalo - Short Rib Fresh"},
{"id":"336-35-6445","first_name":"Wine - Chardonnay South"},
{"id":"737-85-7512","first_name":"Paper Towel Touchless"},
{"id":"196-81-3033","first_name":"Table Cloth 62x120 Colour"},
{"id":"140-24-0325","first_name":"Everfresh Products"},
{"id":"281-44-2704","first_name":"Wine - Rosso Toscano Igt"},
{"id":"554-16-2577","first_name":"Beef Tenderloin Aaa"},
{"id":"112-29-9509","first_name":"Wine - Ice Wine"},
{"id":"826-14-9090","first_name":"Spice - Paprika"},
{"id":"375-87-8377","first_name":"Tuna - Salad Premix"},
{"id":"559-37-4586","first_name":"Dish Towel"},
{"id":"872-19-8279","first_name":"Cheese - Mozzarella, Shredded"},
{"id":"477-28-2612","first_name":"Bread - Italian Roll With Herbs"},
{"id":"180-20-4358","first_name":"Compound - Pear"},
{"id":"176-56-7123","first_name":"Ham - Procutinni"},
{"id":"532-42-4946","first_name":"Steel Wool"},
{"id":"720-33-3200","first_name":"Potato - Sweet"},
{"id":"546-46-9824","first_name":"Beef - Striploin"},
{"id":"626-91-5984","first_name":"Pear - Packum"},
{"id":"856-71-5178","first_name":"Lettuce - Escarole"},
{"id":"512-29-8466","first_name":"Fish - Atlantic Salmon, Cold"},
{"id":"412-52-1859","first_name":"Lemonade - Natural, 591 Ml"},
{"id":"627-74-4679","first_name":"Cheese - Grana Padano"},
{"id":"570-60-2728","first_name":"Huck Towels White"},
{"id":"667-23-3969","first_name":"Bread Base - Toscano"},
{"id":"352-30-8427","first_name":"Soup - Cream Of Broccoli"},
{"id":"686-43-3678","first_name":"Godiva White Chocolate"},
{"id":"576-29-6970","first_name":"Rice Pilaf, Dry,package"},
{"id":"815-29-4457","first_name":"Tea - Lemon Green Tea"},
{"id":"242-75-5642","first_name":"Chips Potato Salt Vinegar 43g"},
{"id":"144-38-4675","first_name":"Beef - Striploin Aa"},
{"id":"731-98-7465","first_name":"Beer - Guiness"},
{"id":"487-49-3209","first_name":"Milk - 1%"},
{"id":"810-54-6788","first_name":"Bar Mix - Pina Colada, 355 Ml"},
{"id":"879-01-2251","first_name":"Pepper - Yellow Bell"},
{"id":"344-84-8962","first_name":"Table Cloth - 53x69 Colour"},
{"id":"352-32-5924","first_name":"Sage - Ground"},
{"id":"282-43-6849","first_name":"Cheese - Cottage Cheese"},
{"id":"437-35-3602","first_name":"Tequila - Sauza Silver"},
{"id":"310-65-5279","first_name":"Bread Country Roll"},
{"id":"314-48-4952","first_name":"Bar Mix - Lemon"},
{"id":"789-16-3427","first_name":"Beef - Prime Rib Aaa"},
{"id":"802-25-8137","first_name":"Pears - Bartlett"},
{"id":"686-70-0189","first_name":"Radish"},
{"id":"733-77-9150","first_name":"Cranberries - Dry"},
{"id":"820-67-8745","first_name":"Cookie - Oreo 100x2"},
{"id":"584-28-0590","first_name":"Bar Energy Chocchip"},
{"id":"305-74-5990","first_name":"Ice Cream - Fudge Bars"},
{"id":"121-51-6054","first_name":"Grapes - Red"},
{"id":"542-86-6904","first_name":"Mikes Hard Lemonade"},
{"id":"110-15-0112","first_name":"Chips Potato All Dressed - 43g"},
{"id":"223-64-2344","first_name":"Cake - Night And Day Choclate"},
{"id":"119-48-9891","first_name":"Pasta - Gnocchi, Potato"},
{"id":"120-38-7662","first_name":"Nestea - Ice Tea, Diet"},
{"id":"472-42-1256","first_name":"Blueberries"},
{"id":"715-92-3013","first_name":"Ice Cream Bar - Hagen Daz"},
{"id":"601-25-4374","first_name":"Wine - White, Ej Gallo"},
{"id":"687-74-9275","first_name":"Flour Dark Rye"},
{"id":"679-79-7566","first_name":"Pickle - Dill"},
{"id":"674-81-6162","first_name":"Basil - Pesto Sauce"},
{"id":"166-83-5117","first_name":"Dr. Pepper - 355ml"},
{"id":"862-93-4570","first_name":"Truffle Cups - White Paper"},
{"id":"209-56-1257","first_name":"Wine - Segura Viudas Aria Brut"},
{"id":"742-55-5017","first_name":"Beer - Mcauslan Apricot"},
{"id":"461-25-6586","first_name":"Jolt Cola - Red Eye"},
{"id":"734-10-1301","first_name":"Appetiser - Bought"},
{"id":"115-93-4628","first_name":"Wine - Chateau Aqueria Tavel"},
{"id":"815-48-9763","first_name":"Onions - Cooking"},
{"id":"545-35-1861","first_name":"Walkers Special Old Whiskey"},
{"id":"379-86-0846","first_name":"Foil Wrap"},
{"id":"659-51-6495","first_name":"Tarts Assorted"},
{"id":"713-93-3561","first_name":"Sping Loaded Cup Dispenser"},
{"id":"202-42-0365","first_name":"Dip - Tapenade"},
{"id":"361-86-9528","first_name":"Wine - Acient Coast Caberne"},
{"id":"896-49-1104","first_name":"Pesto - Primerba, Paste"},
{"id":"278-33-1891","first_name":"Beef - Chuck, Boneless"},
{"id":"807-27-1473","first_name":"Cheese - Swiss"},
{"id":"711-86-3516","first_name":"English Muffin"},
{"id":"292-80-6986","first_name":"Calaloo"},
{"id":"619-70-1298","first_name":"Pork - Hock And Feet Attached"},
{"id":"220-67-5332","first_name":"Beef - Ox Tongue"},
{"id":"142-42-0366","first_name":"Capon - Breast, Double, Wing On"},
{"id":"331-72-0889","first_name":"Bandage - Fexible 1x3"},
{"id":"544-14-6589","first_name":"Grapes - Green"},
{"id":"267-93-9574","first_name":"Beef Flat Iron Steak"},
{"id":"340-51-8985","first_name":"Tea - Orange Pekoe"},
{"id":"106-09-3883","first_name":"Crush - Grape, 355 Ml"},
{"id":"619-49-7293","first_name":"Salmon - Atlantic, Fresh, Whole"},
{"id":"401-49-4664","first_name":"Cafe Royale"},
{"id":"346-22-3509","first_name":"Pastry - Lemon Danish - Mini"},
{"id":"488-26-6517","first_name":"Oil - Sesame"},
{"id":"671-86-4011","first_name":"Rum - Coconut, Malibu"},
{"id":"369-17-6648","first_name":"Capon - Breast, Double, Wing On"},
{"id":"482-03-2988","first_name":"Bread - Rolls, Corn"},
{"id":"142-52-6244","first_name":"Browning Caramel Glace"},
{"id":"239-95-9960","first_name":"Garbage Bags - Clear"},
{"id":"470-38-5251","first_name":"Sobe - Lizard Fuel"},
{"id":"422-21-4085","first_name":"Pastry - Banana Tea Loaf"},
{"id":"767-42-3246","first_name":"Tray - 16in Rnd Blk"},
{"id":"102-95-1388","first_name":"Wine - Two Oceans Cabernet"},
{"id":"761-18-2251","first_name":"Doilies - 5, Paper"},
{"id":"183-43-0435","first_name":"Daikon Radish"},
{"id":"512-10-0395","first_name":"Ham - Cooked Bayonne Tinned"},
{"id":"252-92-0910","first_name":"Tomatoes - Vine Ripe, Yellow"},
{"id":"759-18-7028","first_name":"Juice - Apple, 500 Ml"},
{"id":"425-03-3212","first_name":"Sage - Fresh"},
{"id":"191-32-0570","first_name":"Olives - Black, Pitted"},
{"id":"161-17-5724","first_name":"Beer - Steamwhistle"},
{"id":"379-77-7639","first_name":"Squid U5 - Thailand"},
{"id":"454-66-1783","first_name":"Pastry - Banana Tea Loaf"},
{"id":"674-28-8655","first_name":"Kellogs Special K Cereal"},
{"id":"132-36-1496","first_name":"Jolt Cola - Electric Blue"},
{"id":"328-72-1876","first_name":"Lamb - Leg, Diced"},
{"id":"737-90-0985","first_name":"Beer - Alexander Kieths, Pale Ale"},
{"id":"524-85-6249","first_name":"Olives - Kalamata"},
{"id":"601-76-5286","first_name":"Rabbit - Legs"},
{"id":"567-87-5181","first_name":"Vermouth - White, Cinzano"},
{"id":"745-77-2498","first_name":"Cookie Double Choco"},
{"id":"817-73-2971","first_name":"Stock - Fish"},
{"id":"354-58-1562","first_name":"Water - Perrier"},
{"id":"557-28-1746","first_name":"Munchies Honey Sweet Trail Mix"},
{"id":"850-17-0154","first_name":"Chivas Regal - 12 Year Old"},
{"id":"702-23-7450","first_name":"Gingerale - Diet - Schweppes"},
{"id":"115-51-5038","first_name":"Hinge W Undercut"},
{"id":"662-34-3057","first_name":"Nut - Pine Nuts, Whole"},
{"id":"185-06-1081","first_name":"Apricots - Halves"},
{"id":"506-69-4202","first_name":"Bread - Granary Small Pull"},
{"id":"528-05-3115","first_name":"Appetizer - Seafood Assortment"},
{"id":"724-88-8828","first_name":"Shrimp - 16/20, Peeled Deviened"},
{"id":"555-34-7273","first_name":"Bread - Crumbs, Bulk"},
{"id":"328-24-2080","first_name":"Wine - Red, Mosaic Zweigelt"},
{"id":"780-19-2948","first_name":"Napkin White"},
{"id":"458-50-7005","first_name":"Cup - 6oz, Foam"},
{"id":"866-86-0861","first_name":"Sherry - Dry"},
{"id":"303-44-3652","first_name":"Oil - Shortening,liqud, Fry"},
{"id":"236-35-2710","first_name":"Tuna - Yellowfin"},
{"id":"515-04-2519","first_name":"Cream - 10%"},
{"id":"467-08-6518","first_name":"Marjoram - Fresh"},
{"id":"244-52-4846","first_name":"Cheese - La Sauvagine"},
{"id":"873-43-6471","first_name":"Veal - Heart"},
{"id":"564-99-9826","first_name":"Ice Cream - Fudge Bars"},
{"id":"753-84-3327","first_name":"Salt - Sea"},
{"id":"385-89-8614","first_name":"Ecolab - Hobart Washarm End Cap"},
{"id":"105-73-9322","first_name":"Bananas"},
{"id":"549-20-9926","first_name":"Napkin - Beverge, White 2 - Ply"},
{"id":"289-75-8299","first_name":"Muffin Carrot - Individual"},
{"id":"288-11-5378","first_name":"Momiji Oroshi Chili Sauce"},
{"id":"616-85-4395","first_name":"Cheese - Cottage Cheese"},
{"id":"411-59-9554","first_name":"Stock - Fish"},
{"id":"581-50-0926","first_name":"Stock - Chicken, White"},
{"id":"473-93-1209","first_name":"Cookie Dough - Double"},
{"id":"636-68-7590","first_name":"Lobster - Live"},
{"id":"465-22-8196","first_name":"Beef - Short Ribs"},
{"id":"504-42-7448","first_name":"Ecolab - Ster Bac"},
{"id":"812-02-2102","first_name":"Slt - Individual Portions"},
{"id":"225-03-9267","first_name":"Olives - Kalamata"},
{"id":"346-90-2337","first_name":"Spice - Pepper Portions"},
{"id":"756-93-1201","first_name":"Water - Spring Water, 355 Ml"},
{"id":"538-41-3558","first_name":"Pears - Anjou"},
{"id":"102-10-2584","first_name":"Beef - Bresaola"},
{"id":"738-54-3105","first_name":"Creme De Cacao Mcguines"},
{"id":"661-40-4855","first_name":"Gatorade - Xfactor Berry"},
{"id":"186-18-6271","first_name":"Bread - White Mini Epi"},
{"id":"406-98-9624","first_name":"Wine - Red, Gallo, Merlot"},
{"id":"345-85-0673","first_name":"Creme De Menthe Green"},
{"id":"178-20-5107","first_name":"Cheese - Marble"},
{"id":"291-95-4482","first_name":"Gingerale - Diet - Schweppes"},
{"id":"899-54-9037","first_name":"Coffee - Beans, Whole"},
{"id":"214-07-3186","first_name":"Juice - Prune"},
{"id":"115-12-8985","first_name":"Heavy Duty Dust Pan"},
{"id":"605-78-2211","first_name":"Oil - Coconut"},
{"id":"266-55-1805","first_name":"Mix - Cocktail Ice Cream"},
{"id":"849-07-1541","first_name":"Rum - Cream, Amarula"},
{"id":"749-32-2583","first_name":"Chinese Foods - Chicken"},
{"id":"797-41-2380","first_name":"Steampan - Half Size Shallow"},
{"id":"821-60-2790","first_name":"Laundry - Bag Cloth"},
{"id":"861-22-4260","first_name":"Clementine"},
{"id":"626-57-0982","first_name":"Table Cloth 90x90 Colour"},
{"id":"758-57-6745","first_name":"Mustard - Dry, Powder"},
{"id":"896-38-0959","first_name":"Sausage - Chorizo"},
{"id":"424-83-3878","first_name":"Silicone Paper 16.5x24"},
{"id":"329-16-5508","first_name":"Vodka - Smirnoff"},
{"id":"506-06-9324","first_name":"Cheese - Mix"},
{"id":"433-08-0935","first_name":"Tart - Pecan Butter Squares"},
{"id":"173-03-4823","first_name":"Bag - Clear 7 Lb"},
{"id":"627-36-6574","first_name":"Mousse - Mango"},
{"id":"445-04-0359","first_name":"Cheese - Brie,danish"},
{"id":"619-98-0512","first_name":"Food Colouring - Red"},
{"id":"729-53-8669","first_name":"Rootbeer"},
{"id":"629-32-9927","first_name":"Iced Tea Concentrate"},
{"id":"233-04-3710","first_name":"Liners - Baking Cups"},
{"id":"176-60-9573","first_name":"Nestea - Iced Tea"},
{"id":"385-93-5660","first_name":"Kaffir Lime Leaves"},
{"id":"877-46-8603","first_name":"Salmon - Whole, 4 - 6 Pounds"},
{"id":"344-91-2805","first_name":"Carbonated Water - Blackcherry"},
{"id":"746-04-4614","first_name":"Island Oasis - Raspberry"},
{"id":"300-86-5647","first_name":"Water - Evian 355 Ml"},
{"id":"553-49-4186","first_name":"Dill Weed - Dry"},
{"id":"216-24-8138","first_name":"Pepper - Gypsy Pepper"},
{"id":"833-47-9919","first_name":"Butcher Twine 4r"},
{"id":"827-73-9524","first_name":"Wine - Carmenere Casillero Del"},
{"id":"602-06-6447","first_name":"Apples - Spartan"},
{"id":"754-64-0262","first_name":"Water - Tonic"},
{"id":"775-70-5603","first_name":"Soup - Campbells"},
{"id":"573-80-2001","first_name":"Lettuce - Escarole"},
{"id":"684-62-1343","first_name":"Cinnamon - Stick"},
{"id":"776-64-4946","first_name":"Ham - Cooked Italian"},
{"id":"114-01-3488","first_name":"Octopus"},
{"id":"847-56-8978","first_name":"Chicken Breast Wing On"},
{"id":"503-92-0621","first_name":"Tart Shells - Sweet, 3"},
{"id":"350-46-3988","first_name":"Syrup - Pancake"},
{"id":"879-95-7062","first_name":"Table Cloth 54x54 Colour"},
{"id":"529-99-4484","first_name":"Dc - Frozen Momji"},
{"id":"174-26-1087","first_name":"Bread Base - Italian"},
{"id":"740-35-1513","first_name":"Pecan Raisin - Tarts"},
{"id":"601-95-9973","first_name":"Tamarillo"},
{"id":"597-04-9845","first_name":"Piping Jelly - All Colours"},
{"id":"493-18-4506","first_name":"Wiberg Super Cure"},
{"id":"236-76-4492","first_name":"Bread - Roll, Soft White Round"},
{"id":"651-89-5748","first_name":"Tart - Butter Plain Squares"},
{"id":"632-74-3862","first_name":"Pie Shells 10"},
{"id":"813-54-2785","first_name":"Cardamon Seed / Pod"},
{"id":"781-47-0239","first_name":"Sour Cream"},
{"id":"128-56-3209","first_name":"Sauce - Alfredo"},
{"id":"234-41-2062","first_name":"Carbonated Water - Strawberry"},
{"id":"569-96-8894","first_name":"Ice Cream - Turtles Stick Bar"},
{"id":"529-53-2459","first_name":"Wine - Port Late Bottled Vintage"},
{"id":"511-48-9654","first_name":"Muskox - French Rack"},
{"id":"125-67-4714","first_name":"Cheese - Ermite Bleu"},
{"id":"184-13-7646","first_name":"Sobe - Orange Carrot"},
{"id":"803-30-1728","first_name":"Heavy Duty Dust Pan"},
{"id":"431-07-5839","first_name":"Octopus"},
{"id":"419-95-8165","first_name":"Bread Crumbs - Japanese Style"},
{"id":"759-24-9013","first_name":"Pumpkin"},
{"id":"375-45-8084","first_name":"Milk - 2%"},
{"id":"132-12-2167","first_name":"Scallop - St. Jaques"},
{"id":"755-16-3237","first_name":"Compound - Passion Fruit"},
{"id":"732-62-9782","first_name":"Veal - Eye Of Round"},
{"id":"764-62-3571","first_name":"Taro Leaves"},
{"id":"137-29-5285","first_name":"Chips Potato Swt Chilli Sour"},
{"id":"801-45-7166","first_name":"Tuna - Sushi Grade"},
{"id":"218-13-4725","first_name":"Veal - Tenderloin, Untrimmed"},
{"id":"181-23-1892","first_name":"Tandoori Curry Paste"},
{"id":"882-71-8673","first_name":"Flower - Dish Garden"},
{"id":"625-95-1822","first_name":"Pepper - Paprika, Hungarian"},
{"id":"345-88-5501","first_name":"Caviar - Salmon"},
{"id":"748-85-4150","first_name":"Tea - Apple Green Tea"},
{"id":"501-44-6890","first_name":"Fond - Chocolate"},
{"id":"890-53-1161","first_name":"Lemon Tarts"},
{"id":"183-20-0747","first_name":"Ice Cream Bar - Oreo Cone"},
{"id":"497-78-1828","first_name":"Beef - Ox Tongue"},
{"id":"559-70-7308","first_name":"Pork - Tenderloin, Frozen"},
{"id":"299-83-9624","first_name":"Turnip - Wax"},
{"id":"567-72-3390","first_name":"Wild Boar - Tenderloin"},
{"id":"765-67-4556","first_name":"Lettuce - Boston Bib - Organic"},
{"id":"434-85-2202","first_name":"Ezy Change Mophandle"},
{"id":"306-41-3605","first_name":"Pasta - Lasagna, Dry"},
{"id":"189-58-7814","first_name":"Gingerale - Diet - Schweppes"},
{"id":"358-73-0600","first_name":"Venison - Striploin"},
{"id":"247-69-6688","first_name":"Truffle - Whole Black Peeled"},
{"id":"320-55-8269","first_name":"Shrimp - Black Tiger 16/20"},
{"id":"703-89-6835","first_name":"Capers - Pickled"},
{"id":"172-16-4017","first_name":"Pastry - Apple Large"},
{"id":"363-49-9679","first_name":"Sole - Fillet"},
{"id":"754-44-3738","first_name":"Pastry - Apple Large"},
{"id":"174-47-7294","first_name":"Tomatoes Tear Drop"},
{"id":"813-23-5357","first_name":"Langers - Mango Nectar"},
{"id":"628-77-0437","first_name":"Onions Granulated"},
{"id":"429-86-5825","first_name":"Soup - Knorr, Classic Can. Chili"},
{"id":"353-14-0969","first_name":"Soup - Campbells"},
{"id":"415-72-5978","first_name":"Vodka - Lemon, Absolut"},
{"id":"113-52-2588","first_name":"Bread - Sticks, Thin, Plain"},
{"id":"764-76-4329","first_name":"Ecolab Silver Fusion"},
{"id":"515-18-7805","first_name":"Juice - Happy Planet"},
{"id":"488-53-5016","first_name":"Gin - Gilbeys London, Dry"},
{"id":"574-37-1815","first_name":"Sprouts - Onion"},
{"id":"516-07-9691","first_name":"Pasta - Shells, Medium, Dry"},
{"id":"369-61-0137","first_name":"Beer - Labatt Blue"},
{"id":"611-33-8781","first_name":"Beef - Cooked, Corned"},
{"id":"158-44-8109","first_name":"Pasta - Bauletti, Chicken White"},
{"id":"117-09-1318","first_name":"Tea - Lemon Green Tea"},
{"id":"278-73-1644","first_name":"Sauce Bbq Smokey"},
{"id":"150-40-5418","first_name":"Flower - Commercial Bronze"},
{"id":"634-34-9675","first_name":"Ice Cream - Life Savers"},
{"id":"598-10-5856","first_name":"Bread - Petit Baguette"},
{"id":"493-95-2252","first_name":"Wine - Alsace Gewurztraminer"},
{"id":"323-67-7119","first_name":"Curry Powder Madras"},
{"id":"117-45-2345","first_name":"Blueberries"},
{"id":"208-43-1024","first_name":"Crush - Grape, 355 Ml"},
{"id":"134-80-5653","first_name":"Wine - Fino Tio Pepe Gonzalez"},
{"id":"598-94-5445","first_name":"Calvados - Boulard"},
{"id":"485-49-6592","first_name":"Clementine"},
{"id":"406-42-9828","first_name":"Cheese - Stilton"},
{"id":"383-15-4354","first_name":"Pork - Back Ribs"},
{"id":"186-29-6731","first_name":"Chutney Sauce - Mango"},
{"id":"422-13-8683","first_name":"Figs"},
{"id":"392-48-7087","first_name":"Spaghetti Squash"},
{"id":"569-60-7936","first_name":"Cheese - Parmigiano Reggiano"},
{"id":"252-76-4626","first_name":"Container - Foam Dixie 12 Oz"},
{"id":"219-08-9019","first_name":"Eggwhite Frozen"},
{"id":"192-86-4766","first_name":"Cranberries - Fresh"},
{"id":"201-61-0577","first_name":"Radish"},
{"id":"392-42-8547","first_name":"Fruit Salad Deluxe"},
{"id":"587-55-2148","first_name":"Tumeric"},
{"id":"107-90-2580","first_name":"Spice - Chili Powder Mexican"},
{"id":"749-72-5358","first_name":"Chocolate Bar - Reese Pieces"},
{"id":"536-54-7353","first_name":"Soup - French Onion"},
{"id":"807-79-6524","first_name":"Cheese - Havarti, Salsa"},
{"id":"163-36-8999","first_name":"Corn - On The Cob"},
{"id":"199-95-9272","first_name":"Kiwi Gold Zespri"},
{"id":"728-23-6787","first_name":"Tray - 16in Rnd Blk"},
{"id":"887-88-1056","first_name":"Vermacelli - Sprinkles, Assorted"},
{"id":"859-42-1497","first_name":"C - Plus, Orange"},
{"id":"251-43-3889","first_name":"Olive - Spread Tapenade"},
{"id":"300-89-2239","first_name":"Veal Inside - Provimi"},
{"id":"233-31-5312","first_name":"Cheese - Augre Des Champs"},
{"id":"264-26-4353","first_name":"Puree - Guava"},
{"id":"475-80-2672","first_name":"Hot Choc Vending"},
{"id":"136-96-7119","first_name":"Appetizer - Veg Assortment"},
{"id":"522-82-2069","first_name":"Curry Paste - Madras"},
{"id":"648-17-7548","first_name":"Salmon - Smoked, Sliced"},
{"id":"650-94-5993","first_name":"Extract Vanilla Pure"},
{"id":"743-06-5273","first_name":"Wine - Merlot Vina Carmen"},
{"id":"606-73-8724","first_name":"Alize Red Passion"},
{"id":"728-55-6993","first_name":"Lettuce - California Mix"},
{"id":"155-56-3182","first_name":"Wine - Red, Colio Cabernet"},
{"id":"305-47-1287","first_name":"Beef - Bresaola"},
{"id":"356-72-3501","first_name":"Sprouts - Brussel"},
{"id":"197-69-8045","first_name":"Quail Eggs - Canned"},
{"id":"817-87-2681","first_name":"Flour - Buckwheat, Dark"},
{"id":"252-75-2390","first_name":"Snapple Lemon Tea"},
{"id":"811-29-7185","first_name":"Veal - Provimi Inside"},
{"id":"137-13-4395","first_name":"Propel Sport Drink"},
{"id":"576-64-1679","first_name":"Olives - Morracan Dired"},
{"id":"648-67-8991","first_name":"Icecream - Dstk Super Cone"},
{"id":"891-12-9486","first_name":"Straws - Cocktale"},
{"id":"649-18-0915","first_name":"Potatoes - Peeled"},
{"id":"184-77-3804","first_name":"Sardines"},
{"id":"722-90-1800","first_name":"Beef Cheek Fresh"},
{"id":"867-27-0845","first_name":"Coffee - French Vanilla Frothy"},
{"id":"264-52-1804","first_name":"Sherbet - Raspberry"},
{"id":"113-14-8369","first_name":"Pasta - Agnolotti - Butternut"},
{"id":"289-23-4045","first_name":"Vinegar - Rice"},
{"id":"535-10-7360","first_name":"Neckerchief Blck"},
{"id":"629-39-2104","first_name":"Fond - Neutral"},
{"id":"351-26-9257","first_name":"Cookie - Dough Variety"},
{"id":"185-75-0426","first_name":"Brandy Cherry - Mcguinness"},
{"id":"661-54-0351","first_name":"Gatorade - Xfactor Berry"},
{"id":"531-02-3134","first_name":"Pie Filling - Pumpkin"},
{"id":"597-91-4658","first_name":"Food Colouring - Red"},
{"id":"838-12-1757","first_name":"Squash - Sunburst"},
{"id":"859-21-6885","first_name":"Wine - Touraine Azay - Le - Rideau"},
{"id":"507-57-0817","first_name":"Muffin Mix - Raisin Bran"},
{"id":"111-09-3370","first_name":"Chicken - Thigh, Bone In"},
{"id":"217-39-0496","first_name":"Remy Red"},
{"id":"240-43-1605","first_name":"Calypso - Lemonade"},
{"id":"613-83-2058","first_name":"Wine - Sicilia Igt Nero Avola"},
{"id":"518-51-5501","first_name":"Lamb Leg - Bone - In Nz"},
{"id":"177-92-1324","first_name":"Chocolate - Pistoles, Lactee, Milk"},
{"id":"144-53-8104","first_name":"Beer - Guiness"},
{"id":"207-07-5585","first_name":"Chicken - Whole Fryers"},
{"id":"101-09-7252","first_name":"Nantucket Orange Juice"},
{"id":"590-44-6776","first_name":"Bouillion - Fish"},
{"id":"221-65-8034","first_name":"Veal - Bones"},
{"id":"588-35-7507","first_name":"Persimmons"},
{"id":"507-71-6534","first_name":"Lamb - Loin, Trimmed, Boneless"},
{"id":"255-01-4453","first_name":"Ecolab - Lime - A - Way 4/4 L"},
{"id":"660-25-5422","first_name":"Nut - Almond, Blanched, Whole"},
{"id":"788-28-5483","first_name":"Ginger - Fresh"},
{"id":"335-30-9890","first_name":"Onion Powder"},
{"id":"520-01-6544","first_name":"Aspic - Clear"},
{"id":"677-16-7519","first_name":"Flower - Carnations"},
{"id":"340-13-8561","first_name":"Club Soda - Schweppes, 355 Ml"},
{"id":"334-25-4854","first_name":"Wanton Wrap"},
{"id":"855-96-7233","first_name":"Beef - Rib Eye Aaa"},
{"id":"167-84-9043","first_name":"Sour Puss Raspberry"},
{"id":"304-50-7897","first_name":"Coffee - Dark Roast"},
{"id":"362-57-4350","first_name":"Container Clear 8 Oz"},
{"id":"634-25-3451","first_name":"Cake Circle, Paprus"},
{"id":"657-39-3415","first_name":"Eggplant - Asian"},
{"id":"121-55-1056","first_name":"Spring Roll Veg Mini"},
{"id":"326-49-0106","first_name":"Crab - Dungeness, Whole"},
{"id":"207-21-0687","first_name":"Bread - French Stick"},
{"id":"455-21-5980","first_name":"Pepper - Cubanelle"},
{"id":"219-14-2212","first_name":"Nut - Walnut, Pieces"},
{"id":"790-07-7668","first_name":"Pie Shell - 5"},
{"id":"491-28-9106","first_name":"Vermacelli - Sprinkles, Assorted"},
{"id":"160-95-1303","first_name":"Pastry - Raisin Muffin - Mini"},
{"id":"869-56-3427","first_name":"Bread Crumbs - Japanese Style"},
{"id":"605-53-8969","first_name":"Caviar - Salmon"},
{"id":"328-99-7118","first_name":"Wine - Magnotta - Cab Franc"},
{"id":"122-48-5895","first_name":"Sauce - Oyster"},
{"id":"610-45-7532","first_name":"Bols Melon Liqueur"},
{"id":"624-69-2780","first_name":"C - Plus, Orange"},
{"id":"197-79-0143","first_name":"Beef - Top Sirloin - Aaa"},
{"id":"690-07-3069","first_name":"Wine - Cava Aria Estate Brut"},
{"id":"336-15-7162","first_name":"Ice Cream - Strawberry"},
{"id":"207-88-5280","first_name":"Beer - Creemore"},
{"id":"628-12-6317","first_name":"Milk - 1%"},
{"id":"856-06-2175","first_name":"Vinegar - White"},
{"id":"625-22-3087","first_name":"Chevere Logs"},
{"id":"100-64-4408","first_name":"Wine - White, Riesling, Henry Of"},
{"id":"656-94-6726","first_name":"Placemat - Scallop, White"},
{"id":"604-92-4734","first_name":"Coffee Cup 8oz 5338cd"},
{"id":"702-93-3645","first_name":"Soup Knorr Chili With Beans"},
{"id":"112-61-6537","first_name":"Lamb Tenderloin Nz Fr"},
{"id":"787-17-2443","first_name":"Pickles - Gherkins"},
{"id":"317-56-0554","first_name":"Mushroom Morel Fresh"},
{"id":"658-87-7402","first_name":"Cabbage Roll"},
{"id":"469-85-4236","first_name":"Puree - Passion Fruit"},
{"id":"573-50-5984","first_name":"Beans - Black Bean, Dry"},
{"id":"617-58-7831","first_name":"Soup Campbells"},
{"id":"232-40-4944","first_name":"Trueblue - Blueberry 12x473ml"},
{"id":"216-35-9368","first_name":"Brandy - Bar"},
{"id":"752-92-3012","first_name":"Evaporated Milk - Skim"},
{"id":"342-26-9640","first_name":"Puree - Mocha"},
{"id":"396-86-8628","first_name":"Nut - Peanut, Roasted"},
{"id":"761-92-4942","first_name":"Mince Meat - Filling"},
{"id":"395-34-6987","first_name":"White Baguette"},
{"id":"584-32-8937","first_name":"Cinnamon Buns Sticky"},
{"id":"185-44-8649","first_name":"Pheasants - Whole"},
{"id":"569-01-2854","first_name":"Extract - Vanilla,artificial"},
{"id":"450-58-3717","first_name":"Lamb - Leg, Boneless"},
{"id":"409-29-2300","first_name":"Daves Island Stinger"},
{"id":"278-41-6974","first_name":"Cheese - Shred Cheddar / Mozza"},
{"id":"811-05-2840","first_name":"Wine - Piper Heidsieck Brut"},
{"id":"725-35-3398","first_name":"Celery Root"},
{"id":"723-06-5055","first_name":"Veal - Provimi Inside"},
{"id":"158-35-7654","first_name":"Cauliflower"},
{"id":"195-59-6668","first_name":"Vodka - Lemon, Absolut"},
{"id":"303-79-5036","first_name":"Snapple Lemon Tea"},
{"id":"282-22-9278","first_name":"Capers - Ox Eye Daisy"},
{"id":"225-13-2831","first_name":"Onions - Vidalia"},
{"id":"548-34-9768","first_name":"Wine - Valpolicella Masi"},
{"id":"555-39-4526","first_name":"Tea - Herbal - 6 Asst"},
{"id":"292-45-9937","first_name":"Cleaner - Comet"},
{"id":"343-34-6029","first_name":"Creme De Menth - White"},
{"id":"590-80-6874","first_name":"Grenadillo"},
{"id":"102-92-8236","first_name":"Beef - Tongue, Cooked"},
{"id":"246-50-0118","first_name":"Soup - Cream Of Potato / Leek"},
{"id":"516-45-9529","first_name":"Salmon - Atlantic, No Skin"},
{"id":"785-31-2050","first_name":"Syrup - Monin, Swiss Choclate"},
{"id":"606-80-0850","first_name":"Juice - Lime"},
{"id":"190-18-7713","first_name":"Oysters - Smoked"},
{"id":"286-76-2606","first_name":"Appetizer - Chicken Satay"},
{"id":"772-70-4885","first_name":"Juice - Happy Planet"},
{"id":"288-68-7834","first_name":"Vinegar - Balsamic, White"},
{"id":"492-80-3715","first_name":"Sausage - Liver"},
{"id":"490-35-2151","first_name":"Pastry - Raisin Muffin - Mini"},
{"id":"690-17-1427","first_name":"Chocolate - Unsweetened"},
{"id":"173-30-3927","first_name":"Fondant - Icing"},
{"id":"255-29-8785","first_name":"Soup - Campbells Chicken"},
{"id":"725-54-4086","first_name":"Lamb - Loin, Trimmed, Boneless"},
{"id":"465-56-0848","first_name":"Soup - Base Broth Chix"},
{"id":"540-74-6152","first_name":"Nut - Hazelnut, Whole"},
{"id":"796-43-1280","first_name":"Cup - 8oz Coffee Perforated"},
{"id":"480-57-3946","first_name":"Spice - Pepper Portions"},
{"id":"394-74-1193","first_name":"Bread - Kimel Stick Poly"},
{"id":"806-70-0182","first_name":"Arctic Char - Fillets"},
{"id":"413-48-4162","first_name":"Napkin White - Starched"},
{"id":"481-09-5373","first_name":"Spring Roll Veg Mini"},
{"id":"408-12-3656","first_name":"Cheese - Victor Et Berthold"},
{"id":"806-30-8608","first_name":"Sour Puss Raspberry"},
{"id":"444-42-8374","first_name":"Sour Puss Sour Apple"},
{"id":"515-65-5253","first_name":"Oyster - In Shell"},
{"id":"144-74-5480","first_name":"Bread - Pita, Mini"},
{"id":"894-23-7960","first_name":"Veal Inside - Provimi"},
{"id":"899-81-0034","first_name":"Cheese - Shred Cheddar / Mozza"},
{"id":"117-94-1883","first_name":"Pate - Cognac"},
{"id":"845-27-5526","first_name":"Plate Pie Foil"},
{"id":"888-90-5353","first_name":"Beef - Eye Of Round"},
{"id":"647-13-9871","first_name":"Pork - Caul Fat"},
{"id":"106-18-3580","first_name":"Icecream - Dstk Strw Chseck"},
{"id":"228-85-7650","first_name":"Beets"},
{"id":"863-74-8274","first_name":"Iced Tea - Lemon, 340ml"},
{"id":"359-42-0167","first_name":"Bread - Crumbs, Bulk"},
{"id":"654-25-9831","first_name":"Beans - Fava, Canned"},
{"id":"188-02-5252","first_name":"Beans - Kidney White"},
{"id":"395-68-7247","first_name":"Sauce - Thousand Island"},
{"id":"341-83-7622","first_name":"Bread - Ciabatta Buns"},
{"id":"589-44-1159","first_name":"Wine - Riesling Dr. Pauly"},
{"id":"461-20-2325","first_name":"Chocolate - Semi Sweet"},
{"id":"542-06-2694","first_name":"Wine - Cousino Macul Antiguas"},
{"id":"413-66-2734","first_name":"Chocolate - Semi Sweet, Calets"},
{"id":"238-11-7003","first_name":"Beer - Blue"},
{"id":"745-17-4720","first_name":"Soap - Hand Soap"},
{"id":"683-32-5371","first_name":"Olives - Stuffed"},
{"id":"580-10-6528","first_name":"Shiro Miso"},
{"id":"762-77-5838","first_name":"Foil Wrap"},
{"id":"748-24-4021","first_name":"Cake - Lemon Chiffon"},
{"id":"477-66-2959","first_name":"Spaghetti Squash"},
{"id":"741-72-2031","first_name":"Flour - Bran, Red"},
{"id":"317-55-1285","first_name":"Wine - White, Ej"},
{"id":"445-26-8067","first_name":"Fish - Artic Char, Cold Smoked"},
{"id":"864-39-7081","first_name":"Juice - Pineapple, 341 Ml"},
{"id":"804-23-8759","first_name":"Pasta - Spaghetti, Dry"},
{"id":"156-27-7744","first_name":"Goat - Leg"},
{"id":"321-43-4960","first_name":"Lamb - Ground"},
{"id":"402-86-6427","first_name":"Wine - Wyndham Estate Bin 777"},
{"id":"369-96-3672","first_name":"Quinoa"},
{"id":"341-29-2997","first_name":"Cake - Cake Sheet Macaroon"},
{"id":"788-23-7996","first_name":"Cocoa Powder - Dutched"},
{"id":"760-63-0496","first_name":"Wine - Carmenere Casillero Del"},
{"id":"455-86-6162","first_name":"Trueblue - Blueberry Cranberry"},
{"id":"162-24-8358","first_name":"Veal - Kidney"},
{"id":"661-74-1729","first_name":"Wine - White, Riesling, Henry Of"},
{"id":"657-20-0098","first_name":"Soup - Cream Of Broccoli, Dry"},
{"id":"527-44-0116","first_name":"Maintenance Removal Charge"},
{"id":"234-15-7408","first_name":"Bread Foccacia Whole"},
{"id":"875-76-8051","first_name":"Beer - Upper Canada Lager"},
{"id":"502-17-2519","first_name":"Puree - Mocha"},
{"id":"301-40-4609","first_name":"Irish Cream - Baileys"},
{"id":"216-60-7741","first_name":"Ham - Procutinni"},
{"id":"101-76-9632","first_name":"Wine - Lamancha Do Crianza"},
{"id":"105-95-7443","first_name":"Beef - Ox Tongue, Pickled"},
{"id":"402-12-1520","first_name":"Soup - Beef, Base Mix"},
{"id":"119-23-9696","first_name":"Appetizer - Mushroom Tart"},
{"id":"167-66-2493","first_name":"Bread - Multigrain, Loaf"},
{"id":"647-77-5624","first_name":"Tomato - Plum With Basil"},
{"id":"290-44-7215","first_name":"Cheese Cloth No 100"},
{"id":"228-74-2142","first_name":"Lamb Shoulder Boneless Nz"},
{"id":"391-61-9930","first_name":"Peach - Fresh"},
{"id":"827-26-4829","first_name":"Mcguinness - Blue Curacao"},
{"id":"888-33-3705","first_name":"Bread Roll Foccacia"},
{"id":"181-11-2861","first_name":"Remy Red"},
{"id":"550-44-6735","first_name":"Cake - Night And Day Choclate"},
{"id":"569-26-1485","first_name":"Dried Cranberries"},
{"id":"779-50-3504","first_name":"Juice - Orangina"},
{"id":"768-26-9323","first_name":"Chickensplit Half"},
{"id":"605-39-9769","first_name":"Beef - Top Sirloin - Aaa"},
{"id":"680-59-2494","first_name":"Rabbit - Frozen"},
{"id":"432-21-8988","first_name":"Quail - Eggs, Fresh"},
{"id":"190-58-2075","first_name":"Cake - Lemon Chiffon"},
{"id":"401-32-4155","first_name":"Veal - Inside Round / Top, Lean"},
{"id":"854-63-1978","first_name":"Cheese - Valancey"},
{"id":"771-87-7787","first_name":"Prunes - Pitted"},
{"id":"855-06-0519","first_name":"Butter - Salted"},
{"id":"249-15-4196","first_name":"Chicken - Ground"},
{"id":"575-69-6899","first_name":"Spinach - Baby"},
{"id":"147-39-4361","first_name":"Jello - Assorted"},
{"id":"846-45-8821","first_name":"Sponge Cake Mix - Chocolate"},
{"id":"608-06-9422","first_name":"Pasta - Canelloni"},
{"id":"376-20-2744","first_name":"Wine - Fontanafredda Barolo"},
{"id":"236-67-6565","first_name":"Remy Red Berry Infusion"},
{"id":"794-41-0626","first_name":"Bread - Triangle White"},
{"id":"316-27-0977","first_name":"Radish"},
{"id":"203-01-8556","first_name":"Noodles - Steamed Chow Mein"},
{"id":"281-15-9837","first_name":"Eggplant Italian"},
{"id":"734-92-3947","first_name":"Wine - Red, Cooking"},
{"id":"361-95-2848","first_name":"Beef - Striploin"},
{"id":"527-99-1683","first_name":"Turnip - White, Organic"},
{"id":"198-32-8072","first_name":"Chicken - Wings, Tip Off"},
{"id":"290-69-1150","first_name":"Durian Fruit"},
{"id":"628-90-4808","first_name":"Pastry - Baked Scones - Mini"},
{"id":"512-81-2450","first_name":"Nantucket Orange Juice"},
{"id":"745-85-7508","first_name":"Bols Melon Liqueur"},
{"id":"583-13-6092","first_name":"Bread Sour Rolls"},
{"id":"199-86-6707","first_name":"Chinese Foods - Plain Fried Rice"},
{"id":"842-55-3247","first_name":"Wine - Red, Concha Y Toro"},
{"id":"218-13-2871","first_name":"Bread - Onion Focaccia"},
{"id":"563-84-7289","first_name":"Chocolate Bar - Smarties"},
{"id":"439-97-8817","first_name":"Ice Cream - Super Sandwich"},
{"id":"530-12-3245","first_name":"Anisette - Mcguiness"},
{"id":"709-78-2675","first_name":"Crab Brie In Phyllo"},
{"id":"216-71-3186","first_name":"Beer - Sleeman Fine Porter"},
{"id":"357-20-1783","first_name":"Chinese Foods - Chicken Wing"},
{"id":"398-32-8901","first_name":"Fish - Artic Char, Cold Smoked"},
{"id":"819-13-0412","first_name":"Juice - Lime"},
{"id":"405-65-5000","first_name":"Chocolate - Feathers"},
{"id":"858-57-1389","first_name":"Marjoram - Fresh"},
{"id":"691-15-2571","first_name":"Longos - Chicken Curried"},
{"id":"645-91-1169","first_name":"Drambuie"},
{"id":"801-61-8464","first_name":"Doilies - 8, Paper"},
{"id":"154-07-0591","first_name":"Soup - Campbellschix Stew"},
{"id":"521-50-0375","first_name":"Beef - Ground Lean Fresh"},
{"id":"587-74-1563","first_name":"Cranberries - Frozen"},
{"id":"368-67-1746","first_name":"Spinach - Packaged"},
{"id":"764-94-5633","first_name":"Lentils - Red, Dry"},
{"id":"403-45-7139","first_name":"Beef Flat Iron Steak"},
{"id":"470-77-7513","first_name":"Wine - Vineland Estate Semi - Dry"},
{"id":"390-98-6891","first_name":"Bread - Wheat Baguette"},
{"id":"895-37-0158","first_name":"Club Soda - Schweppes, 355 Ml"},
{"id":"403-08-6568","first_name":"Nantucket Orange Juice"},
{"id":"638-87-4742","first_name":"Sprouts Dikon"},
{"id":"715-24-9991","first_name":"Phyllo Dough"},
{"id":"530-28-0260","first_name":"Wine - Red, Concha Y Toro"},
{"id":"856-87-8130","first_name":"Beer - Camerons Cream Ale"},
{"id":"474-35-1883","first_name":"Doilies - 8, Paper"},
{"id":"257-60-9722","first_name":"Blueberries"},
{"id":"397-58-3084","first_name":"Grouper - Fresh"},
{"id":"517-58-1722","first_name":"Doilies - 8, Paper"},
{"id":"498-80-1874","first_name":"Scallops - U - 10"},
{"id":"796-28-4798","first_name":"Couscous"},
{"id":"773-74-2065","first_name":"Pepsi - Diet, 355 Ml"},
{"id":"820-44-8525","first_name":"Soup - Campbells - Tomato"},
{"id":"278-27-5270","first_name":"Jolt Cola"},
{"id":"181-59-0576","first_name":"Sprite, Diet - 355ml"},
{"id":"877-80-0598","first_name":"Wine - Fume Blanc Fetzer"},
{"id":"122-25-7884","first_name":"Artichokes - Jerusalem"},
{"id":"544-47-5443","first_name":"Lemonade - Mandarin, 591 Ml"},
{"id":"715-56-6754","first_name":"Squid - Tubes / Tenticles 10/20"},
{"id":"304-66-9765","first_name":"Cookie Dough - Double"},
{"id":"425-18-5105","first_name":"Remy Red Berry Infusion"},
{"id":"836-19-2056","first_name":"Soup - Tomato Mush. Florentine"},
{"id":"146-28-3439","first_name":"Beef - Ground, Extra Lean, Fresh"},
{"id":"297-23-4192","first_name":"Sage - Rubbed"},
{"id":"677-07-7092","first_name":"Soda Water - Club Soda, 355 Ml"},
{"id":"501-93-8853","first_name":"Blueberries"},
{"id":"407-64-9969","first_name":"Juice - Clam, 46 Oz"},
{"id":"391-02-5546","first_name":"Wine - Sherry Dry Sack, William"},
{"id":"815-29-1396","first_name":"Cherries - Fresh"},
{"id":"393-39-3346","first_name":"Steam Pan Full Lid"},
{"id":"281-01-7893","first_name":"Shrimp - Black Tiger 8 - 12"},
{"id":"137-86-9124","first_name":"Appetizer - Assorted Box"},
{"id":"320-83-6905","first_name":"Pasta - Spaghetti, Dry"},
{"id":"633-32-7321","first_name":"Chervil - Fresh"},
{"id":"333-09-4120","first_name":"Wine - Valpolicella Masi"},
{"id":"247-35-4777","first_name":"Juice - V8, Tomato"},
{"id":"540-37-8987","first_name":"Oil - Cooking Spray"},
{"id":"362-51-6260","first_name":"Red Snapper - Fresh, Whole"},
{"id":"282-45-0551","first_name":"Flour - Pastry"},
{"id":"840-78-2227","first_name":"Macaroons - Homestyle Two Bit"},
{"id":"530-36-9464","first_name":"Mints - Striped Red"},
{"id":"115-26-8926","first_name":"Country Roll"},
{"id":"342-22-5637","first_name":"Bread Base - Goodhearth"},
{"id":"408-54-3328","first_name":"Water - Tonic"},
{"id":"241-87-9671","first_name":"Apple - Delicious, Red"},
{"id":"547-01-7148","first_name":"Sun - Dried Tomatoes"},
{"id":"133-30-7546","first_name":"Onions - Pearl"},
{"id":"326-88-9686","first_name":"Chocolate - Milk"},
{"id":"177-86-3792","first_name":"Beans - Navy, Dry"},
{"id":"123-03-9707","first_name":"Lamb - Racks, Frenched"},
{"id":"326-59-2835","first_name":"Dehydrated Kelp Kombo"},
{"id":"770-32-9004","first_name":"Pimento - Canned"},
{"id":"143-81-4578","first_name":"Bread - Roll, Soft White Round"},
{"id":"584-04-8654","first_name":"Lobster - Tail, 3 - 4 Oz"},
{"id":"699-57-1513","first_name":"Meldea Green Tea Liquor"},
{"id":"177-70-1521","first_name":"Bread - Rolls, Rye"},
{"id":"485-28-8608","first_name":"Pasta - Orzo, Dry"},
{"id":"407-76-1537","first_name":"Beef - Tongue, Fresh"},
{"id":"744-48-4949","first_name":"Chicken - Livers"},
{"id":"575-59-2165","first_name":"Muffins - Assorted"},
{"id":"631-01-1261","first_name":"Flavouring - Orange"},
{"id":"775-54-5709","first_name":"Wine - Zinfandel Rosenblum"},
{"id":"124-63-5793","first_name":"Tea - Herbal Sweet Dreams"},
{"id":"737-59-2225","first_name":"Parsley - Dried"},
{"id":"808-85-0830","first_name":"Vinegar - Sherry"},
{"id":"327-66-5482","first_name":"Cheese - Colby"},
{"id":"153-92-9128","first_name":"Ecolab Digiclean Mild Fm"},
{"id":"465-41-6578","first_name":"Oil - Cooking Spray"},
{"id":"586-01-2659","first_name":"Salt - Table"},
{"id":"531-61-1390","first_name":"Kahlua"},
{"id":"877-15-6136","first_name":"Mushroom - King Eryingii"},
{"id":"172-87-5119","first_name":"Butter - Salted, Micro"},
{"id":"581-31-6127","first_name":"Lamb - Leg, Bone In"},
{"id":"739-61-5613","first_name":"Cookies - Fortune"},
{"id":"689-95-0853","first_name":"Pasta - Rotini, Dry"},
{"id":"892-81-6963","first_name":"Coriander - Ground"},
{"id":"647-01-8617","first_name":"Juice - Propel Sport"},
{"id":"828-66-2581","first_name":"Pork - Smoked Kassler"},
{"id":"828-98-8112","first_name":"Lid - 16 Oz And 32 Oz"},
{"id":"155-26-0321","first_name":"Spice - Onion Powder Granulated"},
{"id":"265-83-2328","first_name":"Beans - Butter Lrg Lima"},
{"id":"234-54-9160","first_name":"Wine - Magnotta - Cab Sauv"},
{"id":"383-76-4998","first_name":"Cup - 8oz Coffee Perforated"},
{"id":"168-90-9571","first_name":"Basil - Primerba, Paste"},
{"id":"256-82-7619","first_name":"Sprouts - Onion"},
{"id":"578-13-1614","first_name":"Food Colouring - Red"},
{"id":"748-60-2910","first_name":"Fib N9 - Prague Powder"},
{"id":"567-69-3584","first_name":"The Pop Shoppe - Cream Soda"},
{"id":"416-10-0017","first_name":"Hagen Daza - Dk Choocolate"},
{"id":"451-55-9448","first_name":"Sping Loaded Cup Dispenser"},
{"id":"469-44-1464","first_name":"Pork - Inside"},
{"id":"305-25-0130","first_name":"Soupfoamcont12oz 112con"},
{"id":"227-11-9137","first_name":"Jerusalem Artichoke"},
{"id":"717-17-8978","first_name":"Lettuce - Mini Greens, Whole"},
{"id":"498-40-7573","first_name":"Red Snapper - Fillet, Skin On"},
{"id":"692-88-4454","first_name":"Cinnamon Rolls"},
{"id":"633-86-7777","first_name":"Oil - Margarine"},
{"id":"502-28-4512","first_name":"External Supplier"},
{"id":"679-49-0496","first_name":"Mop Head - Cotton, 24 Oz"},
{"id":"168-43-3589","first_name":"Petite Baguette"},
{"id":"664-89-2058","first_name":"Wine - Barolo Fontanafredda"},
{"id":"115-04-1194","first_name":"Blueberries - Frozen"},
{"id":"102-44-0737","first_name":"Cheese - Parmesan Grated"},
{"id":"140-94-8619","first_name":"Carrots - Jumbo"},
{"id":"653-09-1544","first_name":"Guava"},
{"id":"852-31-7151","first_name":"Duck - Fat"},
{"id":"628-44-1647","first_name":"7up Diet, 355 Ml"},
{"id":"292-81-3794","first_name":"Cheese - Havarti, Salsa"},
{"id":"473-70-4450","first_name":"Muffin Hinge - 211n"},
{"id":"312-22-1443","first_name":"Cup Translucent 9 Oz"},
{"id":"481-56-8743","first_name":"Cake - Cake Sheet Macaroon"},
{"id":"658-22-7298","first_name":"Soup - Knorr, Ministrone"},
{"id":"452-52-3469","first_name":"Cream - 18%"},
{"id":"702-82-3372","first_name":"Wine - Puligny Montrachet A."},
{"id":"876-31-7581","first_name":"Mushroom - Chanterelle, Dry"},
{"id":"500-03-2346","first_name":"Mushroom - Enoki, Fresh"},
{"id":"347-40-7423","first_name":"Oil - Truffle, Black"},
{"id":"121-50-9930","first_name":"Macaroons - Homestyle Two Bit"},
{"id":"184-91-9011","first_name":"Turnip - White, Organic"},
{"id":"471-67-5850","first_name":"Wine - Ruffino Chianti"},
{"id":"278-87-2532","first_name":"Nut - Almond, Blanched, Ground"},
{"id":"105-66-5008","first_name":"Sobe - Liz Blizz"},
{"id":"115-18-6998","first_name":"Mints - Striped Red"},
{"id":"653-70-0228","first_name":"Mushroom - Oyster, Fresh"},
{"id":"798-70-9198","first_name":"Mushroom - White Button"},
{"id":"120-51-0176","first_name":"Capers - Pickled"},
{"id":"166-81-9254","first_name":"Cassis"},
{"id":"332-10-1714","first_name":"Ecolab - Medallion"},
{"id":"480-94-5121","first_name":"Shrimp - Black Tiger 8 - 12"},
{"id":"473-20-8449","first_name":"Lid - Translucent, 3.5 And 6 Oz"},
{"id":"809-30-7091","first_name":"Lid - 3oz Med Rec"},
{"id":"825-82-4316","first_name":"Pepper - Orange"},
{"id":"287-33-8079","first_name":"Cut Wakame - Hanawakaba"},
{"id":"213-25-1818","first_name":"Cookies Almond Hazelnut"},
{"id":"451-45-1681","first_name":"Eggplant Oriental"},
{"id":"600-97-7873","first_name":"Coffee - Decafenated"},
{"id":"364-97-6584","first_name":"Dr. Pepper - 355ml"},
{"id":"329-80-4776","first_name":"Chicken - Ground"},
{"id":"514-89-8109","first_name":"Energy Drink - Redbull 355ml"},
{"id":"156-64-2889","first_name":"Wine - White, Schroder And Schyl"},
{"id":"344-49-1908","first_name":"Lentils - Red, Dry"},
{"id":"269-16-1623","first_name":"Iced Tea Concentrate"},
{"id":"294-52-2427","first_name":"Cup - 3.5oz, Foam"},
{"id":"256-69-8367","first_name":"Lamb - Whole Head Off"},
{"id":"347-38-2212","first_name":"Bread - French Baquette"},
{"id":"380-93-2716","first_name":"Tea - Herbal I Love Lemon"},
{"id":"331-07-4515","first_name":"Tarragon - Primerba, Paste"},
{"id":"638-88-6608","first_name":"Beef - Tender Tips"},
{"id":"398-12-0013","first_name":"Bar Bran Honey Nut"},
{"id":"823-90-4700","first_name":"Sugar - Crumb"},
{"id":"168-68-7032","first_name":"Chinese Foods - Cantonese"},
{"id":"533-31-9944","first_name":"Lobak"},
{"id":"332-35-8141","first_name":"Lid Tray - 16in Dome"},
{"id":"137-90-0699","first_name":"Veal - Chops, Split, Frenched"},
{"id":"246-34-8175","first_name":"Croissant, Raw - Mini"},
{"id":"504-23-3837","first_name":"Maintenance Removal Charge"},
{"id":"149-99-1234","first_name":"Yams"},
{"id":"742-74-9362","first_name":"Arctic Char - Fillets"},
{"id":"268-30-5370","first_name":"Ginger - Pickled"},
{"id":"256-34-0091","first_name":"Bandage - Flexible Neon"},
{"id":"463-67-3660","first_name":"Oil - Grapeseed Oil"},
{"id":"725-69-1754","first_name":"Container - Hngd Cll Blk 7x7x3"},
{"id":"295-21-1557","first_name":"Coffee - Decafenated"},
{"id":"871-66-5815","first_name":"Table Cloth 53x69 White"},
{"id":"641-70-2992","first_name":"Wine - White, Colubia Cresh"},
{"id":"522-55-1596","first_name":"Salad Dressing"},
{"id":"559-62-4951","first_name":"Beef - Outside, Round"},
{"id":"112-84-0919","first_name":"Cookie - Oatmeal"},
{"id":"895-24-4410","first_name":"Bread - French Stick"},
{"id":"812-98-3697","first_name":"Muffin Mix - Lemon Cranberry"},
{"id":"429-78-2115","first_name":"Bar Nature Valley"},
{"id":"479-98-8428","first_name":"Potatoes - Idaho 100 Count"},
{"id":"233-90-9527","first_name":"Soup Campbells - Italian Wedding"},
{"id":"485-99-2083","first_name":"Kirsch - Schloss"},
{"id":"509-81-0102","first_name":"V8 Splash Strawberry Banana"},
{"id":"208-59-0988","first_name":"Tomato - Plum With Basil"},
{"id":"200-52-3093","first_name":"Pumpkin - Seed"},
{"id":"430-87-0479","first_name":"Appetizer - Seafood Assortment"},
{"id":"209-15-8471","first_name":"Wine - Toasted Head"},
{"id":"469-61-5079","first_name":"Muffin - Mix - Mango Sour Cherry"},
{"id":"458-97-9269","first_name":"Pear - Packum"},
{"id":"345-13-6320","first_name":"Clams - Canned"},
{"id":"816-65-3408","first_name":"Plums - Red"},
{"id":"885-86-8434","first_name":"Soup - Beef, Base Mix"},
{"id":"799-23-7057","first_name":"Asparagus - Green, Fresh"},
{"id":"288-85-0458","first_name":"Paper - Brown Paper Mini Cups"},
{"id":"854-73-0639","first_name":"Momiji Oroshi Chili Sauce"},
{"id":"587-55-6612","first_name":"Bread - Hot Dog Buns"},
{"id":"132-09-4138","first_name":"Chocolate Bar - Reese Pieces"},
{"id":"825-57-1020","first_name":"Carrots - Mini Red Organic"},
{"id":"696-13-7542","first_name":"Filter - Coffee"},
{"id":"563-81-3621","first_name":"Pork Ham Prager"},
{"id":"836-79-2419","first_name":"Tamarind Paste"},
{"id":"806-01-0631","first_name":"Lamb - Whole, Fresh"},
{"id":"567-27-7906","first_name":"Potatoes - Instant, Mashed"},
{"id":"466-25-3948","first_name":"Urban Zen Drinks"},
{"id":"528-09-0367","first_name":"Extract - Lemon"},
{"id":"542-10-5457","first_name":"Salmon Atl.whole 8 - 10 Lb"},
{"id":"408-42-1437","first_name":"Soup - Knorr, Country Bean"},
{"id":"553-79-7547","first_name":"Sole - Iqf"},
{"id":"199-96-0357","first_name":"Aspic - Clear"},
{"id":"640-28-5236","first_name":"Sachet"},
{"id":"849-75-0968","first_name":"Wine - Penfolds Koonuga Hill"},
{"id":"240-50-2496","first_name":"Sage - Fresh"},
{"id":"351-22-2637","first_name":"Crab - Imitation Flakes"},
{"id":"193-18-4232","first_name":"Beef - Tender Tips"},
{"id":"241-23-7687","first_name":"Steel Wool"},
{"id":"340-30-0788","first_name":"Chips - Doritos"},
{"id":"443-26-3684","first_name":"Arizona - Green Tea"},
{"id":"498-87-2823","first_name":"Cheese - Cheddar, Medium"},
{"id":"129-53-6306","first_name":"Tea - Vanilla Chai"},
{"id":"419-66-4513","first_name":"Coffee - Decafenated"},
{"id":"515-46-4827","first_name":"Beer - Rickards Red"},
{"id":"894-57-8006","first_name":"Compound - Mocha"},
{"id":"339-75-8893","first_name":"Appetizer - Shrimp Puff"},
{"id":"218-27-1403","first_name":"Wine - Fume Blanc Fetzer"},
{"id":"402-27-2559","first_name":"Haggis"},
{"id":"802-36-6306","first_name":"Yeast Dry - Fermipan"},
{"id":"696-52-8200","first_name":"Oil - Olive, Extra Virgin"},
{"id":"858-47-3606","first_name":"Tray - 16in Rnd Blk"},
{"id":"613-31-2652","first_name":"Sprite, Diet - 355ml"},
{"id":"725-52-0245","first_name":"Lemonade - Kiwi, 591 Ml"},
{"id":"138-20-8497","first_name":"Tart Shells - Sweet, 4"},
{"id":"413-64-4876","first_name":"Sambuca Cream"},
{"id":"175-46-6276","first_name":"Roe - Flying Fish"},
{"id":"353-29-4804","first_name":"Sugar - Fine"},
{"id":"857-73-8984","first_name":"Tea - Green"},
{"id":"823-86-6396","first_name":"Basil - Seedlings Cookstown"},
{"id":"839-30-5782","first_name":"Ginger - Pickled"},
{"id":"501-28-6334","first_name":"Wine - Sawmill Creek Autumn"},
{"id":"241-38-0606","first_name":"Onions Granulated"},
{"id":"326-22-6819","first_name":"Versatainer Nc - 8288"},
{"id":"260-14-6574","first_name":"Pasta - Rotini, Dry"},
{"id":"250-98-1371","first_name":"Cheese - Bocconcini"},
{"id":"832-85-5601","first_name":"Wine - Cotes Du Rhone"},
{"id":"764-21-0824","first_name":"Apricots - Halves"},
{"id":"611-18-9552","first_name":"Mushroom - Crimini"},
{"id":"877-47-3082","first_name":"Yogurt - Blueberry, 175 Gr"},
{"id":"886-48-9404","first_name":"Wine - Red, Cabernet Merlot"},
{"id":"599-33-7036","first_name":"Squid - U - 10 Thailand"},
{"id":"220-57-2796","first_name":"Tomato Paste"},
{"id":"447-47-7976","first_name":"Compound - Passion Fruit"},
{"id":"407-46-1985","first_name":"Syrup - Monin - Granny Smith"},
{"id":"438-50-5455","first_name":"Wine - Pinot Noir Latour"},
{"id":"156-27-1738","first_name":"Beer - Fruli"},
{"id":"390-42-7045","first_name":"Lamb - Loin, Trimmed, Boneless"},
{"id":"220-20-9898","first_name":"Brownies - Two Bite, Chocolate"},
{"id":"458-91-1578","first_name":"Cheese - Brie, Triple Creme"},
{"id":"701-89-5913","first_name":"Pie Box - Cello Window 2.5"},
{"id":"200-02-2373","first_name":"Gatorade - Cool Blue Raspberry"},
{"id":"316-70-6568","first_name":"Seedlings - Buckwheat, Organic"},
{"id":"887-51-3396","first_name":"Wine - Fontanafredda Barolo"},
{"id":"730-11-7539","first_name":"Skirt - 29 Foot"},
{"id":"548-27-2304","first_name":"Cabbage - Savoy"},
{"id":"517-86-0893","first_name":"Beef - Tongue, Fresh"},
{"id":"655-63-8086","first_name":"Jameson - Irish Whiskey"},
{"id":"358-05-5313","first_name":"Coffee - Decaffeinato Coffee"},
{"id":"654-66-2970","first_name":"Tray - Foam, Square 4 - S"},
{"id":"116-74-8464","first_name":"Pasta - Penne Primavera, Single"},
{"id":"772-66-1492","first_name":"Lamb Shoulder Boneless Nz"},
{"id":"265-72-6322","first_name":"Sauce - Demi Glace"},
{"id":"693-21-6141","first_name":"Gatorade - Orange"},
{"id":"714-26-1427","first_name":"Wine - Semi Dry Riesling Vineland"},
{"id":"512-46-4957","first_name":"Lotus Root"},
{"id":"898-69-0735","first_name":"Venison - Liver"},
{"id":"197-24-9853","first_name":"Tea - Darjeeling, Azzura"},
{"id":"654-92-3533","first_name":"Oil - Olive, Extra Virgin"},
{"id":"849-97-7266","first_name":"Schnappes - Peach, Walkers"},
{"id":"279-81-0790","first_name":"Cardamon Ground"},
{"id":"840-32-2764","first_name":"Mustard - Seed"},
{"id":"731-31-1774","first_name":"Lemonade - Pineapple Passion"},
{"id":"532-69-6578","first_name":"Beef - Ox Tongue"},
{"id":"821-84-1262","first_name":"Greens Mustard"},
{"id":"862-60-2756","first_name":"Flour - Whole Wheat"},
{"id":"306-97-6162","first_name":"Madeira"},
{"id":"230-81-2104","first_name":"Onions - Dried, Chopped"},
{"id":"227-91-4226","first_name":"Oil - Coconut"},
{"id":"726-24-6285","first_name":"Soup - Campbells, Creamy"},
{"id":"640-10-0807","first_name":"Pork - Smoked Back Bacon"},
{"id":"646-04-6301","first_name":"Cookie Dough - Double"},
{"id":"621-62-1513","first_name":"Grapefruit - Pink"},
{"id":"661-59-2341","first_name":"Pastry - Butterscotch Baked"},
{"id":"597-07-9238","first_name":"Cabbage - Nappa"},
{"id":"649-96-4948","first_name":"Asparagus - White, Canned"},
{"id":"844-23-2467","first_name":"Cookie Dough - Chocolate Chip"},
{"id":"700-41-2489","first_name":"Soup - Campbells - Chicken Noodle"},
{"id":"601-14-3956","first_name":"Artichokes - Jerusalem"},
{"id":"713-39-7879","first_name":"Veal - Insides, Grains"},
{"id":"653-05-0819","first_name":"Bagel - Whole White Sesame"},
{"id":"134-31-8788","first_name":"Ginsing - Fresh"},
{"id":"518-69-6792","first_name":"Ecolab - Hand Soap Form Antibac"},
{"id":"450-31-1709","first_name":"Flour - All Purpose"},
{"id":"237-66-6206","first_name":"Nantucket - Kiwi Berry Cktl."},
{"id":"726-19-3896","first_name":"Juice - Cranberry, 341 Ml"},
{"id":"276-91-3324","first_name":"Jolt Cola"},
{"id":"734-89-9634","first_name":"Pork - Liver"},
{"id":"440-25-0632","first_name":"Squash - Sunburst"},
{"id":"280-59-4477","first_name":"Compound - Rum"},
{"id":"355-64-9876","first_name":"Beer - Heinekin"},
{"id":"869-29-3960","first_name":"Pork - Ham Hocks - Smoked"},
{"id":"637-69-7538","first_name":"Beef - Prime Rib Aaa"},
{"id":"678-12-7024","first_name":"Vinegar - Tarragon"},
{"id":"775-69-6963","first_name":"Bread - Sour Batard"},
{"id":"618-55-0849","first_name":"Rice - Basmati"},
{"id":"499-79-8586","first_name":"Cheese - Fontina"},
{"id":"684-53-1871","first_name":"Cheese - Mix"},
{"id":"330-79-9777","first_name":"Blue Curacao - Marie Brizard"},
{"id":"865-85-6908","first_name":"Bread - White, Unsliced"},
{"id":"271-25-9927","first_name":"Fish - Base, Bouillion"},
{"id":"526-56-2094","first_name":"Smoked Tongue"},
{"id":"585-81-9257","first_name":"Sole - Fillet"},
{"id":"772-56-0141","first_name":"Soup - Tomato Mush. Florentine"},
{"id":"540-19-1128","first_name":"Samosa - Veg"},
{"id":"298-80-5203","first_name":"Sauce - Black Current, Dry Mix"},
{"id":"242-96-4741","first_name":"Bouq All Italian - Primerba"},
{"id":"186-06-8485","first_name":"Soup Campbells Mexicali Tortilla"},
{"id":"320-16-2135","first_name":"Liners - Banana, Paper"},
{"id":"433-28-9905","first_name":"Pork - Bacon,back Peameal"},
{"id":"857-87-5394","first_name":"Soup - Campbells Chili Veg"},
{"id":"493-91-4980","first_name":"Iced Tea - Lemon, 460 Ml"},
{"id":"891-01-5875","first_name":"Bread Bowl Plain"},
{"id":"168-45-8176","first_name":"Trout - Smoked"},
{"id":"204-77-9437","first_name":"Juice - Apple Cider"},
{"id":"865-05-8796","first_name":"Cassis"},
{"id":"487-21-5319","first_name":"Swiss Chard"},
{"id":"321-18-0712","first_name":"Steampan Lid"},
{"id":"499-83-5722","first_name":"Tilapia - Fillets"},
{"id":"417-94-1981","first_name":"Olives - Kalamata"},
{"id":"241-27-4002","first_name":"Papayas"},
{"id":"585-21-9180","first_name":"V8 - Berry Blend"},
{"id":"230-58-7731","first_name":"Apple - Macintosh"},
{"id":"422-02-0328","first_name":"Bread - Italian Corn Meal Poly"},
{"id":"157-24-6453","first_name":"Wine - Red, Cabernet Merlot"},
{"id":"766-17-9213","first_name":"Wine - Touraine Azay - Le - Rideau"},
{"id":"496-68-6228","first_name":"Broom - Corn"},
{"id":"830-17-9271","first_name":"Cake - Sheet Strawberry"},
{"id":"265-52-9263","first_name":"Egg - Salad Premix"},
{"id":"897-92-1557","first_name":"Soup Campbells Split Pea And Ham"},
{"id":"817-09-7348","first_name":"Shrimp - Black Tiger 16/20"},
{"id":"893-62-7401","first_name":"Clams - Canned"},
{"id":"397-40-4456","first_name":"Rum - Dark, Bacardi, Black"},
{"id":"874-96-0313","first_name":"Beer - Paulaner Hefeweisse"},
{"id":"505-33-0723","first_name":"Bagelers - Cinn / Brown Sugar"},
{"id":"218-82-8504","first_name":"Salmon - Smoked, Sliced"},
{"id":"701-45-6971","first_name":"Nantucket - Carrot Orange"},
{"id":"105-82-0405","first_name":"Cheese - St. Paulin"},
{"id":"246-76-2965","first_name":"Cod - Salted, Boneless"},
{"id":"677-37-8748","first_name":"Tray - 16in Rnd Blk"},
{"id":"500-13-3081","first_name":"Lotus Leaves"},
{"id":"453-36-6654","first_name":"Dasheen"},
{"id":"496-66-5896","first_name":"Bacardi Raspberry"},
{"id":"433-75-2551","first_name":"Sambuca - Opal Nera"},
{"id":"130-11-7891","first_name":"Duck - Whole"},
{"id":"335-20-5579","first_name":"Mussels - Cultivated"},
{"id":"223-25-8378","first_name":"Vinegar - Raspberry"},
{"id":"600-77-8458","first_name":"Shrimp - Black Tiger 16/20"},
{"id":"324-65-8975","first_name":"Bread - Raisin"},
{"id":"179-55-0956","first_name":"Plastic Arrow Stir Stick"},
{"id":"805-31-1195","first_name":"Corn Kernels - Frozen"},
{"id":"700-84-4820","first_name":"Coffee - Decafenated"},
{"id":"267-15-9026","first_name":"Cheese - Gouda"},
{"id":"300-61-2793","first_name":"Liqueur - Melon"},
{"id":"522-98-8141","first_name":"Beans - Long, Chinese"},
{"id":"504-63-3835","first_name":"Wine - Red, Harrow Estates, Cab"},
{"id":"143-56-4555","first_name":"Veal - Striploin"},
{"id":"116-09-5313","first_name":"Mushroom - Shitake, Fresh"},
{"id":"723-79-7746","first_name":"Goat - Whole Cut"},
{"id":"814-32-1800","first_name":"Duck - Breast"},
{"id":"781-68-9123","first_name":"Lamb Shoulder Boneless Nz"},
{"id":"183-65-5822","first_name":"Flour - Rye"},
{"id":"403-64-6524","first_name":"Sansho Powder"},
{"id":"709-45-6956","first_name":"Oil - Peanut"},
{"id":"161-97-5129","first_name":"Sauce - Thousand Island"},
{"id":"767-72-1415","first_name":"Tomato Paste"},
{"id":"551-28-8637","first_name":"Smirnoff Green Apple Twist"},
{"id":"409-09-0806","first_name":"Lettuce - Belgian Endive"}]