[{"id":"559-56-1518","first_name":"Lime Cordial - Roses"},
{"id":"828-46-0869","first_name":"Pork - European Side Bacon"},
{"id":"364-87-3319","first_name":"Orange Roughy 6/8 Oz"},
{"id":"571-10-3167","first_name":"Tea - Herbal Sweet Dreams"},
{"id":"600-63-2775","first_name":"Frangelico"},
{"id":"359-05-0191","first_name":"Nantucket Cranberry Juice"},
{"id":"415-74-1226","first_name":"Bread Cranberry Foccacia"},
{"id":"455-44-4008","first_name":"Sour Puss Raspberry"},
{"id":"375-54-8790","first_name":"Tobasco Sauce"},
{"id":"684-66-3680","first_name":"Bread - Bistro White"},
{"id":"472-59-1712","first_name":"Wine - Mondavi Coastal Private"},
{"id":"651-68-7476","first_name":"Artichokes - Knobless, White"},
{"id":"713-77-3406","first_name":"Soup - Base Broth Chix"},
{"id":"389-37-2355","first_name":"Yogurt - Blueberry, 175 Gr"},
{"id":"279-84-3008","first_name":"Pork - Sausage Casing"},
{"id":"708-69-0591","first_name":"Mini - Vol Au Vents"},
{"id":"359-56-5745","first_name":"Flour - Bran, Red"},
{"id":"329-61-2478","first_name":"Venison - Ground"},
{"id":"569-39-1063","first_name":"Flower - Potmums"},
{"id":"600-35-8717","first_name":"Bread - Rosemary Focaccia"},
{"id":"872-50-4316","first_name":"Kale - Red"},
{"id":"690-72-0156","first_name":"Cranberry Foccacia"},
{"id":"429-33-0724","first_name":"Glass Clear 7 Oz Xl"},
{"id":"567-93-9578","first_name":"Vodka - Smirnoff"},
{"id":"238-46-7382","first_name":"Bread - Crumbs, Bulk"},
{"id":"204-96-2309","first_name":"Beef - Prime Rib Aaa"},
{"id":"447-18-7618","first_name":"Longos - Grilled Chicken With"},
{"id":"172-01-5687","first_name":"Sauce - Soy Low Sodium - 3.87l"},
{"id":"784-42-5390","first_name":"Transfer Sheets"},
{"id":"880-22-4159","first_name":"Tilapia - Fillets"},
{"id":"427-57-2350","first_name":"Beef Ground Medium"},
{"id":"103-91-9072","first_name":"Lamb - Shoulder, Boneless"},
{"id":"464-11-4805","first_name":"Bay Leaf Ground"},
{"id":"553-61-6131","first_name":"Juice - V8, Tomato"},
{"id":"366-86-5364","first_name":"Dish Towel"},
{"id":"487-29-4163","first_name":"Bread Sour Rolls"},
{"id":"749-11-3163","first_name":"Beef - Prime Rib Aaa"},
{"id":"347-55-7129","first_name":"Hickory Smoke, Liquid"},
{"id":"576-56-3638","first_name":"Nut - Walnut, Chopped"},
{"id":"346-64-8375","first_name":"Cheese - Marble"},
{"id":"858-62-6158","first_name":"Bread - Rosemary Focaccia"},
{"id":"132-07-5787","first_name":"Grenadine"},
{"id":"266-76-3875","first_name":"Energy Drink - Redbull 355ml"},
{"id":"120-29-8137","first_name":"Wine - Barbera Alba Doc 2001"},
{"id":"628-79-0672","first_name":"Trout - Rainbow, Fresh"},
{"id":"493-35-9511","first_name":"Soup - Base Broth Chix"},
{"id":"411-78-2984","first_name":"Cheese - Brick With Pepper"},
{"id":"888-58-5684","first_name":"Shrimp - 16/20, Peeled Deviened"},
{"id":"299-65-2409","first_name":"Cheese - Parmigiano Reggiano"},
{"id":"197-92-1853","first_name":"Pimento - Canned"},
{"id":"263-23-4616","first_name":"Wine - Niagara,vqa Reisling"},
{"id":"474-73-9481","first_name":"Table Cloth 62x114 White"},
{"id":"884-97-2709","first_name":"Cheese - La Sauvagine"},
{"id":"586-14-1442","first_name":"Pork - Ham Hocks - Smoked"},
{"id":"485-29-4794","first_name":"Muffin - Mix - Mango Sour Cherry"},
{"id":"287-13-6746","first_name":"Veal - Bones"},
{"id":"811-62-8350","first_name":"Pepper - Scotch Bonnet"},
{"id":"704-19-9491","first_name":"Sauce - Mint"},
{"id":"371-57-4148","first_name":"Teriyaki Sauce"},
{"id":"384-46-5310","first_name":"Coffee Beans - Chocolate"},
{"id":"497-25-9155","first_name":"Sugar - Individual Portions"},
{"id":"251-28-7752","first_name":"Bread - White Epi Baguette"},
{"id":"514-27-4786","first_name":"V8 Pet"},
{"id":"245-59-1468","first_name":"Wine - Magnotta, White"},
{"id":"870-48-4764","first_name":"Rosemary - Dry"},
{"id":"741-74-6000","first_name":"Juice - Apple, 500 Ml"},
{"id":"536-63-8946","first_name":"Salmon - Canned"},
{"id":"595-44-4979","first_name":"Appetizer - Assorted Box"},
{"id":"688-67-5548","first_name":"Cookie Dough - Double"},
{"id":"562-77-8008","first_name":"Wine - Remy Pannier Rose"},
{"id":"533-14-0077","first_name":"Ecolab - Hobart Washarm End Cap"},
{"id":"114-62-7114","first_name":"Schnappes Peppermint - Walker"},
{"id":"646-54-2062","first_name":"Veal - Ground"},
{"id":"705-74-9100","first_name":"Pepper - Red Thai"},
{"id":"762-90-7141","first_name":"Carrots - Jumbo"},
{"id":"693-81-5604","first_name":"Ecolab - Power Fusion"},
{"id":"570-71-3522","first_name":"Evaporated Milk - Skim"},
{"id":"369-92-2424","first_name":"Bread - Frozen Basket Variety"},
{"id":"183-14-3731","first_name":"Oil - Canola"},
{"id":"692-05-0776","first_name":"Wine - Two Oceans Sauvignon"},
{"id":"638-03-4813","first_name":"Wine - Red, Lurton Merlot De"},
{"id":"509-50-3406","first_name":"Lid - 10,12,16 Oz"},
{"id":"692-98-8570","first_name":"Steamers White"},
{"id":"579-13-3229","first_name":"Mousse - Banana Chocolate"},
{"id":"735-76-1980","first_name":"Bacon Strip Precooked"},
{"id":"532-70-6427","first_name":"Asparagus - White, Canned"},
{"id":"178-95-8010","first_name":"Split Peas - Yellow, Dry"},
{"id":"405-72-0941","first_name":"Peach - Fresh"},
{"id":"110-06-8615","first_name":"Truffle Cups - White Paper"},
{"id":"112-77-0141","first_name":"Wine - Prem Select Charddonany"},
{"id":"261-47-5499","first_name":"Lamb Tenderloin Nz Fr"},
{"id":"417-50-1364","first_name":"Squid U5 - Thailand"},
{"id":"563-90-0071","first_name":"Sugar - White Packet"},
{"id":"667-49-8669","first_name":"Cassis"},
{"id":"849-50-3236","first_name":"Cherries - Frozen"},
{"id":"399-51-8607","first_name":"Otomegusa Dashi Konbu"},
{"id":"628-75-0261","first_name":"Gherkin - Sour"},
{"id":"733-70-1070","first_name":"Tabasco Sauce, 2 Oz"},
{"id":"183-54-8483","first_name":"Nut - Almond, Blanched, Sliced"},
{"id":"112-80-0082","first_name":"Red Snapper - Fillet, Skin On"},
{"id":"853-67-9581","first_name":"Carrots - Jumbo"},
{"id":"105-40-4288","first_name":"Sauce - Caesar Dressing"},
{"id":"161-37-9096","first_name":"Fudge - Chocolate Fudge"},
{"id":"858-39-8490","first_name":"Water Chestnut - Canned"},
{"id":"419-45-3657","first_name":"Wine - Red, Colio Cabernet"},
{"id":"474-93-4200","first_name":"Lamb - Whole, Fresh"},
{"id":"475-81-3034","first_name":"Jagermeister"},
{"id":"102-51-9677","first_name":"Basil - Pesto Sauce"},
{"id":"434-52-7907","first_name":"Beans - Soya Bean"},
{"id":"656-08-1247","first_name":"Wine - White, Pelee Island"},
{"id":"398-05-3236","first_name":"Praline Paste"},
{"id":"871-46-5323","first_name":"Cherries - Frozen"},
{"id":"255-09-3653","first_name":"Fondant - Icing"},
{"id":"385-10-9537","first_name":"Cookie Dough - Double"},
{"id":"514-68-2982","first_name":"Raisin - Dark"},
{"id":"530-54-4978","first_name":"Zucchini - Mini, Green"},
{"id":"385-50-2530","first_name":"Lentils - Green, Dry"},
{"id":"151-81-8470","first_name":"Ecolab - Medallion"},
{"id":"134-65-0006","first_name":"Pastry - Cherry Danish - Mini"},
{"id":"204-09-0786","first_name":"Seedlings - Clamshell"},
{"id":"492-25-1897","first_name":"V8 - Tropical Blend"},
{"id":"476-82-5490","first_name":"Cookies - Englishbay Wht"},
{"id":"808-19-4349","first_name":"Wine - Fat Bastard Merlot"},
{"id":"721-59-9387","first_name":"Garlic - Elephant"},
{"id":"391-71-2321","first_name":"Sauce Tomato Pouch"},
{"id":"697-48-1961","first_name":"Bread - Pumpernickle, Rounds"},
{"id":"194-95-0912","first_name":"Steampan - Lid For Half Size"},
{"id":"607-99-2498","first_name":"Dried Figs"},
{"id":"361-76-2080","first_name":"Bread - Pita, Mini"},
{"id":"547-86-4862","first_name":"Asparagus - White, Fresh"},
{"id":"519-78-3347","first_name":"Pasta - Cheese / Spinach Bauletti"},
{"id":"724-36-2842","first_name":"Garlic Powder"},
{"id":"525-30-5421","first_name":"Veal - Nuckle"},
{"id":"180-73-7569","first_name":"Wine - German Riesling"},
{"id":"817-95-4025","first_name":"Flour - Rye"},
{"id":"770-97-7730","first_name":"Napkin - Beverge, White 2 - Ply"},
{"id":"768-51-6815","first_name":"Bag Clear 10 Lb"},
{"id":"483-73-9656","first_name":"Muffin - Zero Transfat"},
{"id":"381-86-2949","first_name":"Lettuce - Belgian Endive"},
{"id":"737-25-3966","first_name":"Cheese - Camembert"},
{"id":"734-86-7113","first_name":"Langers - Mango Nectar"},
{"id":"224-45-0754","first_name":"Canada Dry"},
{"id":"477-64-5963","first_name":"Bowl 12 Oz - Showcase 92012"},
{"id":"787-61-7846","first_name":"Lemon Grass"},
{"id":"395-71-3883","first_name":"Raspberries - Frozen"},
{"id":"177-30-7772","first_name":"Bay Leaf"},
{"id":"462-80-6136","first_name":"Lemonade - Strawberry, 591 Ml"},
{"id":"444-82-1694","first_name":"Wine - Valpolicella Masi"},
{"id":"435-33-7731","first_name":"Flour - Strong Pizza"},
{"id":"754-21-6282","first_name":"Juice - Orange, Concentrate"},
{"id":"453-46-6545","first_name":"Chicken - Whole"},
{"id":"368-50-9213","first_name":"Broom - Push"},
{"id":"657-24-2565","first_name":"Bread - Raisin Walnut Pull"},
{"id":"126-24-4482","first_name":"Clams - Littleneck, Whole"},
{"id":"583-04-8681","first_name":"Rolled Oats"},
{"id":"416-07-7960","first_name":"Anchovy Fillets"},
{"id":"169-79-5167","first_name":"Pork - European Side Bacon"},
{"id":"103-56-1451","first_name":"Pepper - Black, Ground"},
{"id":"491-30-1136","first_name":"Sauce - Gravy, Au Jus, Mix"},
{"id":"508-04-2225","first_name":"Wine - Black Tower Qr"},
{"id":"571-84-4477","first_name":"Cleaner - Pine Sol"},
{"id":"136-20-1306","first_name":"Haggis"},
{"id":"730-35-9521","first_name":"Juice - Orange"},
{"id":"143-31-0607","first_name":"Olives - Morracan Dired"},
{"id":"637-05-7011","first_name":"Bread - Corn Muffaleta Onion"},
{"id":"895-37-6576","first_name":"Mushroom - King Eryingii"},
{"id":"644-31-6894","first_name":"Kiwi"},
{"id":"307-45-5899","first_name":"Fudge - Cream Fudge"},
{"id":"200-21-2610","first_name":"Juice - Happy Planet"},
{"id":"708-31-6334","first_name":"Curry Paste - Green Masala"},
{"id":"221-46-9601","first_name":"Cup Translucent 9 Oz"},
{"id":"211-28-9721","first_name":"Wine - Alsace Riesling Reserve"},
{"id":"856-01-5179","first_name":"Cheese - Manchego, Spanish"},
{"id":"743-38-7465","first_name":"Pork Salted Bellies"},
{"id":"816-65-8111","first_name":"Grand Marnier"},
{"id":"881-69-1882","first_name":"Squid Ink"},
{"id":"682-19-7390","first_name":"Dome Lid Clear P92008h"},
{"id":"359-12-3908","first_name":"Bread - White, Unsliced"},
{"id":"342-24-1299","first_name":"Pork Loin Bine - In Frenched"},
{"id":"584-56-1024","first_name":"Corn - Mini"},
{"id":"893-96-3197","first_name":"Tamarind Paste"},
{"id":"582-08-2684","first_name":"Plastic Arrow Stir Stick"},
{"id":"363-61-7657","first_name":"Pepsi - 600ml"},
{"id":"414-32-5914","first_name":"Soup - Campbells Bean Medley"},
{"id":"118-33-7106","first_name":"Beer - Sleemans Honey Brown"},
{"id":"587-80-1022","first_name":"V8 Pet"},
{"id":"375-14-0973","first_name":"Chinese Lemon Pork"},
{"id":"349-39-2090","first_name":"Soup - Cream Of Broccoli, Dry"},
{"id":"892-52-0677","first_name":"Olive - Spread Tapenade"},
{"id":"475-58-9848","first_name":"Soup Knorr Chili With Beans"},
{"id":"827-76-7075","first_name":"Flour - So Mix Cake White"},
{"id":"551-86-4133","first_name":"Sandwich Wrap"},
{"id":"754-40-6625","first_name":"Dc - Frozen Momji"},
{"id":"130-34-7029","first_name":"Juice - Mango"},
{"id":"605-45-5819","first_name":"Fish - Halibut, Cold Smoked"},
{"id":"612-33-4021","first_name":"Olives - Green, Pitted"},
{"id":"600-40-1848","first_name":"Wine La Vielle Ferme Cote Du"},
{"id":"153-10-1452","first_name":"Smirnoff Green Apple Twist"},
{"id":"530-40-6764","first_name":"Muffin - Mix - Bran And Maple 15l"},
{"id":"502-37-9049","first_name":"Nut - Pecan, Pieces"},
{"id":"299-12-1066","first_name":"Coffee - Colombian, Portioned"},
{"id":"688-49-8123","first_name":"Beans - Black Bean, Preserved"},
{"id":"708-98-6438","first_name":"Hold Up Tool Storage Rack"},
{"id":"274-06-3250","first_name":"Sterno - Chafing Dish Fuel"},
{"id":"725-78-8156","first_name":"Sauce - Hoisin"},
{"id":"611-60-6345","first_name":"Versatainer Nc - 888"},
{"id":"423-14-3473","first_name":"Ham - Cooked Italian"},
{"id":"186-36-5713","first_name":"Sausage - Chorizo"},
{"id":"223-17-8583","first_name":"Soup - Knorr, Country Bean"},
{"id":"273-71-8710","first_name":"Vodka - Smirnoff"},
{"id":"841-65-6717","first_name":"Corn - Cream, Canned"},
{"id":"643-51-9885","first_name":"Sauce - Hollandaise"},
{"id":"581-23-9012","first_name":"Beef - Top Sirloin - Aaa"},
{"id":"642-84-6411","first_name":"Veal - Round, Eye Of"},
{"id":"383-83-7619","first_name":"Cup - 3.5oz, Foam"},
{"id":"780-99-4327","first_name":"Chilli Paste, Hot Sambal Oelek"},
{"id":"702-29-0800","first_name":"Flour - Bran, Red"},
{"id":"599-69-8768","first_name":"Lettuce - Radicchio"},
{"id":"301-12-6533","first_name":"Veal - Brisket, Provimi, Bone - In"},
{"id":"103-25-8149","first_name":"Rosemary - Primerba, Paste"},
{"id":"758-75-1249","first_name":"Goat - Leg"},
{"id":"483-10-9264","first_name":"Bagelers - Cinn / Brown Sugar"},
{"id":"489-09-0034","first_name":"Clam Nectar"},
{"id":"312-86-7455","first_name":"Alize Red Passion"},
{"id":"146-73-6205","first_name":"Snapple - Mango Maddness"},
{"id":"299-74-4806","first_name":"Lettuce - Sea / Sea Asparagus"},
{"id":"444-35-1591","first_name":"Schnappes Peppermint - Walker"},
{"id":"737-57-7011","first_name":"Mudslide"},
{"id":"805-58-8625","first_name":"Chocolate Bar - Reese Pieces"},
{"id":"810-19-1950","first_name":"Beef - Eye Of Round"},
{"id":"718-31-4559","first_name":"Grapes - Green"},
{"id":"849-74-4653","first_name":"Milk - 1%"},
{"id":"762-21-9500","first_name":"Pastry - Cherry Danish - Mini"},
{"id":"286-44-2480","first_name":"Wine - Chardonnay South"},
{"id":"170-48-2262","first_name":"Iced Tea Concentrate"},
{"id":"875-20-0152","first_name":"Vermouth - Sweet, Cinzano"},
{"id":"792-57-2238","first_name":"Ginger - Pickled"},
{"id":"415-58-4573","first_name":"Venison - Denver Leg Boneless"},
{"id":"350-75-0545","first_name":"Tea - Darjeeling, Azzura"},
{"id":"846-54-2658","first_name":"Syrup - Monin, Swiss Choclate"},
{"id":"633-51-2011","first_name":"Grouper - Fresh"},
{"id":"247-63-6983","first_name":"Wine - Magnotta, Merlot Sr Vqa"},
{"id":"304-86-0100","first_name":"Bandage - Flexible Neon"},
{"id":"196-30-3788","first_name":"Wine - Montecillo Rioja Crianza"},
{"id":"462-14-0569","first_name":"Pomello"},
{"id":"829-78-9693","first_name":"Vinegar - Red Wine"},
{"id":"890-25-8898","first_name":"Juice - Happy Planet"},
{"id":"839-04-2422","first_name":"Yucca"},
{"id":"190-56-9036","first_name":"Pork - Bacon, Double Smoked"},
{"id":"394-74-4501","first_name":"Sausage - Blood Pudding"},
{"id":"576-93-8345","first_name":"Cake - Cheese Cake 9 Inch"},
{"id":"524-11-7205","first_name":"Arctic Char - Fresh, Whole"},
{"id":"372-43-4489","first_name":"Bulgar"},
{"id":"720-11-3401","first_name":"Mustard - Individual Pkg"},
{"id":"443-19-5515","first_name":"Beer - Original Organic Lager"},
{"id":"712-02-7305","first_name":"Tray - 12in Rnd Blk"},
{"id":"734-21-3074","first_name":"Sauce - Bernaise, Mix"},
{"id":"236-27-9800","first_name":"Fruit Salad Deluxe"},
{"id":"508-22-4137","first_name":"Cheese - La Sauvagine"},
{"id":"321-89-7741","first_name":"Tea - Black Currant"},
{"id":"770-54-3475","first_name":"French Pastries"},
{"id":"728-44-4830","first_name":"Rum - Spiced, Captain Morgan"},
{"id":"460-94-1221","first_name":"Tea - Apple Green Tea"},
{"id":"415-24-1899","first_name":"Soupcontfoam16oz 116con"},
{"id":"830-47-8883","first_name":"Sauce - Thousand Island"},
{"id":"645-75-9744","first_name":"Crackers - Trio"},
{"id":"541-14-1893","first_name":"Onions Granulated"},
{"id":"522-80-2497","first_name":"Yukon Jack"},
{"id":"453-53-9415","first_name":"Ecolab Silver Fusion"},
{"id":"793-04-5719","first_name":"Wine - Tribal Sauvignon"},
{"id":"420-50-4162","first_name":"Versatainer Nc - 888"},
{"id":"328-13-4618","first_name":"Ostrich - Fan Fillet"},
{"id":"874-58-5382","first_name":"Bagel - Sesame Seed Presliced"},
{"id":"746-77-2374","first_name":"Water - Green Tea Refresher"},
{"id":"888-17-1347","first_name":"Olives - Morracan Dired"},
{"id":"120-78-1198","first_name":"Wine - Valpolicella Masi"},
{"id":"535-87-8643","first_name":"Cod - Black Whole Fillet"},
{"id":"360-04-9452","first_name":"Mace Ground"},
{"id":"360-95-2814","first_name":"Longos - Cheese Tortellini"},
{"id":"896-17-1979","first_name":"Juice - Cranberry, 341 Ml"},
{"id":"731-26-8439","first_name":"Pepper - Green Thai"},
{"id":"380-55-8488","first_name":"Ecolab Digiclean Mild Fm"},
{"id":"817-12-9959","first_name":"Capon - Breast, Wing On"},
{"id":"104-67-3569","first_name":"Ice Cream - Life Savers"},
{"id":"195-63-8281","first_name":"Beef - Bresaola"},
{"id":"886-32-7810","first_name":"Soap - Pine Sol Floor Cleaner"},
{"id":"217-52-3953","first_name":"Relish"},
{"id":"644-01-9471","first_name":"Tomatoes - Diced, Canned"},
{"id":"360-31-6209","first_name":"Vodka - Lemon, Absolut"},
{"id":"654-67-9728","first_name":"Vinegar - Rice"},
{"id":"757-39-7392","first_name":"Trout - Hot Smkd, Dbl Fillet"},
{"id":"890-55-8738","first_name":"Cheese - Swiss"},
{"id":"155-72-4657","first_name":"Cup - Translucent 7 Oz Clear"},
{"id":"554-37-9023","first_name":"Spice - Paprika"},
{"id":"183-72-3209","first_name":"Compound - Passion Fruit"},
{"id":"675-30-0949","first_name":"Beans - Black Bean, Dry"},
{"id":"449-42-0665","first_name":"Lettuce - Green Leaf"},
{"id":"838-30-1456","first_name":"Salad Dressing"},
{"id":"164-25-3829","first_name":"Cheese - Gouda"},
{"id":"243-53-2428","first_name":"Vinegar - White Wine"},
{"id":"638-08-1280","first_name":"Wine - White, Mosel Gold"},
{"id":"852-39-1892","first_name":"Flour - Semolina"},
{"id":"103-23-6927","first_name":"Spring Roll Wrappers"},
{"id":"112-96-6280","first_name":"Banana - Green"},
{"id":"333-26-5770","first_name":"Carrots - Jumbo"},
{"id":"608-17-1992","first_name":"Chinese Foods - Thick Noodles"},
{"id":"216-70-2296","first_name":"Lime Cordial - Roses"},
{"id":"801-65-4340","first_name":"Chocolate - Compound Coating"},
{"id":"845-31-9494","first_name":"Soup - Campbells Chicken"},
{"id":"333-31-5838","first_name":"Tomatoes - Cherry, Yellow"},
{"id":"766-71-2448","first_name":"Fennel - Seeds"},
{"id":"192-66-6302","first_name":"Campari"},
{"id":"372-20-7183","first_name":"Pork - Shoulder"},
{"id":"178-40-4567","first_name":"Walkers Special Old Whiskey"},
{"id":"517-57-9798","first_name":"Glaze - Clear"},
{"id":"255-11-7709","first_name":"Liqueur Banana, Ramazzotti"},
{"id":"701-58-9742","first_name":"Pepsi - 600ml"},
{"id":"543-37-3809","first_name":"Wine - Casablanca Valley"},
{"id":"773-48-3227","first_name":"Oil - Olive, Extra Virgin"},
{"id":"628-97-4453","first_name":"Rice - Brown"},
{"id":"707-32-3185","first_name":"Fruit Mix - Light"},
{"id":"449-43-6321","first_name":"Veal - Inside"},
{"id":"897-26-5968","first_name":"Beef Cheek Fresh"},
{"id":"611-10-0366","first_name":"Pastry - Plain Baked Croissant"},
{"id":"102-98-3570","first_name":"Sauce - White, Mix"},
{"id":"411-45-9390","first_name":"Island Oasis - Sweet And Sour Mix"},
{"id":"714-44-8792","first_name":"Beef - Striploin Aa"},
{"id":"642-07-6657","first_name":"Onion - Dried"},
{"id":"114-19-5921","first_name":"Zucchini - Yellow"},
{"id":"260-13-1947","first_name":"Salmon Steak - Cohoe 6 Oz"},
{"id":"691-09-9309","first_name":"Juice - Grape, White"},
{"id":"324-86-2160","first_name":"Curry Powder Madras"},
{"id":"799-80-5044","first_name":"Beef - Short Loin"},
{"id":"441-98-9988","first_name":"Cookie Trail Mix"},
{"id":"323-99-1004","first_name":"Cheese Cloth No 100"},
{"id":"453-21-6941","first_name":"Beans - Wax"},
{"id":"682-55-0219","first_name":"Island Oasis - Strawberry"},
{"id":"455-05-4238","first_name":"Wine - Red, Lurton Merlot De"},
{"id":"455-09-2956","first_name":"Appetizer - Seafood Assortment"},
{"id":"532-76-7016","first_name":"Mushroom - King Eryingii"},
{"id":"761-49-3612","first_name":"Sprouts - Brussel"},
{"id":"294-57-1187","first_name":"Creme De Cacao Mcguines"},
{"id":"142-82-9053","first_name":"Yukon Jack"},
{"id":"879-49-0432","first_name":"Bread Country Roll"},
{"id":"548-39-9064","first_name":"Cheese - Sheep Milk"},
{"id":"387-70-8960","first_name":"Snapple Raspberry Tea"},
{"id":"774-34-7212","first_name":"Pears - Anjou"},
{"id":"160-06-3426","first_name":"Pastry - Chocolate Marble Tea"},
{"id":"470-29-6969","first_name":"Wine - Saint Emilion Calvet"},
{"id":"341-80-5327","first_name":"Wine - Riesling Dr. Pauly"},
{"id":"396-10-6328","first_name":"Chocolate - Unsweetened"},
{"id":"675-85-5481","first_name":"Cake - Cheese Cake 9 Inch"},
{"id":"411-09-5475","first_name":"Energy - Boo - Koo"},
{"id":"634-55-2595","first_name":"Crab - Dungeness, Whole"},
{"id":"357-08-0264","first_name":"Wine - Red, Harrow Estates, Cab"},
{"id":"782-04-0788","first_name":"Crackers - Melba Toast"},
{"id":"716-57-3525","first_name":"French Kiss Vanilla"},
{"id":"431-51-3531","first_name":"Cheese - Sheep Milk"},
{"id":"883-60-7364","first_name":"Cheese - Cheddar, Old White"},
{"id":"828-35-5334","first_name":"Tart Shells - Sweet, 4"},
{"id":"821-40-9019","first_name":"Apple - Royal Gala"},
{"id":"230-68-9914","first_name":"Juice - V8, Tomato"},
{"id":"179-72-6397","first_name":"Beef - Top Sirloin - Aaa"},
{"id":"765-94-6581","first_name":"Duck - Fat"},
{"id":"573-46-9479","first_name":"Pastry - Choclate Baked"},
{"id":"136-50-0686","first_name":"Soup - Verve - Chipotle Chicken"},
{"id":"341-02-9695","first_name":"Snapple Raspberry Tea"},
{"id":"538-56-3492","first_name":"Lemonade - Island Tea, 591 Ml"},
{"id":"474-10-2107","first_name":"Pork Loin Bine - In Frenched"},
{"id":"571-23-2093","first_name":"Tea - Apple Green Tea"},
{"id":"400-72-7256","first_name":"General Purpose Trigger"},
{"id":"189-40-9091","first_name":"Chutney Sauce"},
{"id":"137-59-2601","first_name":"Garam Masala Powder"},
{"id":"589-99-2133","first_name":"Gooseberry"},
{"id":"290-42-7698","first_name":"Crab - Imitation Flakes"},
{"id":"580-48-4493","first_name":"Beef - Tenderloin - Aa"},
{"id":"768-46-4520","first_name":"Eggplant Italian"},
{"id":"484-91-6861","first_name":"Wine - Chateau Bonnet"},
{"id":"645-86-4412","first_name":"Wine - Rosso Toscano Igt"},
{"id":"122-52-7143","first_name":"Oil - Truffle, Black"},
{"id":"720-40-6049","first_name":"Kale - Red"},
{"id":"611-47-5429","first_name":"Scallops - 20/30"},
{"id":"264-10-2177","first_name":"Paper - Brown Paper Mini Cups"},
{"id":"875-86-6650","first_name":"Cheese - Swiss"},
{"id":"407-59-9395","first_name":"Table Cloth 53x53 White"},
{"id":"223-94-3868","first_name":"Soup Campbells - Tomato Bisque"},
{"id":"853-68-7461","first_name":"Pasta - Fusili, Dry"},
{"id":"410-29-8478","first_name":"Dip - Tapenade"},
{"id":"181-79-7480","first_name":"Ice Cream - Chocolate"},
{"id":"317-86-9344","first_name":"Cookies - Fortune"},
{"id":"100-57-8730","first_name":"Wine - White, Riesling, Semi - Dry"},
{"id":"730-59-9468","first_name":"Oil - Margarine"},
{"id":"643-70-0020","first_name":"Tart Shells - Sweet, 3"},
{"id":"863-55-9279","first_name":"Rye Special Old"},
{"id":"258-76-1770","first_name":"Bar Mix - Lemon"},
{"id":"204-55-4436","first_name":"Cheese Cloth No 60"},
{"id":"399-16-8600","first_name":"Wine - Tio Pepe Sherry Fino"},
{"id":"780-77-2916","first_name":"Dr. Pepper - 355ml"},
{"id":"338-59-3131","first_name":"Ecolab Crystal Fusion"},
{"id":"801-76-5653","first_name":"Cod - Fillets"},
{"id":"307-64-7441","first_name":"Wine - Magnotta - Cab Franc"},
{"id":"713-30-8890","first_name":"Temperature Recording Station"},
{"id":"603-29-0975","first_name":"Sauce - Balsamic Viniagrette"},
{"id":"126-75-2581","first_name":"Pork - Chop, Frenched"},
{"id":"655-82-0950","first_name":"Cheese - Brie, Triple Creme"},
{"id":"567-86-9482","first_name":"Wine - Sicilia Igt Nero Avola"},
{"id":"496-71-2272","first_name":"Paste - Black Olive"},
{"id":"411-63-0386","first_name":"Beef Wellington"},
{"id":"685-39-5878","first_name":"Squash - Acorn"},
{"id":"198-39-3153","first_name":"Anisette - Mcguiness"},
{"id":"114-56-4159","first_name":"Pork - Bacon, Sliced"},
{"id":"746-83-7073","first_name":"Mushroom - Porcini Frozen"},
{"id":"430-07-1588","first_name":"Salt - Rock, Course"},
{"id":"449-43-4905","first_name":"Juice - Lime"},
{"id":"623-88-3556","first_name":"Cake - Cheese Cake 9 Inch"},
{"id":"212-26-5068","first_name":"Appetizer - Mini Egg Roll, Shrimp"},
{"id":"359-11-3688","first_name":"Bread - Rolls, Rye"},
{"id":"807-12-4797","first_name":"Bread - Ciabatta Buns"},
{"id":"396-46-8208","first_name":"Ham - Cooked Bayonne Tinned"},
{"id":"855-78-7447","first_name":"Wine - Kwv Chenin Blanc South"},
{"id":"208-76-6853","first_name":"Tart Shells - Savory, 4"},
{"id":"705-92-2382","first_name":"Cheese - Camembert"},
{"id":"459-58-2590","first_name":"Duck - Legs"},
{"id":"530-81-9714","first_name":"Tuna - Sushi Grade"},
{"id":"346-55-8394","first_name":"Sprouts - Brussel"},
{"id":"669-93-2804","first_name":"Tequila Rose Cream Liquor"},
{"id":"318-03-2600","first_name":"Star Fruit"},
{"id":"235-13-4094","first_name":"Juice - Apple Cider"},
{"id":"552-26-1898","first_name":"Pasta - Ravioli"},
{"id":"238-27-4348","first_name":"Pur Value"},
{"id":"231-33-0856","first_name":"Beans - Long, Chinese"},
{"id":"630-14-7616","first_name":"Parsley - Fresh"},
{"id":"473-74-1726","first_name":"Cups 10oz Trans"},
{"id":"387-76-3141","first_name":"Pate - Cognac"},
{"id":"683-98-4850","first_name":"Crab - Dungeness, Whole"},
{"id":"625-83-6915","first_name":"Honey - Comb"},
{"id":"189-95-7822","first_name":"Wine - Zinfandel California 2002"},
{"id":"206-13-2169","first_name":"Ocean Spray - Ruby Red"},
{"id":"349-60-5070","first_name":"Vol Au Vents"},
{"id":"555-11-5351","first_name":"Sauce - Hoisin"},
{"id":"714-24-0154","first_name":"Spic And Span All Purpose"},
{"id":"239-49-5636","first_name":"Ranchero - Primerba, Paste"},
{"id":"297-16-7790","first_name":"Bread Base - Italian"},
{"id":"664-27-7448","first_name":"Trout - Hot Smkd, Dbl Fillet"},
{"id":"544-50-3972","first_name":"Water - Mineral, Carbonated"},
{"id":"701-58-7816","first_name":"Filling - Mince Meat"},
{"id":"796-72-6754","first_name":"Liners - Baking Cups"},
{"id":"433-01-6938","first_name":"Pails With Lids"},
{"id":"671-64-1475","first_name":"Quail - Eggs, Fresh"},
{"id":"530-01-4783","first_name":"Sugar - Invert"},
{"id":"633-12-7240","first_name":"Fruit Mix - Light"},
{"id":"855-17-6993","first_name":"Grand Marnier"},
{"id":"565-75-0790","first_name":"Bagel - Sesame Seed Presliced"},
{"id":"653-88-4274","first_name":"Butter - Unsalted"},
{"id":"534-53-0018","first_name":"Beer - Blue Light"},
{"id":"256-48-3854","first_name":"Basil - Fresh"},
{"id":"868-54-4661","first_name":"Bread - Roll, Canadian Dinner"},
{"id":"439-90-5733","first_name":"Cheese - Ermite Bleu"},
{"id":"158-51-3475","first_name":"Vinegar - Tarragon"},
{"id":"230-95-5555","first_name":"Taro Leaves"},
{"id":"704-93-7467","first_name":"Veal - Slab Bacon"},
{"id":"171-72-9381","first_name":"Coffee Swiss Choc Almond"},
{"id":"329-05-2886","first_name":"Bread - Triangle White"},
{"id":"188-83-0341","first_name":"Wine - Shiraz Wolf Blass Premium"},
{"id":"379-79-6409","first_name":"Pasta - Cheese / Spinach Bauletti"},
{"id":"343-20-5027","first_name":"Pie Shells 10"},
{"id":"791-96-1381","first_name":"Flavouring Vanilla Artificial"},
{"id":"657-41-1649","first_name":"Venison - Ground"},
{"id":"681-34-1004","first_name":"Bagel - 12 Grain Preslice"},
{"id":"266-81-9609","first_name":"Mackerel Whole Fresh"},
{"id":"446-64-7946","first_name":"Wine - Shiraz Wolf Blass Premium"},
{"id":"408-59-6673","first_name":"Beans - Kidney White"},
{"id":"614-47-7883","first_name":"Muffin Mix - Morning Glory"},
{"id":"440-49-6055","first_name":"Wine - White, French Cross"},
{"id":"173-52-4816","first_name":"Kippers - Smoked"},
{"id":"383-01-8211","first_name":"Beans - Kidney White"},
{"id":"744-57-7507","first_name":"Thyme - Lemon, Fresh"},
{"id":"849-29-5880","first_name":"French Kiss Vanilla"},
{"id":"786-63-9148","first_name":"Soy Protein"},
{"id":"343-71-1538","first_name":"Strawberries"},
{"id":"601-36-5522","first_name":"Monkfish - Fresh"},
{"id":"408-65-3666","first_name":"Lid - Translucent, 3.5 And 6 Oz"},
{"id":"791-80-9754","first_name":"Chicken Breast Halal"},
{"id":"335-63-3825","first_name":"Cumin - Whole"},
{"id":"856-38-6398","first_name":"Pasta - Bauletti, Chicken White"},
{"id":"419-67-0399","first_name":"Macaroons - Two Bite Choc"},
{"id":"142-12-1407","first_name":"Lettuce - Sea / Sea Asparagus"},
{"id":"283-71-2743","first_name":"Syrup - Monin, Irish Cream"},
{"id":"765-70-0868","first_name":"Water - Aquafina Vitamin"},
{"id":"164-75-1585","first_name":"Bread - Sour Sticks With Onion"},
{"id":"598-44-1527","first_name":"Yogurt - Blueberry, 175 Gr"},
{"id":"321-65-8858","first_name":"Wine - White, Colubia Cresh"},
{"id":"124-92-9473","first_name":"Coconut Milk - Unsweetened"},
{"id":"383-15-9306","first_name":"Pork - European Side Bacon"},
{"id":"178-58-0465","first_name":"Plaintain"},
{"id":"563-92-4714","first_name":"Lid Coffeecup 12oz D9542b"},
{"id":"415-75-7198","first_name":"Venison - Racks Frenched"},
{"id":"790-54-0220","first_name":"Smoked Paprika"},
{"id":"164-77-5651","first_name":"Squid - Tubes / Tenticles 10/20"},
{"id":"689-15-0702","first_name":"Pepper - Cayenne"},
{"id":"573-23-3876","first_name":"Lentils - Green Le Puy"},
{"id":"149-98-1507","first_name":"Scampi Tail"},
{"id":"351-67-9618","first_name":"Onions - Cooking"},
{"id":"860-28-1053","first_name":"Pasta - Cheese / Spinach Bauletti"},
{"id":"332-53-2762","first_name":"Cookie Dough - Peanut Butter"},
{"id":"870-31-2028","first_name":"Garlic - Peeled"},
{"id":"449-47-7524","first_name":"Juice - Clam, 46 Oz"},
{"id":"266-29-6154","first_name":"Shrimp - Tiger 21/25"},
{"id":"207-91-2485","first_name":"Kellogs Raisan Bran Bars"},
{"id":"115-19-7277","first_name":"Juice - Lime"},
{"id":"524-48-5633","first_name":"Monkfish Fresh - Skin Off"},
{"id":"610-51-6194","first_name":"Creamers - 10%"},
{"id":"339-63-1571","first_name":"Flour - Whole Wheat"},
{"id":"534-60-6236","first_name":"Pepper - Yellow Bell"},
{"id":"102-18-5249","first_name":"Wine - Segura Viudas Aria Brut"},
{"id":"625-55-0976","first_name":"Dried Figs"},
{"id":"293-99-9103","first_name":"Longos - Grilled Chicken With"},
{"id":"449-54-8472","first_name":"Nut - Macadamia"},
{"id":"514-74-4827","first_name":"Kirsch - Schloss"},
{"id":"566-58-3740","first_name":"Appetizer - Sausage Rolls"},
{"id":"217-17-3074","first_name":"Compound - Strawberry"},
{"id":"300-29-5169","first_name":"Cake Slab"},
{"id":"186-90-0393","first_name":"Syrup - Monin - Blue Curacao"},
{"id":"117-33-1374","first_name":"Jameson - Irish Whiskey"},
{"id":"606-81-1434","first_name":"Calvados - Boulard"},
{"id":"210-55-3291","first_name":"Water - Tonic"},
{"id":"346-71-8513","first_name":"Apple - Granny Smith"},
{"id":"256-62-8833","first_name":"Liqueur - Melon"},
{"id":"779-67-4250","first_name":"Lettuce - Curly Endive"},
{"id":"486-14-4065","first_name":"Pepper - White, Ground"},
{"id":"749-80-7633","first_name":"Soup - Campbells Mac N Cheese"},
{"id":"702-46-1720","first_name":"Rice Wine - Aji Mirin"},
{"id":"288-27-7514","first_name":"Doilies - 7, Paper"},
{"id":"312-50-4996","first_name":"Grapes - Black"},
{"id":"595-14-9535","first_name":"Juice - Orangina"},
{"id":"343-90-8465","first_name":"Wine - Magnotta - Pinot Gris Sr"},
{"id":"873-63-4875","first_name":"Ham Black Forest"},
{"id":"740-11-4510","first_name":"Rice - Brown"},
{"id":"564-15-6246","first_name":"Wine - Casablanca Valley"},
{"id":"372-38-5909","first_name":"Flavouring - Orange"},
{"id":"596-67-2745","first_name":"Gherkin - Sour"},
{"id":"592-07-0144","first_name":"Pork - Bacon,back Peameal"},
{"id":"157-09-0501","first_name":"Sauce - Gravy, Au Jus, Mix"},
{"id":"690-79-2927","first_name":"Sole - Dover, Whole, Fresh"},
{"id":"881-81-9506","first_name":"Chicken - White Meat With Tender"},
{"id":"716-89-4956","first_name":"Sesame Seed"},
{"id":"838-52-1141","first_name":"Aromat Spice / Seasoning"},
{"id":"826-74-7568","first_name":"Chips - Potato Jalapeno"},
{"id":"835-56-2320","first_name":"Pepper - Julienne, Frozen"},
{"id":"356-42-3210","first_name":"Lentils - Green, Dry"},
{"id":"412-64-6317","first_name":"Soup - Campbells"},
{"id":"767-83-8088","first_name":"Wine - Kwv Chenin Blanc South"},
{"id":"571-87-6404","first_name":"Milk - Chocolate 250 Ml"},
{"id":"835-87-2471","first_name":"Wine - Saint Emilion Calvet"},
{"id":"681-06-3118","first_name":"Bread - Frozen Basket Variety"},
{"id":"751-30-7395","first_name":"Wine - White, Lindemans Bin 95"},
{"id":"296-42-4494","first_name":"Jolt Cola - Red Eye"},
{"id":"128-96-5663","first_name":"Sprouts - Corn"},
{"id":"706-81-2673","first_name":"Praline Paste"},
{"id":"263-70-7213","first_name":"Lemon Grass"},
{"id":"759-15-1272","first_name":"Beer - Sleemans Cream Ale"},
{"id":"841-39-9068","first_name":"Pork - Kidney"},
{"id":"262-08-9584","first_name":"Wine La Vielle Ferme Cote Du"},
{"id":"636-81-2320","first_name":"Sausage - Blood Pudding"},
{"id":"430-19-6928","first_name":"Pepper - Chipotle, Canned"},
{"id":"805-27-9546","first_name":"Shrimp - Black Tiger 16/20"},
{"id":"761-53-9059","first_name":"Beef - Flank Steak"},
{"id":"152-45-7666","first_name":"Milk - 2% 250 Ml"},
{"id":"353-85-8463","first_name":"Chestnuts - Whole,canned"},
{"id":"866-85-5786","first_name":"Pepper - Green Thai"},
{"id":"775-05-6926","first_name":"Pecan Raisin - Tarts"},
{"id":"412-41-5272","first_name":"Wine - Stoneliegh Sauvignon"},
{"id":"427-16-3111","first_name":"Longos - Grilled Salmon With Bbq"},
{"id":"158-41-1028","first_name":"Noodles - Cellophane, Thin"},
{"id":"840-36-8692","first_name":"Bread - Pumpernickel"},
{"id":"545-54-3030","first_name":"Rosemary - Dry"},
{"id":"334-10-8511","first_name":"Ice Cream - Turtles Stick Bar"},
{"id":"826-80-3521","first_name":"Jam - Apricot"},
{"id":"197-13-3821","first_name":"Sauce - Hollandaise"},
{"id":"670-05-9753","first_name":"Beans - Fava Fresh"},
{"id":"766-20-9440","first_name":"Beer - Mcauslan Apricot"},
{"id":"526-34-1568","first_name":"Salt And Pepper Mix - Black"},
{"id":"736-41-5916","first_name":"Apple - Macintosh"},
{"id":"569-23-5177","first_name":"Huck Towels White"},
{"id":"577-51-3201","first_name":"Beef Striploin Aaa"},
{"id":"354-58-9805","first_name":"Eggplant - Baby"},
{"id":"406-41-1375","first_name":"Bread Cranberry Foccacia"},
{"id":"781-58-7612","first_name":"Apples - Sliced / Wedge"},
{"id":"771-82-2297","first_name":"Clam - Cherrystone"},
{"id":"288-80-9293","first_name":"Kahlua"},
{"id":"566-55-6033","first_name":"Bandage - Finger Cots"},
{"id":"143-54-3873","first_name":"Isomalt"},
{"id":"150-63-1525","first_name":"Eel - Smoked"},
{"id":"189-07-0571","first_name":"Oregano - Fresh"},
{"id":"598-03-8692","first_name":"Beer - Tetleys"},
{"id":"111-32-1261","first_name":"Tequila Rose Cream Liquor"},
{"id":"520-59-3941","first_name":"Pastry - Key Limepoppy Seed Tea"},
{"id":"527-88-4505","first_name":"Radish - Black, Winter, Organic"},
{"id":"461-02-8300","first_name":"Lychee"},
{"id":"192-84-7234","first_name":"Sterno - Chafing Dish Fuel"},
{"id":"883-19-4268","first_name":"Tabasco Sauce, 2 Oz"},
{"id":"462-61-8605","first_name":"Nut - Hazelnut, Ground, Natural"},
{"id":"260-09-9323","first_name":"Pail For Lid 1537"},
{"id":"433-11-9404","first_name":"Buttons"},
{"id":"244-17-1172","first_name":"Bagel - Sesame Seed Presliced"},
{"id":"347-28-8539","first_name":"Sauce - Marinara"},
{"id":"187-93-8100","first_name":"Alize Sunset"},
{"id":"219-64-1454","first_name":"Vinegar - Red Wine"},
{"id":"634-46-8649","first_name":"Beef Tenderloin Aaa"},
{"id":"378-24-7595","first_name":"Couscous"},
{"id":"868-17-5400","first_name":"Oranges - Navel, 72"},
{"id":"786-20-7630","first_name":"Cake - Miini Cheesecake Cherry"},
{"id":"221-37-1632","first_name":"Wine - Taylors Reserve"},
{"id":"561-62-9004","first_name":"Bar Nature Valley"},
{"id":"837-04-0242","first_name":"Tart Shells - Sweet, 4"},
{"id":"674-44-0146","first_name":"Mushroom - King Eryingii"},
{"id":"192-35-9637","first_name":"Browning Caramel Glace"},
{"id":"548-91-2116","first_name":"Wine - Red, Black Opal Shiraz"},
{"id":"608-88-3490","first_name":"Roe - Flying Fish"},
{"id":"302-41-1196","first_name":"Squid Ink"},
{"id":"377-36-5826","first_name":"V8 Pet"},
{"id":"643-78-4636","first_name":"Wine La Vielle Ferme Cote Du"},
{"id":"448-99-3855","first_name":"Muffin Orange Individual"},
{"id":"461-30-5881","first_name":"Tea - Apple Green Tea"},
{"id":"517-51-6453","first_name":"Rum - Dark, Bacardi, Black"},
{"id":"497-35-0218","first_name":"Wine - Harrow Estates, Vidal"},
{"id":"537-33-5634","first_name":"Juice - Apple, 500 Ml"},
{"id":"790-55-6397","first_name":"Mints - Striped Red"},
{"id":"532-06-2977","first_name":"Longos - Burritos"},
{"id":"170-57-1649","first_name":"Chicken - Diced, Cooked"},
{"id":"659-31-3225","first_name":"Broom And Broom Rack White"},
{"id":"800-54-7558","first_name":"Yogurt - Peach, 175 Gr"},
{"id":"308-06-0053","first_name":"Mortadella"},
{"id":"700-13-2101","first_name":"Tea - Green"},
{"id":"110-06-5269","first_name":"Bag - Bread, White, Plain"},
{"id":"102-68-0445","first_name":"Sauerkraut"},
{"id":"174-50-8678","first_name":"Strawberries"},
{"id":"107-02-1494","first_name":"Hickory Smoke, Liquid"},
{"id":"764-39-6753","first_name":"Pasta - Fett Alfredo, Single Serve"},
{"id":"371-28-7920","first_name":"Island Oasis - Pina Colada"},
{"id":"671-22-8766","first_name":"Sword Pick Asst"},
{"id":"669-15-3749","first_name":"Cherries - Bing, Canned"},
{"id":"268-06-7429","first_name":"Chocolate Liqueur - Godet White"},
{"id":"787-13-4745","first_name":"Snapple - Mango Maddness"},
{"id":"689-97-8595","first_name":"Tamarillo"},
{"id":"332-94-6770","first_name":"Veal - Loin"},
{"id":"699-84-8882","first_name":"Wine - Puligny Montrachet A."},
{"id":"477-73-8965","first_name":"Rice - Jasmine Sented"},
{"id":"363-19-6498","first_name":"Oil - Hazelnut"},
{"id":"257-69-1724","first_name":"Ice Cream Bar - Oreo Sandwich"},
{"id":"727-07-9461","first_name":"V8 - Berry Blend"},
{"id":"566-13-6595","first_name":"Wine - Penfolds Koonuga Hill"},
{"id":"490-25-7727","first_name":"Tomatoes - Hot House"},
{"id":"699-50-7024","first_name":"Potatoes - Mini White 3 Oz"},
{"id":"509-89-8465","first_name":"Mahi Mahi"},
{"id":"278-82-2175","first_name":"Wine - Red, Marechal Foch"},
{"id":"147-09-6646","first_name":"Salt And Pepper Mix - White"},
{"id":"334-98-5492","first_name":"Cheese - Brie Roitelet"},
{"id":"862-13-2160","first_name":"Rice Paper"},
{"id":"183-02-8018","first_name":"Pasta - Cannelloni, Sheets, Fresh"},
{"id":"599-76-9184","first_name":"Mint - Fresh"},
{"id":"219-15-7969","first_name":"Pepper - Cubanelle"},
{"id":"269-73-1692","first_name":"Lamb - Shoulder, Boneless"},
{"id":"726-70-9702","first_name":"Nut - Hazelnut, Ground, Natural"},
{"id":"751-17-8522","first_name":"Bok Choy - Baby"},
{"id":"667-34-0565","first_name":"Sprouts Dikon"},
{"id":"473-82-6750","first_name":"Bagel - Sesame Seed Presliced"},
{"id":"746-24-3178","first_name":"Gherkin"},
{"id":"325-13-1869","first_name":"Pineapple - Golden"},
{"id":"772-29-7602","first_name":"Pants Custom Dry Clean"},
{"id":"166-14-6758","first_name":"Vodka - Moskovskaya"},
{"id":"824-23-0592","first_name":"Bag - Clear 7 Lb"},
{"id":"646-84-4359","first_name":"Wine - Magnotta, Merlot Sr Vqa"},
{"id":"677-97-9454","first_name":"Danishes - Mini Cheese"},
{"id":"262-83-1335","first_name":"Beef - Tongue, Fresh"},
{"id":"619-20-7959","first_name":"Brocolinni - Gaylan, Chinese"},
{"id":"187-46-7967","first_name":"Scallops - 20/30"},
{"id":"388-86-5313","first_name":"Wine - White, Schroder And Schyl"},
{"id":"366-48-8099","first_name":"Parsley - Dried"},
{"id":"742-12-4893","first_name":"Monkfish Fresh - Skin Off"},
{"id":"536-73-5622","first_name":"Wine - Vouvray Cuvee Domaine"},
{"id":"868-67-5815","first_name":"Beef Flat Iron Steak"},
{"id":"736-53-9337","first_name":"Cookie Double Choco"},
{"id":"519-14-8335","first_name":"Lemons"},
{"id":"197-01-9842","first_name":"Cranberries - Fresh"},
{"id":"738-16-9231","first_name":"Kaffir Lime Leaves"},
{"id":"557-83-0316","first_name":"Tea - Green"},
{"id":"743-75-8887","first_name":"Sesame Seed Black"},
{"id":"877-14-5541","first_name":"Meldea Green Tea Liquor"},
{"id":"695-60-4948","first_name":"Celery"},
{"id":"178-96-0855","first_name":"Wine - Pinot Grigio Collavini"},
{"id":"609-24-6147","first_name":"Soup - Campbells - Tomato"},
{"id":"275-77-3962","first_name":"Shrimp - 150 - 250"},
{"id":"877-56-3895","first_name":"Lemonade - Black Cherry, 591 Ml"},
{"id":"702-58-0677","first_name":"Wine - Niagara Peninsula Vqa"},
{"id":"479-17-7512","first_name":"Beef - Outside, Round"},
{"id":"110-17-1993","first_name":"Graham Cracker Mix"},
{"id":"185-19-0395","first_name":"Veal - Bones"},
{"id":"767-85-0594","first_name":"Pastry - Key Limepoppy Seed Tea"},
{"id":"896-41-1462","first_name":"Dip - Tapenade"},
{"id":"531-62-7370","first_name":"Pasta - Cannelloni, Sheets, Fresh"},
{"id":"146-65-8800","first_name":"Bread - Bistro White"},
{"id":"540-62-6700","first_name":"Lamb - Ground"},
{"id":"401-14-8547","first_name":"Puree - Blackcurrant"},
{"id":"594-60-2130","first_name":"Pie Filling - Pumpkin"},
{"id":"721-25-3442","first_name":"Wine - Magnotta - Belpaese"},
{"id":"494-58-0601","first_name":"Chocolate Liqueur - Godet White"},
{"id":"568-10-7997","first_name":"Pepper - Green, Chili"},
{"id":"843-37-9959","first_name":"Muffin Batt - Ban Dream Zero"},
{"id":"289-16-6262","first_name":"Compound - Mocha"},
{"id":"191-88-2480","first_name":"Lettuce - California Mix"},
{"id":"638-53-0896","first_name":"Basil - Primerba, Paste"},
{"id":"624-40-4245","first_name":"Oil - Truffle, White"},
{"id":"784-98-4284","first_name":"Wine - Cotes Du Rhone Parallele"},
{"id":"103-50-8808","first_name":"Stock - Veal, White"},
{"id":"503-56-0797","first_name":"Garbage Bags - Black"},
{"id":"388-12-3895","first_name":"Soap - Hand Soap"},
{"id":"301-98-2348","first_name":"Teriyaki Sauce"},
{"id":"270-36-0001","first_name":"Wine - Ej Gallo Sonoma"},
{"id":"719-70-5618","first_name":"Sauce - Alfredo"},
{"id":"411-96-7334","first_name":"Sour Puss - Tangerine"},
{"id":"221-39-1950","first_name":"Tarragon - Primerba, Paste"},
{"id":"130-75-3216","first_name":"Soup - Knorr, Chicken Noodle"},
{"id":"322-74-4627","first_name":"Tray - 16in Rnd Blk"},
{"id":"506-85-1694","first_name":"Sprouts - Onion"},
{"id":"490-53-8946","first_name":"Veal - Brisket, Provimi,bnls"},
{"id":"124-58-3284","first_name":"Chicken - Whole"},
{"id":"572-95-9270","first_name":"Lambcasing"},
{"id":"510-93-1216","first_name":"Onions - Green"},
{"id":"561-12-0562","first_name":"Tomatoes"},
{"id":"820-36-3568","first_name":"Sponge Cake Mix - Chocolate"},
{"id":"774-48-8063","first_name":"Cheese - Mix"},
{"id":"639-60-0034","first_name":"Chilli Paste, Ginger Garlic"},
{"id":"429-76-1779","first_name":"Cream - 10%"},
{"id":"693-40-3884","first_name":"Mushroom - Enoki, Fresh"},
{"id":"156-37-2023","first_name":"Wine - Ej Gallo Sierra Valley"},
{"id":"808-08-6753","first_name":"Beef - Rib Roast, Capless"},
{"id":"622-96-5773","first_name":"Pails With Lids"},
{"id":"815-49-4262","first_name":"Shrimp - 16/20, Peeled Deviened"},
{"id":"649-53-7194","first_name":"Coffee Decaf Colombian"},
{"id":"174-45-9422","first_name":"Halibut - Fletches"},
{"id":"678-07-1120","first_name":"Sauce Tomato Pouch"},
{"id":"786-84-9190","first_name":"Tart Shells - Savory, 4"},
{"id":"443-75-1347","first_name":"Wine - Mas Chicet Rose, Vintage"},
{"id":"576-54-4066","first_name":"Pepper - Green"},
{"id":"458-35-4302","first_name":"Pepper - Green, Chili"},
{"id":"294-98-2179","first_name":"English Muffin"},
{"id":"698-54-3427","first_name":"Veal - Sweetbread"},
{"id":"492-42-0820","first_name":"Asparagus - Green, Fresh"},
{"id":"300-22-0815","first_name":"Onions - White"},
{"id":"538-23-4589","first_name":"Muffin Mix - Raisin Bran"},
{"id":"236-44-8633","first_name":"Madeira"},
{"id":"669-60-9518","first_name":"Mushroom - Porcini, Dry"},
{"id":"467-90-8701","first_name":"Juice - Pineapple, 341 Ml"},
{"id":"278-49-8843","first_name":"Hummus - Spread"},
{"id":"269-39-6569","first_name":"Bar Mix - Lemon"},
{"id":"622-48-6116","first_name":"Onions Granulated"},
{"id":"616-82-2020","first_name":"Energy - Boo - Koo"},
{"id":"313-83-7366","first_name":"Lettuce - Boston Bib"},
{"id":"760-39-2275","first_name":"Foam Espresso Cup Plain White"},
{"id":"380-41-1925","first_name":"Salsify, Organic"},
{"id":"109-01-7070","first_name":"Beer - Molson Excel"},
{"id":"719-40-9580","first_name":"Filo Dough"},
{"id":"848-81-8274","first_name":"Yeast Dry - Fermipan"},
{"id":"341-33-9551","first_name":"Mix - Cocktail Ice Cream"},
{"id":"369-91-8545","first_name":"Foil Cont Round"},
{"id":"409-28-5023","first_name":"Chocolate Bar - Reese Pieces"},
{"id":"600-30-5632","first_name":"Pepper - Julienne, Frozen"},
{"id":"283-92-8940","first_name":"Paper Cocktail Umberlla 80 - 180"},
{"id":"896-86-7626","first_name":"Sauce - Soya, Light"},
{"id":"715-25-8449","first_name":"Kaffir Lime Leaves"},
{"id":"716-79-4550","first_name":"Potatoes - Idaho 100 Count"},
{"id":"830-37-3012","first_name":"Fruit Mix - Light"},
{"id":"826-37-1735","first_name":"Wine - Dubouef Macon - Villages"},
{"id":"162-86-5196","first_name":"Saskatoon Berries - Frozen"},
{"id":"866-37-0875","first_name":"Bread - Pullman, Sliced"},
{"id":"855-87-1678","first_name":"Glass - Wine, Plastic, Clear 5 Oz"},
{"id":"518-89-2426","first_name":"Veal - Bones"},
{"id":"610-55-5575","first_name":"Coffee - Egg Nog Capuccino"},
{"id":"889-04-1162","first_name":"Cheese - Bocconcini"},
{"id":"587-26-2661","first_name":"Lid Coffee Cup 8oz Blk"},
{"id":"538-23-7228","first_name":"Amarula Cream"},
{"id":"177-26-4716","first_name":"Bread - Petit Baguette"},
{"id":"424-61-0876","first_name":"Oil - Sesame"},
{"id":"288-69-8217","first_name":"Lemonade - Mandarin, 591 Ml"},
{"id":"260-63-3578","first_name":"Spic And Span All Purpose"},
{"id":"878-50-2782","first_name":"Filling - Mince Meat"},
{"id":"414-08-0304","first_name":"Pepper Squash"},
{"id":"769-07-3767","first_name":"Beans - Fine"},
{"id":"850-80-4130","first_name":"Nectarines"},
{"id":"360-10-6576","first_name":"Sambuca - Opal Nera"},
{"id":"201-28-3371","first_name":"Syrup - Monin, Swiss Choclate"},
{"id":"702-07-0368","first_name":"Icecream - Dibs"},
{"id":"709-94-8642","first_name":"Cloves - Ground"},
{"id":"204-73-7461","first_name":"Fond - Neutral"},
{"id":"828-94-1648","first_name":"Parsley - Dried"},
{"id":"575-30-9660","first_name":"Soup - Boston Clam Chowder"},
{"id":"271-11-7581","first_name":"Bread - Roll, Canadian Dinner"},
{"id":"684-34-4151","first_name":"Ice Cream - Fudge Bars"},
{"id":"121-56-5028","first_name":"Lentils - Green Le Puy"},
{"id":"102-97-6022","first_name":"Cheese - Provolone"},
{"id":"885-39-3206","first_name":"Wine - White, Lindemans Bin 95"},
{"id":"563-35-1553","first_name":"Flavouring - Raspberry"},
{"id":"388-22-9545","first_name":"Chocolate - Sugar Free Semi Choc"},
{"id":"505-90-5154","first_name":"Broom - Push"},
{"id":"185-96-8763","first_name":"Wine - Red, Marechal Foch"},
{"id":"352-84-2995","first_name":"Artichoke - Fresh"},
{"id":"313-03-8080","first_name":"Wine - White, French Cross"},
{"id":"727-29-1923","first_name":"Lidsoupcont Rp12dn"},
{"id":"354-89-8417","first_name":"Truffle Cups Green"},
{"id":"350-46-8109","first_name":"Ice Cream - Vanilla"},
{"id":"850-62-1586","first_name":"Pike - Frozen Fillet"},
{"id":"381-84-3687","first_name":"Coffee - Beans, Whole"},
{"id":"601-81-1532","first_name":"Toothpick Frilled"},
{"id":"143-84-4727","first_name":"Pork - Hock And Feet Attached"},
{"id":"747-45-7323","first_name":"Turnip - Wax"},
{"id":"668-26-9032","first_name":"Meldea Green Tea Liquor"},
{"id":"176-26-4578","first_name":"Beer - Alexander Kieths, Pale Ale"},
{"id":"892-45-9668","first_name":"Soup - Campbells Tomato Ravioli"},
{"id":"805-46-6884","first_name":"English Muffin"},
{"id":"265-80-7951","first_name":"Soup - Cream Of Broccoli"},
{"id":"245-92-2784","first_name":"Peppercorns - Pink"},
{"id":"465-24-2242","first_name":"Chocolate Bar - Smarties"},
{"id":"807-83-6745","first_name":"Tomatoes - Diced, Canned"},
{"id":"661-23-0194","first_name":"Sugar - Individual Portions"},
{"id":"856-53-4849","first_name":"Oranges - Navel, 72"},
{"id":"388-78-7252","first_name":"Muffin - Carrot Individual Wrap"},
{"id":"758-53-7521","first_name":"Muskox - French Rack"},
{"id":"804-87-2551","first_name":"Marsala - Sperone, Fine, D.o.c."},
{"id":"844-93-8370","first_name":"Turkey - Breast, Boneless Sk On"},
{"id":"302-12-1905","first_name":"Ice - Clear, 300 Lb For Carving"},
{"id":"207-45-1590","first_name":"Onions - Cippolini"},
{"id":"641-89-4606","first_name":"Beer - Camerons Auburn"},
{"id":"699-59-5444","first_name":"Paste - Black Olive"},
{"id":"414-61-9391","first_name":"Pasta - Agnolotti - Butternut"},
{"id":"308-72-3570","first_name":"Dc - Frozen Momji"},
{"id":"355-02-3898","first_name":"Cheese - Boursin, Garlic / Herbs"},
{"id":"517-29-5174","first_name":"Egg Patty Fried"},
{"id":"665-72-8517","first_name":"Tendrils - Baby Pea, Organic"},
{"id":"501-50-4903","first_name":"Wine - Blue Nun Qualitatswein"},
{"id":"418-71-7933","first_name":"Tendrils - Baby Pea, Organic"},
{"id":"614-83-3314","first_name":"Clementine"},
{"id":"654-33-4695","first_name":"Onions - Red Pearl"},
{"id":"890-04-7235","first_name":"Wine - Chateau Bonnet"},
{"id":"146-98-9383","first_name":"Stock - Chicken, White"},
{"id":"777-93-0244","first_name":"Lentils - Green, Dry"},
{"id":"592-66-6020","first_name":"Oil - Olive"},
{"id":"256-99-5354","first_name":"Bread - Bagels, Plain"},
{"id":"467-74-7425","first_name":"Taro Leaves"},
{"id":"233-06-4126","first_name":"Flower - Potmums"},
{"id":"619-08-1340","first_name":"Lobak"},
{"id":"823-68-1237","first_name":"Soup - Cream Of Broccoli, Dry"},
{"id":"369-61-6728","first_name":"Croissants Thaw And Serve"},
{"id":"876-22-7835","first_name":"Mace Ground"},
{"id":"198-92-4933","first_name":"Pasta - Penne Primavera, Single"},
{"id":"194-40-2768","first_name":"Sauce - Demi Glace"},
{"id":"510-35-0982","first_name":"Tomatoes - Cherry"},
{"id":"252-56-7822","first_name":"Soup - Campbells"},
{"id":"516-57-0969","first_name":"Chicken - Wings, Tip Off"},
{"id":"289-83-9879","first_name":"Muffin Batt - Ban Dream Zero"},
{"id":"890-13-3479","first_name":"Coconut - Whole"},
{"id":"663-53-5623","first_name":"Pheasants - Whole"},
{"id":"873-05-5127","first_name":"Chocolate Bar - Coffee Crisp"},
{"id":"324-40-8012","first_name":"Wine - White, French Cross"},
{"id":"856-28-8680","first_name":"Lamb - Bones"},
{"id":"292-76-4235","first_name":"Wine - Red, Cabernet Sauvignon"},
{"id":"204-35-9792","first_name":"Wine - White, Ej"},
{"id":"715-85-4589","first_name":"Pants Custom Dry Clean"},
{"id":"268-92-7352","first_name":"Hold Up Tool Storage Rack"},
{"id":"679-67-0001","first_name":"Wine - Crozes Hermitage E."},
{"id":"599-31-8070","first_name":"Wine - White, Antinore Orvieto"},
{"id":"607-57-1289","first_name":"Muffin Hinge 117n"},
{"id":"667-95-8713","first_name":"Container - Hngd Cll Blk 7x7x3"},
{"id":"239-90-8714","first_name":"Sun - Dried Tomatoes"},
{"id":"414-72-1802","first_name":"Yams"},
{"id":"260-72-3139","first_name":"Salmon Steak - Cohoe 6 Oz"},
{"id":"340-34-1123","first_name":"Pate Pans Yellow"},
{"id":"769-11-3226","first_name":"Melon - Honey Dew"},
{"id":"314-62-5413","first_name":"Fiddlehead - Frozen"},
{"id":"552-53-3852","first_name":"Jam - Raspberry"},
{"id":"488-32-7818","first_name":"Pumpkin - Seed"},
{"id":"291-30-9539","first_name":"Godiva White Chocolate"},
{"id":"633-05-1202","first_name":"Onions - Pearl"},
{"id":"792-42-7382","first_name":"Hagen Daza - Dk Choocolate"},
{"id":"800-21-6799","first_name":"Bread - Roll, Canadian Dinner"},
{"id":"564-74-3850","first_name":"Tomatoes - Orange"},
{"id":"861-97-6083","first_name":"Appetizer - Asian Shrimp Roll"},
{"id":"715-06-6811","first_name":"Cup - Translucent 7 Oz Clear"},
{"id":"387-27-9404","first_name":"Tarragon - Primerba, Paste"},
{"id":"807-82-0668","first_name":"Calypso - Strawberry Lemonade"},
{"id":"213-87-3929","first_name":"Lid - 16 Oz And 32 Oz"},
{"id":"319-13-2568","first_name":"Energy Drink - Franks Pineapple"},
{"id":"754-51-2337","first_name":"Higashimaru Usukuchi Soy"},
{"id":"772-01-6883","first_name":"Beer - Upper Canada Lager"},
{"id":"125-47-7220","first_name":"Juice - Ocean Spray Kiwi"},
{"id":"594-93-3696","first_name":"Pasta - Lasagne, Fresh"},
{"id":"249-40-4452","first_name":"Piping Jelly - All Colours"},
{"id":"742-80-0822","first_name":"Kiwi"},
{"id":"770-96-8073","first_name":"Bread - Corn Muffaletta"},
{"id":"227-75-8350","first_name":"Milk - Chocolate 500ml"},
{"id":"520-29-2774","first_name":"Flour - So Mix Cake White"},
{"id":"657-72-3745","first_name":"7up Diet, 355 Ml"},
{"id":"119-12-2718","first_name":"Beef - Cow Feet Split"},
{"id":"152-74-6180","first_name":"Smirnoff Green Apple Twist"},
{"id":"530-85-0255","first_name":"Beer - Moosehead"},
{"id":"590-35-2343","first_name":"Towel Multifold"},
{"id":"832-91-6436","first_name":"Wine - Chablis 2003 Champs"},
{"id":"192-32-0193","first_name":"Pastry - Baked Scones - Mini"},
{"id":"691-80-3173","first_name":"Grenadillo"},
{"id":"754-13-8585","first_name":"Lobster - Tail 6 Oz"},
{"id":"178-55-2667","first_name":"Cake - Lemon Chiffon"},
{"id":"849-52-4685","first_name":"Beer - Original Organic Lager"},
{"id":"156-92-7852","first_name":"Muffin Hinge 117n"},
{"id":"811-63-5062","first_name":"Cinnamon - Stick"},
{"id":"763-38-0329","first_name":"Pastry - Chocolate Chip Muffin"},
{"id":"795-31-9246","first_name":"Scallops 60/80 Iqf"},
{"id":"460-31-9776","first_name":"Wine - Bouchard La Vignee Pinot"},
{"id":"674-62-1782","first_name":"Alize Gold Passion"},
{"id":"488-83-4942","first_name":"Shichimi Togarashi Peppeers"},
{"id":"694-31-4520","first_name":"Wine - Redchard Merritt"},
{"id":"580-70-0125","first_name":"Wine - Casillero Del Diablo"},
{"id":"547-46-4450","first_name":"Longos - Chicken Cordon Bleu"},
{"id":"192-23-2349","first_name":"Oysters - Smoked"},
{"id":"163-63-7373","first_name":"Fish - Halibut, Cold Smoked"},
{"id":"466-26-9187","first_name":"Bread - Roll, Whole Wheat"},
{"id":"331-20-8418","first_name":"Shrimp - Black Tiger 26/30"},
{"id":"414-28-0239","first_name":"Smoked Tongue"},
{"id":"709-18-1361","first_name":"Nantucket Cranberry Juice"},
{"id":"169-58-9765","first_name":"Ice - Clear, 300 Lb For Carving"},
{"id":"200-81-9686","first_name":"Wine - Red, Cooking"},
{"id":"470-37-7156","first_name":"Chivas Regal - 12 Year Old"},
{"id":"605-13-0139","first_name":"Wine - White, Ej Gallo"},
{"id":"525-75-8276","first_name":"Sachet"},
{"id":"367-47-1236","first_name":"Pasta - Fett Alfredo, Single Serve"},
{"id":"176-87-1873","first_name":"Grapefruit - Pink"},
{"id":"380-71-0809","first_name":"Wine - Chablis J Moreau Et Fils"},
{"id":"766-65-8557","first_name":"Pork - Inside"},
{"id":"593-10-8535","first_name":"Cheese - Cheddar, Old White"},
{"id":"340-98-6096","first_name":"Onions Granulated"},
{"id":"482-01-8882","first_name":"Ginger - Crystalized"},
{"id":"569-44-8377","first_name":"Bread - Dark Rye"},
{"id":"365-40-0947","first_name":"Chef Hat 25cm"},
{"id":"411-65-0226","first_name":"Bagel - Everything"},
{"id":"821-82-6182","first_name":"Rice - 7 Grain Blend"},
{"id":"198-41-9191","first_name":"Wine - Pinot Noir Pond Haddock"},
{"id":"272-69-0596","first_name":"Cookie Dough - Chocolate Chip"},
{"id":"100-22-6370","first_name":"Cleaner - Bleach"},
{"id":"525-51-4152","first_name":"Sproutsmustard Cress"},
{"id":"576-76-9583","first_name":"Daikon Radish"},
{"id":"452-21-3078","first_name":"Lettuce - Spring Mix"},
{"id":"864-59-4220","first_name":"Cabbage - Nappa"},
{"id":"579-48-0327","first_name":"Butter Ripple - Phillips"},
{"id":"690-88-0770","first_name":"Veal - Knuckle"},
{"id":"659-93-4175","first_name":"Sauce - Bernaise, Mix"},
{"id":"323-90-3463","first_name":"Flavouring Vanilla Artificial"},
{"id":"553-95-6562","first_name":"Cheese - Manchego, Spanish"},
{"id":"693-38-3472","first_name":"Brandy - Bar"},
{"id":"244-64-1718","first_name":"Coffee - 10oz Cup 92961"},
{"id":"365-91-6920","first_name":"Wine - Sherry Dry Sack, William"},
{"id":"445-63-2250","first_name":"Pastry - Apple Muffins - Mini"},
{"id":"543-55-5985","first_name":"Ginger - Pickled"},
{"id":"449-18-3641","first_name":"Cornflakes"},
{"id":"525-21-4867","first_name":"Duck - Whole"},
{"id":"877-29-7838","first_name":"Cup - 3.5oz, Foam"},
{"id":"431-85-9659","first_name":"Sproutsmustard Cress"},
{"id":"308-75-7138","first_name":"Gin - Gilbeys London, Dry"},
{"id":"704-53-6955","first_name":"Muffin Chocolate Individual Wrap"},
{"id":"760-81-7232","first_name":"Marjoram - Dried, Rubbed"},
{"id":"855-04-1639","first_name":"Carbonated Water - Orange"},
{"id":"243-20-1742","first_name":"Compound - Strawberry"},
{"id":"106-67-3635","first_name":"Cheese - Brie,danish"},
{"id":"622-69-4398","first_name":"Appetizer - Mini Egg Roll, Shrimp"},
{"id":"754-08-8078","first_name":"Spinach - Frozen"},
{"id":"320-83-8274","first_name":"Cookie Choc"},
{"id":"145-22-1632","first_name":"Chef Hat 25cm"},
{"id":"418-87-9075","first_name":"Nantucket Apple Juice"},
{"id":"177-12-6164","first_name":"Glaze - Clear"},
{"id":"632-97-8042","first_name":"Extract - Rum"},
{"id":"787-86-6502","first_name":"Pasta - Canelloni"},
{"id":"710-25-3031","first_name":"Table Cloth 53x53 White"},
{"id":"170-69-7005","first_name":"Burger Veggie"},
{"id":"858-48-8708","first_name":"Tendrils - Baby Pea, Organic"},
{"id":"802-70-6680","first_name":"Bok Choy - Baby"},
{"id":"475-54-2377","first_name":"Squeeze Bottle"},
{"id":"868-79-5991","first_name":"Dill Weed - Dry"},
{"id":"441-94-6183","first_name":"Pastry - Plain Baked Croissant"},
{"id":"274-72-0328","first_name":"Pork - Sausage Casing"},
{"id":"531-73-1322","first_name":"Wine - Maipo Valle Cabernet"},
{"id":"861-59-5241","first_name":"Pork - Shoulder"},
{"id":"679-80-8543","first_name":"Wine - Casablanca Valley"},
{"id":"574-43-1775","first_name":"Bag Clear 10 Lb"},
{"id":"229-43-2923","first_name":"Wine La Vielle Ferme Cote Du"},
{"id":"703-99-1953","first_name":"Chocolate Bar - Coffee Crisp"},
{"id":"636-71-5819","first_name":"Olives - Black, Pitted"},
{"id":"588-67-9794","first_name":"Wine - Prem Select Charddonany"},
{"id":"748-13-7615","first_name":"Lamb - Shanks"},
{"id":"891-26-9775","first_name":"Nantucket - Pomegranate Pear"},
{"id":"456-56-4065","first_name":"Tart Shells - Savory, 3"},
{"id":"501-19-7440","first_name":"Easy Off Oven Cleaner"},
{"id":"884-96-5367","first_name":"Snapple - Mango Maddness"}]