[{"id":"777-19-5197","first_name":"Lemonade - Natural, 591 Ml"},
{"id":"145-92-4752","first_name":"Ice Cream - Strawberry"},
{"id":"600-65-5163","first_name":"Wine - Savigny - Les - Beaune"},
{"id":"795-81-4831","first_name":"Salad Dressing"},
{"id":"679-79-9550","first_name":"Veal - Brisket, Provimi, Bone - In"},
{"id":"850-04-9210","first_name":"Pears - Anjou"},
{"id":"154-78-6613","first_name":"Wine - Pinot Noir Pond Haddock"},
{"id":"617-74-6819","first_name":"Lettuce - Boston Bib"},
{"id":"190-14-6149","first_name":"Melon - Watermelon, Seedless"},
{"id":"765-87-2323","first_name":"Ginger - Fresh"},
{"id":"498-35-0299","first_name":"Pepper - Orange"},
{"id":"767-23-7794","first_name":"Chicken - Livers"},
{"id":"879-05-0546","first_name":"Nut - Pumpkin Seeds"},
{"id":"847-96-7230","first_name":"Cornstarch"},
{"id":"686-50-3372","first_name":"Bread - 10 Grain"},
{"id":"642-07-3841","first_name":"Pear - Prickly"},
{"id":"276-74-5775","first_name":"Pork - Butt, Boneless"},
{"id":"523-09-5219","first_name":"Juice - Ocean Spray Cranberry"},
{"id":"770-29-9146","first_name":"Soup - Campbells, Cream Of"},
{"id":"595-67-6115","first_name":"Flour - Strong Pizza"},
{"id":"348-89-3200","first_name":"Muffin Batt - Ban Dream Zero"},
{"id":"893-12-9523","first_name":"Cheese - Cheddar With Claret"},
{"id":"601-92-5916","first_name":"Sour Puss Sour Apple"},
{"id":"306-10-3517","first_name":"Veal - Ground"},
{"id":"489-94-3760","first_name":"Kahlua"},
{"id":"507-01-3985","first_name":"Yeast - Fresh, Fleischman"},
{"id":"522-91-8088","first_name":"Creme De Menth - White"},
{"id":"309-30-7398","first_name":"Muffin - Bran Ind Wrpd"},
{"id":"112-42-3598","first_name":"Wine - Chateau Bonnet"},
{"id":"335-68-7455","first_name":"Capers - Ox Eye Daisy"},
{"id":"802-63-7025","first_name":"Croissants Thaw And Serve"},
{"id":"673-97-6950","first_name":"Capon - Whole"},
{"id":"783-66-4149","first_name":"Pasta - Fusili Tri - Coloured"},
{"id":"275-27-0061","first_name":"Bananas"},
{"id":"269-96-5009","first_name":"Tendrils - Baby Pea, Organic"},
{"id":"160-54-1657","first_name":"Bread Sour Rolls"},
{"id":"388-31-3754","first_name":"Sherbet - Raspberry"},
{"id":"275-04-9431","first_name":"Lettuce - Sea / Sea Asparagus"},
{"id":"246-92-6322","first_name":"Red Snapper - Fillet, Skin On"},
{"id":"534-39-5675","first_name":"Tea - Herbal Orange Spice"},
{"id":"155-03-2660","first_name":"Marjoram - Fresh"},
{"id":"146-86-7507","first_name":"Appetizer - Assorted Box"},
{"id":"211-53-3661","first_name":"Allspice - Jamaican"},
{"id":"819-18-8931","first_name":"Lighter - Bbq"},
{"id":"549-60-2238","first_name":"Myers Planters Punch"},
{"id":"552-03-0840","first_name":"Ketchup - Tomato"},
{"id":"425-68-9538","first_name":"Muffin - Bran Ind Wrpd"},
{"id":"838-06-2175","first_name":"Soup - Canadian Pea, Dry Mix"},
{"id":"732-41-3746","first_name":"Water - Aquafina Vitamin"},
{"id":"784-67-9198","first_name":"Wine - Penfolds Koonuga Hill"},
{"id":"639-25-3343","first_name":"Jerusalem Artichoke"},
{"id":"679-56-7466","first_name":"Pepper - White, Whole"},
{"id":"627-44-4580","first_name":"Wine - Vouvray Cuvee Domaine"},
{"id":"307-39-8510","first_name":"Kiwano"},
{"id":"114-78-0013","first_name":"Cookie - Dough Variety"},
{"id":"880-14-3218","first_name":"Sauce - Ranch Dressing"},
{"id":"808-56-5547","first_name":"Sausage - Andouille"},
{"id":"572-01-6867","first_name":"Gin - Gilbeys London, Dry"},
{"id":"893-33-2040","first_name":"Soup - Beef, Base Mix"},
{"id":"435-21-9981","first_name":"Wine - Red, Cabernet Sauvignon"},
{"id":"593-89-8293","first_name":"Orange - Canned, Mandarin"},
{"id":"877-97-6138","first_name":"Quail - Jumbo"},
{"id":"766-61-3937","first_name":"Everfresh Products"},
{"id":"581-69-5382","first_name":"Syrup - Monin, Swiss Choclate"},
{"id":"566-93-0222","first_name":"Cheese - Gouda Smoked"},
{"id":"377-86-2655","first_name":"Lotus Root"},
{"id":"366-61-1930","first_name":"Swiss Chard - Red"},
{"id":"247-95-9369","first_name":"Swiss Chard - Red"},
{"id":"717-50-9694","first_name":"Tomatoes - Vine Ripe, Yellow"},
{"id":"851-84-2576","first_name":"Tuna - Sushi Grade"},
{"id":"102-05-9728","first_name":"Muffin Mix - Raisin Bran"},
{"id":"550-72-3626","first_name":"Chutney Sauce"},
{"id":"686-67-0648","first_name":"Yogurt - Cherry, 175 Gr"},
{"id":"161-46-9857","first_name":"Galliano"},
{"id":"425-18-2002","first_name":"Wine - Piper Heidsieck Brut"},
{"id":"601-33-0917","first_name":"Apricots - Halves"},
{"id":"397-62-5339","first_name":"Pork - Smoked Kassler"},
{"id":"169-95-0621","first_name":"Beans - Fine"},
{"id":"389-05-7264","first_name":"Soup Bowl Clear 8oz92008"},
{"id":"175-33-7420","first_name":"7up Diet, 355 Ml"},
{"id":"509-42-6332","first_name":"Gloves - Goldtouch Disposable"},
{"id":"516-12-2447","first_name":"Crawfish"},
{"id":"626-63-4120","first_name":"Appetizer - Tarragon Chicken"},
{"id":"422-20-0622","first_name":"Cream Of Tartar"},
{"id":"839-33-2558","first_name":"Foam Espresso Cup Plain White"},
{"id":"873-08-5508","first_name":"Onions - Red Pearl"},
{"id":"430-57-1559","first_name":"Mangostein"},
{"id":"196-42-1077","first_name":"Cactus Pads"},
{"id":"460-44-0886","first_name":"Lamb - Sausage Casings"},
{"id":"695-01-4211","first_name":"Pork - Kidney"},
{"id":"875-75-7553","first_name":"Cheese - Goat"},
{"id":"785-74-2995","first_name":"Turkey - Whole, Fresh"},
{"id":"660-94-7274","first_name":"Baking Powder"},
{"id":"637-09-8257","first_name":"Cookies Almond Hazelnut"},
{"id":"380-36-5404","first_name":"Bar Energy Chocchip"},
{"id":"859-49-1547","first_name":"Veal - Sweetbread"},
{"id":"331-05-0876","first_name":"Pastry - Banana Muffin - Mini"},
{"id":"309-50-7479","first_name":"Glycerine"},
{"id":"567-70-2423","first_name":"Cumin - Ground"},
{"id":"452-89-5129","first_name":"Sauce - Thousand Island"},
{"id":"384-42-4936","first_name":"Pork - Inside"},
{"id":"773-56-0305","first_name":"Butter Balls Salted"},
{"id":"365-18-2085","first_name":"Steamers White"},
{"id":"704-75-1375","first_name":"Roe - Flying Fish"},
{"id":"753-90-4844","first_name":"Pork - Suckling Pig"},
{"id":"445-34-3036","first_name":"Mace"},
{"id":"744-06-8822","first_name":"Ketchup - Tomato"},
{"id":"441-60-6379","first_name":"Seedlings - Buckwheat, Organic"},
{"id":"698-05-1395","first_name":"Petite Baguette"},
{"id":"614-72-3448","first_name":"Clams - Bay"},
{"id":"412-40-2030","first_name":"Cilantro / Coriander - Fresh"},
{"id":"673-40-0758","first_name":"Spice - Montreal Steak Spice"},
{"id":"650-12-9045","first_name":"Soup - Campbells Beef Stew"},
{"id":"481-46-8498","first_name":"Bagel - Plain"},
{"id":"372-60-7763","first_name":"Coffee - Egg Nog Capuccino"},
{"id":"201-02-9523","first_name":"Langers - Mango Nectar"},
{"id":"878-51-1036","first_name":"Soupcontfoam16oz 116con"},
{"id":"552-68-4690","first_name":"Oregano - Dry, Rubbed"},
{"id":"324-62-6165","first_name":"Sauce - Marinara"},
{"id":"692-13-7158","first_name":"Nut - Walnut, Pieces"},
{"id":"757-37-3506","first_name":"Bread Crumbs - Panko"},
{"id":"201-09-4310","first_name":"Mousse - Passion Fruit"},
{"id":"557-55-7697","first_name":"Worcestershire Sauce"},
{"id":"417-51-6429","first_name":"Wine - Zinfandel Rosenblum"},
{"id":"550-53-9942","first_name":"Flour - Masa De Harina Mexican"},
{"id":"410-58-9653","first_name":"Nut - Walnut, Pieces"},
{"id":"196-76-7804","first_name":"Cheese - Augre Des Champs"},
{"id":"106-99-4029","first_name":"Plastic Wrap"},
{"id":"211-85-4900","first_name":"Glass - Juice Clear 5oz 55005"},
{"id":"447-80-5294","first_name":"Mix - Cocktail Strawberry Daiquiri"},
{"id":"199-91-3502","first_name":"Mop Head - Cotton, 24 Oz"},
{"id":"471-41-5982","first_name":"Pumpkin - Seed"},
{"id":"176-03-1053","first_name":"Wine - Saint Emilion Calvet"},
{"id":"707-03-8822","first_name":"Pectin"},
{"id":"236-63-8839","first_name":"Wine - Chenin Blanc K.w.v."},
{"id":"366-45-2262","first_name":"Wiberg Super Cure"},
{"id":"152-53-1459","first_name":"Vermouth - White, Cinzano"},
{"id":"893-06-7334","first_name":"Chutney Sauce"},
{"id":"709-75-0171","first_name":"Syrup - Golden, Lyles"},
{"id":"695-54-8717","first_name":"Grouper - Fresh"},
{"id":"270-93-6905","first_name":"Bread Fig And Almond"},
{"id":"784-72-8965","first_name":"Chutney Sauce"},
{"id":"558-01-7040","first_name":"Oregano - Fresh"},
{"id":"180-21-4982","first_name":"Sobe - Liz Blizz"},
{"id":"423-56-3913","first_name":"Shallots"},
{"id":"687-44-3697","first_name":"Beef - Ox Tongue, Pickled"},
{"id":"769-36-1270","first_name":"Veal - Slab Bacon"},
{"id":"394-71-3827","first_name":"Dc - Sakura Fu"},
{"id":"178-45-9259","first_name":"Grapes - Green"},
{"id":"757-77-0838","first_name":"Mousse - Passion Fruit"},
{"id":"579-51-5822","first_name":"Sausage - Chorizo"},
{"id":"838-47-8957","first_name":"Sole - Fillet"},
{"id":"401-78-0344","first_name":"Oil - Margarine"},
{"id":"827-96-6918","first_name":"Chinese Foods - Chicken"},
{"id":"830-99-8701","first_name":"Tomatoes Tear Drop"},
{"id":"135-49-3456","first_name":"Macaroons - Two Bite Choc"},
{"id":"430-83-0466","first_name":"Petite Baguette"},
{"id":"780-37-6307","first_name":"Pork - Chop, Frenched"},
{"id":"249-32-3944","first_name":"Horseradish Root"},
{"id":"824-44-1672","first_name":"Soup - Campbells Tomato Ravioli"},
{"id":"722-61-1816","first_name":"Coconut - Creamed, Pure"},
{"id":"380-88-3846","first_name":"Tomatoes - Vine Ripe, Red"},
{"id":"169-31-5173","first_name":"Chocolate - Unsweetened"},
{"id":"238-10-5671","first_name":"Thermometer Digital"},
{"id":"898-56-5213","first_name":"Glaze - Apricot"},
{"id":"699-40-0246","first_name":"Chocolate - Semi Sweet"},
{"id":"775-73-9983","first_name":"Butter Ripple - Phillips"},
{"id":"171-70-4654","first_name":"Wine - Chateau Bonnet"},
{"id":"754-58-0299","first_name":"Durian Fruit"},
{"id":"647-74-4023","first_name":"Rice Wine - Aji Mirin"},
{"id":"763-37-5366","first_name":"Beef Striploin Aaa"},
{"id":"414-08-1930","first_name":"Flower - Carnations"},
{"id":"513-84-0985","first_name":"Wine - Cousino Macul Antiguas"},
{"id":"258-98-1417","first_name":"Shallots"},
{"id":"880-78-2060","first_name":"Wine - Magnotta - Cab Franc"},
{"id":"659-02-2633","first_name":"Asparagus - Frozen"},
{"id":"443-12-0042","first_name":"Dasheen"},
{"id":"696-30-3832","first_name":"Bar Nature Valley"},
{"id":"429-16-1664","first_name":"Appetizer - Assorted Box"},
{"id":"150-07-0777","first_name":"Chicken Thigh - Bone Out"},
{"id":"432-58-8795","first_name":"Plastic Arrow Stir Stick"},
{"id":"708-19-6956","first_name":"Nantucket Cranberry Juice"},
{"id":"551-76-8540","first_name":"Veal - Brisket, Provimi,bnls"},
{"id":"709-63-1973","first_name":"Water - Evian 355 Ml"},
{"id":"563-36-1178","first_name":"Pate - Peppercorn"},
{"id":"729-21-0635","first_name":"Bread Fig And Almond"},
{"id":"402-99-4115","first_name":"Juice - Cranberry, 341 Ml"},
{"id":"467-58-9488","first_name":"Beef - Tenderloin - Aa"},
{"id":"821-19-6544","first_name":"Bread Country Roll"},
{"id":"614-56-7554","first_name":"Glass - Juice Clear 5oz 55005"},
{"id":"294-84-8393","first_name":"Spinach - Baby"},
{"id":"711-69-2570","first_name":"Soup - French Onion, Dry"},
{"id":"212-42-8455","first_name":"Cream Of Tartar"},
{"id":"555-56-2313","first_name":"Saskatoon Berries - Frozen"},
{"id":"895-87-6301","first_name":"Syrup - Pancake"},
{"id":"292-05-3618","first_name":"Bread - Crusty Italian Poly"},
{"id":"756-53-8085","first_name":"Juice - Ocean Spray Kiwi"},
{"id":"303-15-0986","first_name":"Dried Apple"},
{"id":"760-54-9126","first_name":"Wine - Muscadet Sur Lie"},
{"id":"117-59-9553","first_name":"Sugar - White Packet"},
{"id":"493-17-7532","first_name":"Pasta - Ravioli"},
{"id":"574-17-5658","first_name":"Crab - Claws, 26 - 30"},
{"id":"699-11-5305","first_name":"Steampan Lid"},
{"id":"229-25-9678","first_name":"Molasses - Fancy"},
{"id":"495-42-6849","first_name":"Sauce - Marinara"},
{"id":"246-96-5958","first_name":"Bacardi Breezer - Tropical"},
{"id":"309-55-6055","first_name":"Chocolate - Milk Coating"},
{"id":"342-86-9505","first_name":"Gatorade - Orange"},
{"id":"536-23-1629","first_name":"Yeast Dry - Fermipan"},
{"id":"221-39-4060","first_name":"Ice Cream - Chocolate"},
{"id":"600-70-7005","first_name":"Cup Translucent 9 Oz"},
{"id":"444-42-8839","first_name":"Bread - Rolls, Rye"},
{"id":"642-25-5607","first_name":"Glass Clear 7 Oz Xl"},
{"id":"329-18-7752","first_name":"Wiberg Cure"},
{"id":"438-15-3540","first_name":"Cookies - Amaretto"},
{"id":"441-63-7841","first_name":"Beef - Top Butt Aaa"},
{"id":"733-30-8865","first_name":"Shrimp - 100 / 200 Cold Water"},
{"id":"222-56-3624","first_name":"Beans - Wax"},
{"id":"343-40-4973","first_name":"Sauce - Soya, Dark"},
{"id":"792-11-6961","first_name":"Mayonnaise - Individual Pkg"},
{"id":"847-31-9116","first_name":"Quiche Assorted"},
{"id":"726-71-2501","first_name":"Soup - Campbells Broccoli"},
{"id":"789-41-3586","first_name":"Beef Cheek Fresh"},
{"id":"121-06-0104","first_name":"Puree - Passion Fruit"},
{"id":"193-44-5698","first_name":"Wine - White, Riesling, Henry Of"},
{"id":"199-72-5723","first_name":"Parsley - Fresh"},
{"id":"473-91-5675","first_name":"Gatorade - Lemon Lime"},
{"id":"322-79-2035","first_name":"Bar Nature Valley"},
{"id":"100-81-0168","first_name":"Sorrel - Fresh"},
{"id":"391-57-2847","first_name":"Snails - Large Canned"},
{"id":"500-38-8297","first_name":"Carrots - Jumbo"},
{"id":"832-15-2072","first_name":"Table Cloth 91x91 Colour"},
{"id":"890-51-5906","first_name":"Appetizer - Crab And Brie"},
{"id":"440-02-0680","first_name":"Beef - Roasted, Cooked"},
{"id":"790-42-2127","first_name":"Chickensplit Half"},
{"id":"869-29-4976","first_name":"Wine - Dubouef Macon - Villages"},
{"id":"409-49-3590","first_name":"Oil - Shortening - All - Purpose"},
{"id":"415-38-0592","first_name":"Lemonade - Kiwi, 591 Ml"},
{"id":"770-89-0931","first_name":"Mushroom - Shitake, Dry"},
{"id":"888-68-7833","first_name":"Tea - Herbal Sweet Dreams"},
{"id":"870-24-1892","first_name":"Jerusalem Artichoke"},
{"id":"516-98-5536","first_name":"Wine - Ruffino Chianti Classico"},
{"id":"265-22-9413","first_name":"Creme De Cacao White"},
{"id":"784-06-4185","first_name":"Ice Cream - Life Savers"},
{"id":"626-49-4269","first_name":"Tray - Foam, Square 4 - S"},
{"id":"560-41-1343","first_name":"Garam Masala Powder"},
{"id":"397-04-0497","first_name":"Mushroom - Chanterelle Frozen"},
{"id":"711-60-3377","first_name":"Anchovy Paste - 56 G Tube"},
{"id":"191-20-6157","first_name":"Pineapple - Regular"},
{"id":"337-66-3018","first_name":"Cake - Dulce De Leche"},
{"id":"264-49-6894","first_name":"Jolt Cola - Electric Blue"},
{"id":"798-59-1452","first_name":"Eggwhite Frozen"},
{"id":"404-05-9350","first_name":"Chutney Sauce - Mango"},
{"id":"264-32-6672","first_name":"Bread Crumbs - Japanese Style"},
{"id":"162-24-4663","first_name":"Lentils - Red, Dry"},
{"id":"189-73-3121","first_name":"Beef - Ox Tongue"},
{"id":"280-25-0748","first_name":"Chocolate - Pistoles, White"},
{"id":"214-53-9449","first_name":"Wine - Red, Colio Cabernet"},
{"id":"234-31-0445","first_name":"Beans - Butter Lrg Lima"},
{"id":"202-81-2398","first_name":"Pie Pecan"},
{"id":"330-59-1512","first_name":"Sauce - Oyster"},
{"id":"713-51-1944","first_name":"Coffee Decaf Colombian"},
{"id":"469-46-1466","first_name":"Cheese - Ermite Bleu"},
{"id":"536-24-4868","first_name":"Pork - Ground"},
{"id":"356-61-0314","first_name":"Vol Au Vents"},
{"id":"860-23-4107","first_name":"Wine - Ruffino Chianti Classico"},
{"id":"197-53-9528","first_name":"Sauce - White, Mix"},
{"id":"664-62-0109","first_name":"Cocoa Powder - Natural"},
{"id":"419-58-9655","first_name":"Ham - Procutinni"},
{"id":"351-66-8890","first_name":"Cleaner - Bleach"},
{"id":"373-04-6924","first_name":"Mangoes"},
{"id":"451-12-3817","first_name":"Wine - Puligny Montrachet A."},
{"id":"702-93-9368","first_name":"Jam - Apricot"},
{"id":"144-44-1337","first_name":"Onions - Dried, Chopped"},
{"id":"294-28-0256","first_name":"Bread Base - Gold Formel"},
{"id":"630-12-8138","first_name":"Bandage - Finger Cots"},
{"id":"348-97-8768","first_name":"Container Clear 8 Oz"},
{"id":"280-32-7652","first_name":"Sauce Bbq Smokey"},
{"id":"636-73-3554","first_name":"Extract - Vanilla,artificial"},
{"id":"716-76-6365","first_name":"Lychee - Canned"},
{"id":"645-78-9568","first_name":"Lobster - Baby, Boiled"},
{"id":"801-49-2767","first_name":"Table Cloth 120 Round White"},
{"id":"154-21-6893","first_name":"Beer - Tetleys"},
{"id":"470-26-8459","first_name":"Lamb - Sausage Casings"},
{"id":"102-03-4541","first_name":"Veal - Insides Provini"},
{"id":"810-06-0307","first_name":"Cheese - Brick With Onion"},
{"id":"817-97-1774","first_name":"Cheese - Boursin, Garlic / Herbs"},
{"id":"441-32-2731","first_name":"Oil - Avocado"},
{"id":"121-90-1800","first_name":"Food Colouring - Green"},
{"id":"338-03-6898","first_name":"Carbonated Water - Blackberry"},
{"id":"485-79-0862","first_name":"Gatorade - Orange"},
{"id":"254-27-2020","first_name":"Marjoram - Dried, Rubbed"},
{"id":"315-76-0337","first_name":"Bread Ww Cluster"},
{"id":"343-87-4020","first_name":"Beer - Paulaner Hefeweisse"},
{"id":"567-76-0141","first_name":"Broom And Broom Rack White"},
{"id":"382-46-5438","first_name":"Buffalo - Striploin"},
{"id":"470-29-5225","first_name":"Aspic - Amber"},
{"id":"835-75-2822","first_name":"Wine - White, Mosel Gold"},
{"id":"480-58-0810","first_name":"Bread - Malt"},
{"id":"489-43-8248","first_name":"Phyllo Dough"},
{"id":"896-44-3853","first_name":"Amaretto"},
{"id":"746-79-3878","first_name":"Wine - Sicilia Igt Nero Avola"},
{"id":"561-13-8409","first_name":"Beef - Rouladin, Sliced"},
{"id":"349-51-3554","first_name":"Island Oasis - Sweet And Sour Mix"},
{"id":"613-82-0196","first_name":"Leeks - Baby, White"},
{"id":"483-87-8588","first_name":"Yoplait - Strawbrasp Peac"},
{"id":"728-34-3407","first_name":"Garbag Bags - Black"},
{"id":"655-85-5908","first_name":"Soup - Campbells"},
{"id":"698-34-0426","first_name":"Corn Shoots"},
{"id":"231-08-5723","first_name":"Wine - Jafflin Bourgongone"},
{"id":"820-38-3352","first_name":"Leeks - Large"},
{"id":"746-09-8425","first_name":"Kaffir Lime Leaves"},
{"id":"448-32-6645","first_name":"Wine - Soave Folonari"},
{"id":"314-56-0313","first_name":"Tamarillo"},
{"id":"102-34-0742","first_name":"Pork - Belly Fresh"},
{"id":"128-27-1916","first_name":"Pork - Shoulder"},
{"id":"350-20-9273","first_name":"Veal - Liver"},
{"id":"286-54-3361","first_name":"Trout - Rainbow, Frozen"},
{"id":"199-48-7801","first_name":"Cumin - Whole"},
{"id":"735-37-1399","first_name":"Zucchini - Yellow"},
{"id":"699-50-2506","first_name":"Bread - English Muffin"},
{"id":"432-51-2494","first_name":"Pastry - Raisin Muffin - Mini"},
{"id":"286-98-9450","first_name":"Jerusalem Artichoke"},
{"id":"230-73-2501","first_name":"Plasticknivesblack"},
{"id":"704-55-1213","first_name":"Wasabi Powder"},
{"id":"285-30-5534","first_name":"Extract - Vanilla,artificial"},
{"id":"509-21-8039","first_name":"Artichokes - Jerusalem"},
{"id":"298-35-9677","first_name":"Bread - Roll, Italian"},
{"id":"599-69-8707","first_name":"Pork - Smoked Kassler"},
{"id":"507-28-8809","first_name":"Bread - Calabrese Baguette"},
{"id":"189-02-4495","first_name":"Fish - Atlantic Salmon, Cold"},
{"id":"779-45-5115","first_name":"Brandy Apricot"},
{"id":"813-74-8356","first_name":"Blueberries - Frozen"},
{"id":"444-05-4627","first_name":"Coconut - Creamed, Pure"},
{"id":"539-38-5047","first_name":"Cakes Assorted"},
{"id":"855-93-6112","first_name":"Soup Campbells Turkey Veg."},
{"id":"106-15-9434","first_name":"Bread - Dark Rye"},
{"id":"200-23-8563","first_name":"Doilies - 8, Paper"},
{"id":"447-15-4600","first_name":"Sugar Thermometer"},
{"id":"318-06-7121","first_name":"Lettuce - Romaine, Heart"},
{"id":"256-21-3931","first_name":"Cheese - Le Cheve Noir"},
{"id":"459-15-5633","first_name":"Sprouts - Pea"},
{"id":"325-51-6169","first_name":"Sugar - Monocystal / Rock"},
{"id":"702-43-5503","first_name":"Oil - Coconut"},
{"id":"599-27-5036","first_name":"Calaloo"},
{"id":"532-97-4424","first_name":"Containter - 3oz Microwave Rect."},
{"id":"168-24-9671","first_name":"Salt - Rock, Course"},
{"id":"282-13-2579","first_name":"Bar - Granola Trail Mix Fruit Nut"},
{"id":"725-31-2521","first_name":"Sugar - Monocystal / Rock"},
{"id":"816-63-8015","first_name":"Rice - Wild"},
{"id":"607-30-7746","first_name":"Truffle Cups - Red"},
{"id":"875-01-5726","first_name":"Beef - Top Sirloin"},
{"id":"735-41-5051","first_name":"Spice - Paprika"},
{"id":"310-48-5349","first_name":"Pop Shoppe Cream Soda"},
{"id":"382-51-4602","first_name":"Aspic - Light"},
{"id":"606-98-8182","first_name":"Chicken Giblets"},
{"id":"705-72-7633","first_name":"Garlic"},
{"id":"237-13-0968","first_name":"Mortadella"},
{"id":"243-07-0035","first_name":"Veal - Striploin"},
{"id":"140-06-9944","first_name":"Mcgillicuddy Vanilla Schnap"},
{"id":"720-26-7007","first_name":"Shrimp - Tiger 21/25"},
{"id":"227-52-3281","first_name":"Mayonnaise - Individual Pkg"},
{"id":"664-49-6026","first_name":"Cucumber - English"},
{"id":"595-32-9758","first_name":"Mushroom - Chanterelle, Dry"},
{"id":"468-82-1999","first_name":"Mushroom - Chantrelle, Fresh"},
{"id":"463-38-4689","first_name":"Jello - Assorted"},
{"id":"783-47-1245","first_name":"Wine - White, Ej"},
{"id":"642-45-1570","first_name":"Artichoke - Fresh"},
{"id":"579-73-1961","first_name":"Langers - Ruby Red Grapfruit"},
{"id":"575-21-2227","first_name":"Yeast Dry - Fleischman"},
{"id":"164-73-2546","first_name":"Pepsi - 600ml"},
{"id":"737-61-2625","first_name":"Spice - Pepper Portions"},
{"id":"321-48-8371","first_name":"Cheese - Le Cru Du Clocher"},
{"id":"619-32-7227","first_name":"Tahini Paste"},
{"id":"291-40-3580","first_name":"Beef - Top Butt"},
{"id":"314-81-2765","first_name":"Pepsi - 600ml"},
{"id":"437-97-5768","first_name":"Orange - Tangerine"},
{"id":"523-87-9569","first_name":"Cheese - Brie, Cups 125g"},
{"id":"101-11-4311","first_name":"Pancetta"},
{"id":"658-85-1603","first_name":"Taro Leaves"},
{"id":"222-06-2293","first_name":"Juice - Lemon"},
{"id":"469-72-2831","first_name":"Beef - Short Ribs"},
{"id":"338-96-0878","first_name":"Bread - Mini Hamburger Bun"},
{"id":"633-16-9272","first_name":"Fennel"},
{"id":"312-69-4743","first_name":"Langers - Ruby Red Grapfruit"},
{"id":"344-85-6697","first_name":"Salt - Table"},
{"id":"653-92-8814","first_name":"The Pop Shoppe Pinapple"},
{"id":"123-12-7217","first_name":"Cheese - Feta"},
{"id":"196-75-8375","first_name":"Lobster - Base"},
{"id":"179-24-0702","first_name":"Island Oasis - Pina Colada"},
{"id":"479-63-0381","first_name":"Calypso - Pineapple Passion"},
{"id":"225-14-4828","first_name":"Garlic - Peeled"},
{"id":"495-85-8992","first_name":"Coffee Decaf Colombian"},
{"id":"894-96-1870","first_name":"Wine - Chateau Bonnet"},
{"id":"842-97-8128","first_name":"Lamb - Pieces, Diced"},
{"id":"640-13-8745","first_name":"Oil - Olive Bertolli"},
{"id":"576-97-3399","first_name":"Thyme - Dried"},
{"id":"738-96-3903","first_name":"Thermometer Digital"},
{"id":"665-99-7634","first_name":"Oxtail - Cut"},
{"id":"141-06-5192","first_name":"Cheese - Boursin, Garlic / Herbs"},
{"id":"156-58-6390","first_name":"Chickensplit Half"},
{"id":"264-83-7397","first_name":"Wine - Jafflin Bourgongone"},
{"id":"508-80-1194","first_name":"Shrimp - 150 - 250"},
{"id":"179-62-6773","first_name":"Nantucket - Pomegranate Pear"},
{"id":"314-86-7694","first_name":"Bread Crumbs - Panko"},
{"id":"277-71-4206","first_name":"Rice - Aborio"},
{"id":"676-28-9974","first_name":"Sauce - Apple, Unsweetened"},
{"id":"394-68-1609","first_name":"Mousse - Passion Fruit"},
{"id":"787-40-1643","first_name":"Tray - 12in Rnd Blk"},
{"id":"701-35-4932","first_name":"Tea - Mint"},
{"id":"257-46-4412","first_name":"Oil - Grapeseed Oil"},
{"id":"140-16-7627","first_name":"Wine - Ruffino Chianti Classico"},
{"id":"136-61-8526","first_name":"Chinese Lemon Pork"},
{"id":"714-06-6444","first_name":"Towel Multifold"},
{"id":"375-01-0288","first_name":"Mushroom - White Button"},
{"id":"436-09-9222","first_name":"Cotton Wet Mop 16 Oz"},
{"id":"467-48-6391","first_name":"Wine - Duboeuf Beaujolais"},
{"id":"329-95-9614","first_name":"Nut - Macadamia"},
{"id":"344-90-3831","first_name":"Foie Gras"},
{"id":"334-95-9353","first_name":"Appetizer - Asian Shrimp Roll"},
{"id":"757-36-8728","first_name":"Soup Campbells Turkey Veg."},
{"id":"832-65-5354","first_name":"Soup - Chicken And Wild Rice"},
{"id":"411-62-8599","first_name":"Sugar - Invert"},
{"id":"502-64-0894","first_name":"Turnip - White, Organic"},
{"id":"743-17-0643","first_name":"Wine - Pinot Noir Pond Haddock"},
{"id":"820-78-4523","first_name":"Container - Clear 16 Oz"},
{"id":"758-86-9926","first_name":"Cardamon Ground"},
{"id":"357-36-4880","first_name":"Appetizer - Veg Assortment"},
{"id":"613-72-6610","first_name":"Beer - Mcauslan Apricot"},
{"id":"812-35-9795","first_name":"Sping Loaded Cup Dispenser"},
{"id":"800-92-3020","first_name":"Wine - Semi Dry Riesling Vineland"},
{"id":"381-36-1332","first_name":"Wine - Ruffino Chianti"},
{"id":"709-13-1371","first_name":"Neckerchief Blck"},
{"id":"767-89-4000","first_name":"Chips - Assorted"},
{"id":"486-44-3240","first_name":"Lettuce - Green Leaf"},
{"id":"274-35-7139","first_name":"Rambutan"},
{"id":"632-47-5266","first_name":"Chocolate - Milk, Callets"},
{"id":"535-54-2464","first_name":"Wine - Manischewitz Concord"},
{"id":"153-75-3273","first_name":"Muffin Batt - Choc Chk"},
{"id":"257-50-7188","first_name":"Tomatoes - Roma"},
{"id":"354-20-5750","first_name":"Ecolab Crystal Fusion"},
{"id":"281-53-7044","first_name":"Yoplait Drink"},
{"id":"187-53-9315","first_name":"Vinegar - White"},
{"id":"575-93-1554","first_name":"Wine - Magnotta - Bel Paese White"},
{"id":"408-30-6108","first_name":"Sauce - Mint"},
{"id":"427-36-2757","first_name":"Chilli Paste, Ginger Garlic"},
{"id":"861-10-7306","first_name":"Wine - Red, Lurton Merlot De"},
{"id":"159-18-9022","first_name":"Steampan - Half Size Shallow"},
{"id":"539-19-5836","first_name":"Salt - Celery"},
{"id":"276-01-1450","first_name":"Coffee - Beans, Whole"},
{"id":"609-72-1760","first_name":"Vinegar - Balsamic"},
{"id":"528-79-3769","first_name":"Wheat - Soft Kernal Of Wheat"},
{"id":"776-52-3136","first_name":"Soup - Campbells, Beef Barley"},
{"id":"627-52-4986","first_name":"Muffin - Mix - Strawberry Rhubarb"},
{"id":"585-11-2546","first_name":"Pork - Back Ribs"},
{"id":"513-91-4369","first_name":"Sauce Tomato Pouch"},
{"id":"711-05-3831","first_name":"Tart Shells - Sweet, 4"},
{"id":"701-43-5858","first_name":"Napkin White - Starched"},
{"id":"499-61-3896","first_name":"Bonito Flakes - Toku Katsuo"},
{"id":"627-11-6720","first_name":"Chick Peas - Dried"},
{"id":"580-39-8841","first_name":"Parsley - Dried"},
{"id":"484-75-9818","first_name":"Wine - Red, Cabernet Merlot"},
{"id":"150-80-2960","first_name":"Beef - Cow Feet Split"},
{"id":"176-36-9813","first_name":"Salmon - Canned"},
{"id":"658-98-1690","first_name":"Savory"},
{"id":"120-21-4382","first_name":"Mushroom - King Eryingii"},
{"id":"688-82-0443","first_name":"Veal - Leg, Provimi - 50 Lb Max"},
{"id":"510-42-0697","first_name":"Savory"},
{"id":"162-08-5943","first_name":"Wine - Cousino Macul Antiguas"},
{"id":"520-09-4090","first_name":"Piping Jelly - All Colours"},
{"id":"712-05-6638","first_name":"Puree - Blackcurrant"},
{"id":"193-04-6830","first_name":"Salami - Genova"},
{"id":"767-56-3050","first_name":"Bread - Olive"},
{"id":"285-51-7464","first_name":"Tuna - Canned, Flaked, Light"},
{"id":"344-37-0580","first_name":"Creamers - 10%"},
{"id":"385-47-6531","first_name":"Beans - Kidney, Canned"},
{"id":"268-93-3092","first_name":"Sauce - Cranberry"},
{"id":"441-70-4040","first_name":"Yoplait Drink"},
{"id":"433-96-7432","first_name":"Pears - Bosc"},
{"id":"128-68-9981","first_name":"Pepper - Black, Whole"},
{"id":"391-42-1593","first_name":"Mushroom - Trumpet, Dry"},
{"id":"503-68-3359","first_name":"Veal - Leg, Provimi - 50 Lb Max"},
{"id":"567-75-1510","first_name":"Chocolate - Pistoles, White"},
{"id":"588-39-1864","first_name":"Wine - Lamancha Do Crianza"},
{"id":"737-49-1190","first_name":"Muffin Mix - Lemon Cranberry"},
{"id":"595-89-8817","first_name":"Tomato - Peeled Italian Canned"},
{"id":"572-51-1124","first_name":"Shrimp - 31/40"},
{"id":"395-07-7414","first_name":"Cheese - Gouda"},
{"id":"773-79-9925","first_name":"Rabbit - Saddles"},
{"id":"508-80-5211","first_name":"Sugar - Cubes"},
{"id":"295-54-3231","first_name":"Chocolate - Dark"},
{"id":"660-52-7402","first_name":"Soup Campbells Turkey Veg."},
{"id":"342-43-0574","first_name":"Beets - Candy Cane, Organic"},
{"id":"806-47-6725","first_name":"Pastry - Choclate Baked"},
{"id":"330-76-5660","first_name":"Compound - Passion Fruit"},
{"id":"734-06-6392","first_name":"Ice Cream Bar - Oreo Cone"},
{"id":"730-62-2327","first_name":"Flavouring Vanilla Artificial"},
{"id":"690-30-8385","first_name":"Pernod"},
{"id":"129-40-6960","first_name":"Soup - Campbells Bean Medley"},
{"id":"543-21-9089","first_name":"Hipnotiq Liquor"},
{"id":"221-67-7591","first_name":"Munchies Honey Sweet Trail Mix"},
{"id":"447-44-0038","first_name":"Mushroom - Oyster, Fresh"},
{"id":"532-73-5226","first_name":"Beer - Molson Excel"},
{"id":"411-31-4775","first_name":"Rosemary - Fresh"},
{"id":"658-85-5363","first_name":"Pepper - Chili Powder"},
{"id":"426-32-0239","first_name":"Tea - Mint"},
{"id":"145-74-6733","first_name":"V8 - Vegetable Cocktail"},
{"id":"358-14-2855","first_name":"Coffee - Decafenated"},
{"id":"870-58-6941","first_name":"Samosa - Veg"},
{"id":"788-73-8742","first_name":"Hog / Sausage Casing - Pork"},
{"id":"887-40-7234","first_name":"Lid Coffee Cup 8oz Blk"},
{"id":"697-38-8153","first_name":"Filo Dough"},
{"id":"693-89-6403","first_name":"Mini - Vol Au Vents"},
{"id":"325-28-5483","first_name":"Pimento - Canned"},
{"id":"343-71-6514","first_name":"Lamb - Leg, Boneless"},
{"id":"319-58-5986","first_name":"Chicken Breast Halal"},
{"id":"565-90-6080","first_name":"Sauce - Oyster"},
{"id":"256-92-4918","first_name":"Tomatoes - Cherry"},
{"id":"377-94-8983","first_name":"Asparagus - White, Fresh"},
{"id":"496-05-4422","first_name":"Club Soda - Schweppes, 355 Ml"},
{"id":"114-10-4225","first_name":"Appetizer - Assorted Box"},
{"id":"135-15-9056","first_name":"Icecream - Dstk Cml And Fdg"},
{"id":"704-15-3167","first_name":"Chutney Sauce - Mango"},
{"id":"851-23-1343","first_name":"Crab - Claws, Snow 16 - 24"},
{"id":"196-65-3692","first_name":"Soap - Pine Sol Floor Cleaner"},
{"id":"631-35-2482","first_name":"Table Cloth 62x120 Colour"},
{"id":"262-19-6808","first_name":"Plate Foam Laminated 9in Blk"},
{"id":"194-14-1439","first_name":"Fennel - Seeds"},
{"id":"750-14-7508","first_name":"Beer - Labatt Blue"},
{"id":"674-69-6532","first_name":"Wine - Magnotta - Cab Franc"},
{"id":"315-64-5901","first_name":"Wine - Vovray Sec Domaine Huet"},
{"id":"686-82-2810","first_name":"Capon - Whole"},
{"id":"753-25-7189","first_name":"Sauce - Caesar Dressing"},
{"id":"811-57-9892","first_name":"Ecolab - Ster Bac"},
{"id":"359-97-4258","first_name":"Pork - Loin, Bone - In"},
{"id":"628-73-7780","first_name":"Quiche Assorted"},
{"id":"430-57-9758","first_name":"The Pop Shoppe - Lime Rickey"},
{"id":"296-90-9353","first_name":"Flower - Dish Garden"},
{"id":"319-24-3609","first_name":"Appetizer - Smoked Salmon / Dill"},
{"id":"752-15-4890","first_name":"Flavouring - Orange"},
{"id":"707-70-5105","first_name":"Soup - Campbells, Beef Barley"},
{"id":"320-12-0969","first_name":"Turkey - Ground. Lean"},
{"id":"784-45-0655","first_name":"Ice Cream Bar - Hagen Daz"},
{"id":"373-51-9002","first_name":"External Supplier"},
{"id":"359-24-5658","first_name":"Wine - Taylors Reserve"},
{"id":"722-93-7273","first_name":"Table Cloth 54x54 White"},
{"id":"337-56-3599","first_name":"Port - 74 Brights"},
{"id":"737-82-9632","first_name":"Juice - Clam, 46 Oz"},
{"id":"202-92-3875","first_name":"Sea Bass - Whole"},
{"id":"298-49-5060","first_name":"Wakami Seaweed"},
{"id":"548-27-4797","first_name":"Sprouts - Bean"},
{"id":"276-11-7102","first_name":"Arizona - Plum Green Tea"},
{"id":"840-60-7130","first_name":"Beans - Navy, Dry"},
{"id":"513-88-4497","first_name":"Beef Cheek Fresh"},
{"id":"551-39-0210","first_name":"Vol Au Vents"},
{"id":"852-05-4400","first_name":"Onions - Cooking"},
{"id":"621-73-4070","first_name":"Sour Cream"},
{"id":"113-62-0396","first_name":"Wine - Saint - Bris 2002, Sauv"},
{"id":"649-31-1203","first_name":"Chicken - Diced, Cooked"},
{"id":"171-45-7318","first_name":"Bread - Pita"},
{"id":"566-60-3800","first_name":"Beef - Ox Tail, Frozen"},
{"id":"429-31-4836","first_name":"Cheese - Stilton"},
{"id":"818-32-8140","first_name":"Flavouring Vanilla Artificial"},
{"id":"565-44-7989","first_name":"Soup - Campbells Mushroom"},
{"id":"383-67-6260","first_name":"Roe - Lump Fish, Black"},
{"id":"433-16-0144","first_name":"Cake - Pancake"},
{"id":"380-05-4401","first_name":"Pepper - Scotch Bonnet"},
{"id":"460-52-8784","first_name":"Kahlua"},
{"id":"216-51-2772","first_name":"Bread - Dark Rye, Loaf"},
{"id":"567-09-9084","first_name":"Ice Cream Bar - Hageen Daz To"},
{"id":"699-68-0826","first_name":"Chocolate - Liqueur Cups With Foil"},
{"id":"821-23-2501","first_name":"Spoon - Soup, Plastic"},
{"id":"296-68-1056","first_name":"Turkey - Oven Roast Breast"},
{"id":"495-89-8575","first_name":"Flour - Masa De Harina Mexican"},
{"id":"677-85-5593","first_name":"Icecream - Dibs"},
{"id":"582-21-6808","first_name":"Cheese Cloth No 60"},
{"id":"758-77-7251","first_name":"Banana - Green"},
{"id":"679-11-4980","first_name":"Appetizer - Assorted Box"},
{"id":"745-65-6150","first_name":"Wine - White, Pinot Grigio"},
{"id":"440-90-9780","first_name":"Daikon Radish"},
{"id":"662-91-3933","first_name":"Wine - White, Riesling, Henry Of"},
{"id":"287-45-2091","first_name":"Pork - Backs - Boneless"},
{"id":"157-49-9856","first_name":"Cheese - Brie"},
{"id":"493-07-9256","first_name":"Napkin - Cocktail,beige 2 - Ply"},
{"id":"374-14-8861","first_name":"Ecolab - Hobart Washarm End Cap"},
{"id":"685-79-5042","first_name":"Pie Filling - Apple"},
{"id":"512-08-2954","first_name":"Wine - Winzer Krems Gruner"},
{"id":"649-75-0246","first_name":"Tomato Puree"},
{"id":"651-44-8906","first_name":"Muffin Batt - Blueberry Passion"},
{"id":"336-28-8248","first_name":"Sauce - Plum"},
{"id":"404-89-6549","first_name":"Ecolab - Hobart Upr Prewash Arm"},
{"id":"783-04-4935","first_name":"Soup Campbells - Tomato Bisque"},
{"id":"243-45-8501","first_name":"Beef - Tenderlion, Center Cut"},
{"id":"575-15-0693","first_name":"Beer - Labatt Blue"},
{"id":"672-64-4354","first_name":"Wine - Chateau Bonnet"},
{"id":"580-74-6586","first_name":"Juice - Ocean Spray Kiwi"},
{"id":"641-03-7854","first_name":"Mace Ground"},
{"id":"209-53-3089","first_name":"Tart Shells - Barquettes, Savory"},
{"id":"104-02-2653","first_name":"Triple Sec - Mcguinness"},
{"id":"889-84-3335","first_name":"Potatoes - Parissienne"},
{"id":"293-53-8299","first_name":"Apple - Granny Smith"},
{"id":"451-70-6511","first_name":"Ice Cream Bar - Hageen Daz To"},
{"id":"745-61-4393","first_name":"Sausage - Andouille"},
{"id":"163-16-3988","first_name":"Lettuce - Arugula"},
{"id":"733-20-9931","first_name":"Lettuce - Spring Mix"},
{"id":"178-57-1526","first_name":"Wine - Casablanca Valley"},
{"id":"626-74-1368","first_name":"Soup - Knorr, Ministrone"},
{"id":"482-89-1150","first_name":"Onions - Red"},
{"id":"411-86-2215","first_name":"Chicken - Soup Base"},
{"id":"579-85-6571","first_name":"Crab - Meat"},
{"id":"567-27-8570","first_name":"Beans - Kidney White"},
{"id":"117-04-7453","first_name":"Soup - Cream Of Potato / Leek"},
{"id":"724-71-1713","first_name":"Soup - Knorr, Classic Can. Chili"},
{"id":"725-37-9783","first_name":"Beef - Ground, Extra Lean, Fresh"},
{"id":"292-54-0770","first_name":"Coconut Milk - Unsweetened"},
{"id":"400-97-3583","first_name":"Shiro Miso"},
{"id":"763-03-1149","first_name":"Sprouts - Pea"},
{"id":"706-51-5662","first_name":"Appetizer - Crab And Brie"},
{"id":"111-73-9750","first_name":"Coconut - Shredded, Sweet"},
{"id":"752-44-3017","first_name":"Oxtail - Cut"},
{"id":"891-31-5144","first_name":"Longos - Grilled Veg Sandwiches"},
{"id":"554-08-9130","first_name":"Beef - Diced"},
{"id":"280-76-7505","first_name":"Shrimp - Prawn"},
{"id":"587-68-7321","first_name":"Creme De Cacao Mcguines"},
{"id":"884-86-9273","first_name":"Olives - Morracan Dired"},
{"id":"434-74-7054","first_name":"Bread - Italian Corn Meal Poly"},
{"id":"660-86-0566","first_name":"Lobak"},
{"id":"356-82-6134","first_name":"Beer - Blue"},
{"id":"190-89-7515","first_name":"Table Cloth 62x120 Colour"},
{"id":"371-51-5279","first_name":"Yams"},
{"id":"552-72-1675","first_name":"Iced Tea - Lemon, 460 Ml"},
{"id":"642-10-8478","first_name":"Horseradish Root"},
{"id":"720-16-2066","first_name":"Ecolab - Ster Bac"},
{"id":"554-49-7657","first_name":"Bread Roll Foccacia"},
{"id":"228-95-0422","first_name":"Lid - 10,12,16 Oz"},
{"id":"231-12-5474","first_name":"Lamb - Leg, Bone In"},
{"id":"296-65-4962","first_name":"Ice Cream - Strawberry"},
{"id":"174-52-5791","first_name":"Olives - Nicoise"},
{"id":"699-01-0452","first_name":"Jam - Marmalade, Orange"},
{"id":"299-82-1638","first_name":"Table Cloth 72x144 White"},
{"id":"410-48-8262","first_name":"Mountain Dew"},
{"id":"789-40-9314","first_name":"Beer - Mill St Organic"},
{"id":"703-07-7265","first_name":"Sardines"},
{"id":"261-23-1187","first_name":"Long Island Ice Tea"},
{"id":"463-48-3741","first_name":"Veal - Bones"},
{"id":"529-06-5803","first_name":"Chutney Sauce - Mango"},
{"id":"689-71-3015","first_name":"Wine - George Duboeuf Rose"},
{"id":"813-24-9536","first_name":"Cake - Lemon Chiffon"},
{"id":"380-06-9969","first_name":"Salmon - Sockeye Raw"},
{"id":"327-11-2595","first_name":"Wine - Ruffino Chianti"},
{"id":"567-49-3277","first_name":"Sandwich Wrap"},
{"id":"382-24-1975","first_name":"Mustard - Pommery"},
{"id":"779-61-7806","first_name":"Wine - Pinot Noir Latour"},
{"id":"104-12-6992","first_name":"Water - Evian 355 Ml"},
{"id":"430-33-5525","first_name":"Strawberries - California"},
{"id":"231-88-3451","first_name":"Toamtoes 6x7 Select"},
{"id":"482-10-1331","first_name":"Beef Cheek Fresh"},
{"id":"235-76-9253","first_name":"Soup - Campbells, Beef Barley"},
{"id":"461-86-6589","first_name":"Bread Base - Toscano"},
{"id":"852-94-9584","first_name":"Kirsch - Schloss"},
{"id":"372-77-4083","first_name":"Chickensplit Half"},
{"id":"341-95-0782","first_name":"Brandy - Orange, Mc Guiness"},
{"id":"767-02-2322","first_name":"Fondant - Icing"},
{"id":"476-90-3908","first_name":"Oil - Pumpkinseed"},
{"id":"226-38-3857","first_name":"Wine - Chateau Bonnet"},
{"id":"257-66-6022","first_name":"Flour - Cake"},
{"id":"167-97-1173","first_name":"Soup - Chicken And Wild Rice"},
{"id":"592-05-4021","first_name":"Amarula Cream"},
{"id":"413-05-2775","first_name":"Nestea - Iced Tea"},
{"id":"757-01-0105","first_name":"Longos - Assorted Sandwich"},
{"id":"863-37-9783","first_name":"Cornstarch"},
{"id":"134-53-1287","first_name":"Trout - Rainbow, Fresh"},
{"id":"593-06-7803","first_name":"Pasta - Rotini, Colour, Dry"},
{"id":"542-11-9952","first_name":"Veal - Slab Bacon"},
{"id":"507-84-9264","first_name":"Veal - Eye Of Round"},
{"id":"171-91-3633","first_name":"Sauce - White, Mix"},
{"id":"711-49-3038","first_name":"Tamarillo"},
{"id":"335-10-7665","first_name":"Cumin - Whole"},
{"id":"218-60-8144","first_name":"Doilies - 12, Paper"},
{"id":"293-04-8498","first_name":"Muffin Mix - Lemon Cranberry"},
{"id":"688-58-1960","first_name":"Scotch - Queen Anne"},
{"id":"526-94-5678","first_name":"Bowl 12 Oz - Showcase 92012"},
{"id":"610-34-7842","first_name":"Brandy Apricot"},
{"id":"104-81-4542","first_name":"Petit Baguette"},
{"id":"303-25-2535","first_name":"Pepper - Black, Crushed"},
{"id":"547-97-5415","first_name":"Rice - Jasmine Sented"},
{"id":"314-91-8225","first_name":"Veal - Striploin"},
{"id":"740-23-7457","first_name":"Soupfoamcont12oz 112con"},
{"id":"121-76-7564","first_name":"Skirt - 24 Foot"},
{"id":"137-18-1269","first_name":"Wine - Stoneliegh Sauvignon"},
{"id":"759-64-7841","first_name":"Wine - White, Pinot Grigio"},
{"id":"171-58-9751","first_name":"Shiratamako - Rice Flour"},
{"id":"692-40-4478","first_name":"Ecolab Silver Fusion"},
{"id":"539-84-7731","first_name":"Cake - Sheet Strawberry"},
{"id":"777-42-1906","first_name":"Coffee - 10oz Cup 92961"},
{"id":"596-22-2998","first_name":"Foil Wrap"},
{"id":"477-18-4430","first_name":"Propel Sport Drink"},
{"id":"654-03-8743","first_name":"Coffee Caramel Biscotti"},
{"id":"385-88-0168","first_name":"Sweet Pea Sprouts"},
{"id":"236-78-5907","first_name":"Coffee - French Vanilla Frothy"},
{"id":"102-44-6766","first_name":"Island Oasis - Cappucino Mix"},
{"id":"438-39-5953","first_name":"Yogurt - Peach, 175 Gr"},
{"id":"626-16-8584","first_name":"Dried Cherries"},
{"id":"310-16-7011","first_name":"Pasta - Fusili Tri - Coloured"},
{"id":"651-01-2730","first_name":"Container - Hngd Cll Blk 7x7x3"},
{"id":"239-07-2208","first_name":"Squash - Pepper"},
{"id":"249-43-4044","first_name":"Energy Drink - Franks Pineapple"},
{"id":"840-98-4792","first_name":"Lamb - Shanks"},
{"id":"896-24-0575","first_name":"Mushroom - Porcini Frozen"},
{"id":"673-11-6780","first_name":"Wine - Red, Antinori Santa"},
{"id":"184-06-9550","first_name":"Cranberries - Fresh"},
{"id":"381-16-9989","first_name":"Lemonade - Kiwi, 591 Ml"},
{"id":"427-85-9505","first_name":"Arctic Char - Fresh, Whole"},
{"id":"111-45-4168","first_name":"Zucchini - Mini, Green"},
{"id":"509-22-7862","first_name":"Alize Sunset"},
{"id":"316-73-3360","first_name":"Syrup - Monin, Amaretta"},
{"id":"466-43-5051","first_name":"Leeks - Baby, White"},
{"id":"481-43-8976","first_name":"Longos - Cheese Tortellini"},
{"id":"272-24-2955","first_name":"Capon - Breast, Wing On"},
{"id":"660-67-2770","first_name":"Wine - Cotes Du Rhone"},
{"id":"652-73-1597","first_name":"Wine - Toasted Head"},
{"id":"539-55-4021","first_name":"Juice - Cranberry 284ml"},
{"id":"420-79-5847","first_name":"Anisette - Mcguiness"},
{"id":"293-98-5641","first_name":"Pepsi - Diet, 355 Ml"},
{"id":"219-07-7651","first_name":"Tilapia - Fillets"},
{"id":"780-87-0920","first_name":"Soup - Campbells Mushroom"},
{"id":"851-60-7092","first_name":"Praline Paste"},
{"id":"281-12-9358","first_name":"Juice - Cranberry 284ml"},
{"id":"221-34-1587","first_name":"Flounder - Fresh"},
{"id":"172-28-6682","first_name":"Cheese - Gouda Smoked"},
{"id":"758-20-0790","first_name":"Pork - Smoked Kassler"},
{"id":"819-16-7989","first_name":"Cactus Pads"},
{"id":"497-44-0450","first_name":"Drambuie"},
{"id":"785-84-4151","first_name":"Cherries - Fresh"},
{"id":"869-18-2747","first_name":"Pasta - Fett Alfredo, Single Serve"},
{"id":"430-13-1697","first_name":"Sauce - Sesame Thai Dressing"},
{"id":"650-17-1578","first_name":"Capon - Breast, Wing On"},
{"id":"386-67-5672","first_name":"Wine - Prosecco Valdobienne"},
{"id":"610-87-7727","first_name":"Cake Circle, Foil, Scallop"},
{"id":"696-33-6683","first_name":"Kellogs Cereal In A Cup"},
{"id":"595-85-0922","first_name":"Sausage - Chorizo"},
{"id":"793-28-3380","first_name":"Melon - Watermelon Yellow"},
{"id":"854-42-2861","first_name":"Carbonated Water - White Grape"},
{"id":"405-18-4540","first_name":"Table Cloth 91x91 Colour"},
{"id":"523-38-8460","first_name":"Gatorade - Lemon Lime"},
{"id":"505-12-8594","first_name":"Cod - Fillets"},
{"id":"210-77-9429","first_name":"Ocean Spray - Ruby Red"},
{"id":"614-41-9819","first_name":"Couscous"},
{"id":"525-82-5003","first_name":"Vinegar - Sherry"},
{"id":"521-46-6823","first_name":"Goat - Whole Cut"},
{"id":"747-32-4424","first_name":"Sauce - Vodka Blush"},
{"id":"440-67-0166","first_name":"Tart Shells - Barquettes, Savory"},
{"id":"607-55-2231","first_name":"Pepper - Jalapeno"},
{"id":"784-20-7414","first_name":"Wine - White, Riesling, Henry Of"},
{"id":"515-77-0586","first_name":"Coke - Classic, 355 Ml"},
{"id":"819-42-8988","first_name":"Mushroom - Porcini Frozen"},
{"id":"882-93-5749","first_name":"Flour - Masa De Harina Mexican"},
{"id":"644-36-2284","first_name":"Pepper - Black, Crushed"},
{"id":"658-40-9800","first_name":"Anisette - Mcguiness"},
{"id":"739-82-5970","first_name":"Sobe - Cranberry Grapefruit"},
{"id":"818-10-2871","first_name":"Crab Meat Claw Pasteurise"},
{"id":"455-81-3961","first_name":"Food Colouring - Red"},
{"id":"317-97-7066","first_name":"Brandy Cherry - Mcguinness"},
{"id":"407-17-3761","first_name":"Bread - Calabrese Baguette"},
{"id":"200-70-9881","first_name":"Pasta - Penne Primavera, Single"},
{"id":"870-73-5459","first_name":"Cocoa Butter"},
{"id":"141-57-9692","first_name":"Sugar - Crumb"},
{"id":"339-39-8574","first_name":"Nut - Peanut, Roasted"},
{"id":"157-31-1485","first_name":"Garlic"},
{"id":"726-20-6451","first_name":"Vaccum Bag - 14x20"},
{"id":"704-08-5208","first_name":"Bread - Onion Focaccia"},
{"id":"589-93-4284","first_name":"Mountain Dew"},
{"id":"598-03-7488","first_name":"Mushroom - Oyster, Fresh"},
{"id":"521-20-5299","first_name":"Shopper Bag - S - 4"},
{"id":"891-38-2652","first_name":"Fish - Artic Char, Cold Smoked"},
{"id":"510-84-2772","first_name":"Spice - Montreal Steak Spice"},
{"id":"646-81-4053","first_name":"Calvados - Boulard"},
{"id":"146-18-7639","first_name":"Pecan Raisin - Tarts"},
{"id":"753-30-8303","first_name":"Basil - Pesto Sauce"},
{"id":"531-84-7019","first_name":"Wine - Vidal Icewine Magnotta"},
{"id":"634-90-8715","first_name":"Capers - Ox Eye Daisy"},
{"id":"893-10-3529","first_name":"Roe - Lump Fish, Red"},
{"id":"566-16-1140","first_name":"Lobak"},
{"id":"154-43-5233","first_name":"Cookies Almond Hazelnut"},
{"id":"261-10-9221","first_name":"Bread - Raisin Walnut Oval"},
{"id":"446-46-2176","first_name":"Dragon Fruit"},
{"id":"762-62-3946","first_name":"Sugar - Icing"},
{"id":"652-01-2823","first_name":"Bread - Pullman, Sliced"},
{"id":"845-87-6576","first_name":"Juice - Lime"},
{"id":"373-97-5990","first_name":"Octopus - Baby, Cleaned"},
{"id":"728-37-6366","first_name":"Scrubbie - Scotchbrite Hand Pad"},
{"id":"513-73-6890","first_name":"Tuna - Yellowfin"},
{"id":"495-94-5172","first_name":"Crab Meat Claw Pasteurise"},
{"id":"110-92-3698","first_name":"Scallops - 10/20"},
{"id":"686-81-2050","first_name":"Tea - Herbal - 6 Asst"},
{"id":"382-94-6092","first_name":"Energy Drink - Franks Pineapple"},
{"id":"439-35-9557","first_name":"Sea Bass - Fillets"},
{"id":"629-63-8235","first_name":"Beans - Kidney, Red Dry"},
{"id":"483-71-0721","first_name":"Broom - Push"},
{"id":"338-25-1038","first_name":"Nectarines"},
{"id":"319-84-9820","first_name":"Wine - White Cab Sauv.on"},
{"id":"825-84-0100","first_name":"Cocoa Powder - Dutched"},
{"id":"307-60-0454","first_name":"Wood Chips - Regular"},
{"id":"254-29-1185","first_name":"Venison - Racks Frenched"},
{"id":"120-03-6395","first_name":"Onions - Red"},
{"id":"392-26-5599","first_name":"Chicken - Thigh, Bone In"},
{"id":"640-91-0199","first_name":"Plaintain"},
{"id":"357-20-5047","first_name":"Creme De Menthe Green"},
{"id":"234-13-8704","first_name":"Ecolab - Lime - A - Way 4/4 L"},
{"id":"779-04-8856","first_name":"Pork Casing"},
{"id":"561-49-2976","first_name":"Squid U5 - Thailand"},
{"id":"602-89-2950","first_name":"Wine - Taylors Reserve"},
{"id":"404-56-1947","first_name":"Melon - Cantaloupe"},
{"id":"346-38-2884","first_name":"Salt And Pepper Mix - Black"},
{"id":"722-81-3984","first_name":"Drambuie"},
{"id":"759-39-6267","first_name":"Beef - Tenderloin"},
{"id":"399-47-6054","first_name":"Mustard Prepared"},
{"id":"360-93-2117","first_name":"Star Anise, Whole"},
{"id":"327-27-4058","first_name":"Beef - Salted"},
{"id":"226-47-1229","first_name":"Dried Cranberries"},
{"id":"494-22-2988","first_name":"Gelatine Leaves - Bulk"},
{"id":"507-05-0037","first_name":"Sausage - Liver"},
{"id":"652-01-1638","first_name":"Flavouring Vanilla Artificial"},
{"id":"205-64-3367","first_name":"Bread - Pumpernickel"},
{"id":"486-71-5386","first_name":"Shallots"},
{"id":"419-46-6420","first_name":"Persimmons"},
{"id":"742-79-9052","first_name":"Cheese - Wine"},
{"id":"185-51-5258","first_name":"Juice - Ocean Spray Kiwi"},
{"id":"239-56-1276","first_name":"Hot Choc Vending"},
{"id":"784-09-8048","first_name":"Cheese - Parmesan Grated"},
{"id":"281-72-4454","first_name":"Wakami Seaweed"},
{"id":"669-27-3963","first_name":"Table Cloth 62x114 Colour"},
{"id":"876-81-9331","first_name":"Cakes Assorted"},
{"id":"335-51-8219","first_name":"Pork Loin Bine - In Frenched"},
{"id":"432-82-1312","first_name":"Shiratamako - Rice Flour"},
{"id":"354-17-2720","first_name":"Puff Pastry - Sheets"},
{"id":"339-50-7680","first_name":"Paper Towel Touchless"},
{"id":"352-30-7104","first_name":"Lighter - Bbq"},
{"id":"746-21-3118","first_name":"Wine - Bouchard La Vignee Pinot"},
{"id":"313-91-2418","first_name":"Veal - Brisket, Provimi, Bone - In"},
{"id":"536-39-2983","first_name":"Cattail Hearts"},
{"id":"843-07-7938","first_name":"Sprouts Dikon"},
{"id":"604-97-8938","first_name":"Puree - Mocha"},
{"id":"869-39-1626","first_name":"Flour - So Mix Cake White"},
{"id":"185-51-5932","first_name":"Food Colouring - Blue"},
{"id":"399-94-5510","first_name":"Lotus Leaves"},
{"id":"883-12-9756","first_name":"Mini - Vol Au Vents"},
{"id":"208-49-7583","first_name":"Rye Special Old"},
{"id":"465-08-3419","first_name":"Fond - Chocolate"},
{"id":"501-13-0622","first_name":"Bonito Flakes - Toku Katsuo"},
{"id":"116-79-2835","first_name":"Pork - Smoked Back Bacon"},
{"id":"617-12-7762","first_name":"Wine - Cousino Macul Antiguas"},
{"id":"789-29-7050","first_name":"Sprouts - Onion"},
{"id":"231-14-3786","first_name":"Tea Peppermint"},
{"id":"347-22-5787","first_name":"Coconut - Shredded, Unsweet"},
{"id":"847-08-4998","first_name":"Emulsifier"},
{"id":"727-34-8414","first_name":"Garlic"},
{"id":"679-71-7750","first_name":"Doilies - 5, Paper"},
{"id":"667-59-9415","first_name":"Halibut - Whole, Fresh"},
{"id":"701-09-3267","first_name":"Milk - Chocolate 500ml"},
{"id":"499-12-0137","first_name":"Grand Marnier"},
{"id":"319-22-3950","first_name":"Tomatoes - Cherry"},
{"id":"796-41-3832","first_name":"Crawfish"},
{"id":"470-51-8913","first_name":"Glaze - Clear"},
{"id":"155-32-4706","first_name":"Ginger - Crystalized"},
{"id":"232-98-4140","first_name":"Cake Circle, Paprus"},
{"id":"425-97-8312","first_name":"Seedlings - Mix, Organic"},
{"id":"353-99-0106","first_name":"Muskox - French Rack"},
{"id":"548-50-7151","first_name":"French Kiss Vanilla"},
{"id":"671-41-5219","first_name":"Petite Baguette"},
{"id":"798-05-5787","first_name":"The Pop Shoppe - Lime Rickey"},
{"id":"105-17-4060","first_name":"Beer - Original Organic Lager"},
{"id":"674-30-4755","first_name":"Nut - Pistachio, Shelled"},
{"id":"360-23-7152","first_name":"Syrup - Golden, Lyles"},
{"id":"461-82-9338","first_name":"Wine - Rosso Toscano Igt"},
{"id":"880-93-5964","first_name":"Stainless Steel Cleaner Vision"},
{"id":"260-20-0786","first_name":"Pork - Sausage Casing"},
{"id":"502-32-7371","first_name":"Sugar - Splenda Sweetener"},
{"id":"276-81-6628","first_name":"The Pop Shoppe - Root Beer"},
{"id":"631-25-7874","first_name":"Pork - Smoked Back Bacon"},
{"id":"190-17-6864","first_name":"Beef - Kindney, Whole"},
{"id":"302-89-8009","first_name":"Longos - Burritos"},
{"id":"562-28-6466","first_name":"Wine - Remy Pannier Rose"},
{"id":"435-75-7101","first_name":"Salt - Kosher"},
{"id":"779-33-2659","first_name":"Veal - Tenderloin, Untrimmed"},
{"id":"403-62-4369","first_name":"Beans - Soya Bean"},
{"id":"851-31-9724","first_name":"Dawn Professionl Pot And Pan"},
{"id":"445-61-9587","first_name":"Zucchini - Yellow"},
{"id":"164-49-1222","first_name":"Ice Cream Bar - Rolo Cone"},
{"id":"560-86-5356","first_name":"Bar - Granola Trail Mix Fruit Nut"},
{"id":"574-82-3189","first_name":"Coffee Cup 12oz 5342cd"},
{"id":"415-37-4170","first_name":"Pears - Bartlett"},
{"id":"311-67-9782","first_name":"Phyllo Dough"},
{"id":"660-62-8060","first_name":"Pasta - Gnocchi, Potato"},
{"id":"641-49-3391","first_name":"Vinegar - Rice"},
{"id":"389-59-9383","first_name":"Wine - Trimbach Pinot Blanc"},
{"id":"206-88-7120","first_name":"Wine - Remy Pannier Rose"},
{"id":"196-02-6606","first_name":"Muffin - Banana Nut Individual"},
{"id":"460-64-0032","first_name":"Chicken - Wings, Tip Off"},
{"id":"130-52-5210","first_name":"Chocolate - Mi - Amere Semi"},
{"id":"178-66-6788","first_name":"Hog / Sausage Casing - Pork"},
{"id":"233-84-5631","first_name":"Bread - Roll, Calabrese"},
{"id":"808-24-1861","first_name":"Asparagus - Frozen"},
{"id":"285-96-6548","first_name":"Wine - White, French Cross"},
{"id":"810-82-7898","first_name":"Chutney Sauce - Mango"},
{"id":"107-75-9413","first_name":"Hinge W Undercut"},
{"id":"226-07-2278","first_name":"Oil - Coconut"},
{"id":"819-15-4547","first_name":"Garlic - Elephant"},
{"id":"768-69-8290","first_name":"Relish"},
{"id":"339-17-4102","first_name":"Cabbage - Red"},
{"id":"261-02-8236","first_name":"Island Oasis - Wildberry"},
{"id":"770-79-8157","first_name":"Phyllo Dough"},
{"id":"617-57-6250","first_name":"Tamarind Paste"},
{"id":"339-96-9493","first_name":"Slt - Individual Portions"},
{"id":"589-21-4270","first_name":"Cookies Almond Hazelnut"},
{"id":"101-34-0567","first_name":"Bread - Italian Sesame Poly"},
{"id":"309-06-7078","first_name":"Chicken - Livers"},
{"id":"712-60-8467","first_name":"Chicken - Whole Fryers"},
{"id":"126-68-2327","first_name":"Bread - White Mini Epi"},
{"id":"627-11-7232","first_name":"Veal - Kidney"},
{"id":"208-15-4747","first_name":"Trout - Hot Smkd, Dbl Fillet"},
{"id":"279-01-2141","first_name":"Pomello"},
{"id":"314-24-7349","first_name":"Sprouts - Baby Pea Tendrils"},
{"id":"890-19-1239","first_name":"Petite Baguette"},
{"id":"746-44-7321","first_name":"Appetizer - Mango Chevre"},
{"id":"796-16-5327","first_name":"Basil - Thai"},
{"id":"132-78-3741","first_name":"Blouse / Shirt / Sweater"},
{"id":"795-97-4328","first_name":"Coffee Decaf Colombian"},
{"id":"322-20-5453","first_name":"Coffee - Decafenated"},
{"id":"179-75-7645","first_name":"Wiberg Super Cure"},
{"id":"804-43-6820","first_name":"Flavouring - Orange"},
{"id":"771-81-4379","first_name":"Shrimp - 150 - 250"},
{"id":"247-87-2280","first_name":"Madeira"},
{"id":"769-90-5187","first_name":"Soup - Knorr, Chicken Gumbo"},
{"id":"455-09-0673","first_name":"Sauce - Demi Glace"},
{"id":"136-47-3691","first_name":"Puree - Mango"},
{"id":"435-23-8348","first_name":"Muffin - Bran Ind Wrpd"},
{"id":"786-30-6263","first_name":"Bread - Roll, Calabrese"},
{"id":"530-01-5553","first_name":"Pepper - Cayenne"},
{"id":"889-95-1488","first_name":"Wine - Jaboulet Cotes Du Rhone"},
{"id":"723-17-8213","first_name":"Lemons"},
{"id":"649-66-9139","first_name":"Honey - Liquid"},
{"id":"463-30-9539","first_name":"Celery Root"},
{"id":"558-56-3062","first_name":"Bread - Pita, Mini"},
{"id":"430-30-7376","first_name":"Muffin Hinge Container 6"},
{"id":"100-71-9463","first_name":"Beef - Rib Roast, Cap On"},
{"id":"664-59-7204","first_name":"Bread - Wheat Baguette"},
{"id":"216-30-0523","first_name":"Muffin Puck Ww Carrot"},
{"id":"180-11-2616","first_name":"Plate Pie Foil"},
{"id":"789-36-3049","first_name":"Coffee - 10oz Cup 92961"},
{"id":"640-92-9022","first_name":"Table Cloth 62x114 White"},
{"id":"861-59-3067","first_name":"Calypso - Strawberry Lemonade"},
{"id":"672-22-6023","first_name":"Rice - Basmati"},
{"id":"814-81-6152","first_name":"Beef - Tenderloin Tails"},
{"id":"679-27-4733","first_name":"Tea - Herbal Orange Spice"},
{"id":"765-70-9219","first_name":"Coffee Cup 12oz 5342cd"},
{"id":"421-14-3988","first_name":"Orange Roughy 6/8 Oz"},
{"id":"434-13-4321","first_name":"Cocktail Napkin Blue"},
{"id":"654-18-1782","first_name":"Beer - Corona"},
{"id":"710-24-8171","first_name":"Wine - White, French Cross"},
{"id":"735-50-6737","first_name":"Bagel - Sesame Seed Presliced"},
{"id":"517-71-4866","first_name":"Soup Campbells Turkey Veg."},
{"id":"452-67-7357","first_name":"Turkey - Breast, Bone - In"},
{"id":"846-37-4211","first_name":"Waffle Stix"},
{"id":"308-88-2868","first_name":"Melon - Watermelon Yellow"},
{"id":"322-52-1644","first_name":"Vinegar - Balsamic, White"},
{"id":"284-89-7256","first_name":"Apricots - Halves"},
{"id":"560-88-3923","first_name":"Drambuie"},
{"id":"677-41-6079","first_name":"Wine - Red, Pelee Island Merlot"},
{"id":"767-63-8226","first_name":"Cheese - Woolwich Goat, Log"},
{"id":"434-98-4563","first_name":"Beef - Eye Of Round"},
{"id":"868-34-9061","first_name":"Icecream - Dibs"},
{"id":"484-89-3908","first_name":"Table Cloth 62x114 Colour"},
{"id":"176-83-0860","first_name":"Avocado"},
{"id":"406-62-4172","first_name":"Coffee - Espresso"},
{"id":"530-78-1347","first_name":"Beef - Texas Style Burger"},
{"id":"742-97-5443","first_name":"Bread - Raisin"},
{"id":"538-64-8064","first_name":"Milk - 1%"},
{"id":"233-38-6340","first_name":"Chick Peas - Canned"},
{"id":"231-80-7977","first_name":"Syrup - Golden, Lyles"},
{"id":"729-63-4013","first_name":"Mushroom - Shitake, Fresh"},
{"id":"191-67-0672","first_name":"Pork - Bacon,back Peameal"},
{"id":"215-58-7067","first_name":"Rice - Long Grain"},
{"id":"633-90-7051","first_name":"Wine - Montecillo Rioja Crianza"},
{"id":"681-97-1077","first_name":"Chinese Foods - Chicken Wing"},
{"id":"737-46-0263","first_name":"Wine - Prosecco Valdobienne"},
{"id":"680-23-5579","first_name":"Napkin White"},
{"id":"415-19-7036","first_name":"Soup - Campbells Tomato Ravioli"},
{"id":"660-27-4324","first_name":"Pork - Backs - Boneless"},
{"id":"517-89-0208","first_name":"Nut - Pumpkin Seeds"},
{"id":"756-13-7738","first_name":"Onions - White"},
{"id":"855-80-3443","first_name":"Broom - Corn"},
{"id":"728-31-3195","first_name":"Juice - Ocean Spray Kiwi"},
{"id":"512-36-0043","first_name":"Rum - Dark, Bacardi, Black"},
{"id":"472-79-3564","first_name":"Bagel - Everything"},
{"id":"605-11-7802","first_name":"Oil - Sunflower"},
{"id":"428-92-6476","first_name":"Sultanas"},
{"id":"809-08-5125","first_name":"Cod - Black Whole Fillet"},
{"id":"296-34-4322","first_name":"Lettuce - Red Leaf"},
{"id":"173-74-3084","first_name":"Foie Gras"}]