[{"id":"225-43-8398","first_name":"Roe - Lump Fish, Black"},
{"id":"748-10-2493","first_name":"Quinoa"},
{"id":"260-50-9957","first_name":"Goat - Whole Cut"},
{"id":"715-45-3580","first_name":"Pail With Metal Handle 16l White"},
{"id":"385-80-3665","first_name":"Bagel - Ched Chs Presliced"},
{"id":"452-76-6223","first_name":"Water, Tap"},
{"id":"152-16-0158","first_name":"Chocolate - Dark"},
{"id":"565-45-6585","first_name":"Hot Chocolate - Individual"},
{"id":"296-52-1677","first_name":"Calvados - Boulard"},
{"id":"436-41-3651","first_name":"Magnotta - Bel Paese White"},
{"id":"301-70-3349","first_name":"Limes"},
{"id":"195-60-9983","first_name":"Tea - Decaf Lipton"},
{"id":"369-12-8445","first_name":"Cheese - Mascarpone"},
{"id":"674-66-3606","first_name":"Cookies - Fortune"},
{"id":"428-51-6581","first_name":"Dill - Primerba, Paste"},
{"id":"826-59-2624","first_name":"Glass - Juice Clear 5oz 55005"},
{"id":"705-64-7446","first_name":"Beans - Kidney White"},
{"id":"822-14-8141","first_name":"Beef - Chuck, Boneless"},
{"id":"594-03-4175","first_name":"Tamarillo"},
{"id":"806-05-1103","first_name":"Assorted Desserts"},
{"id":"106-33-5981","first_name":"Scallop - St. Jaques"},
{"id":"449-04-4017","first_name":"Beef - Ox Tongue"},
{"id":"637-69-0715","first_name":"Munchies Honey Sweet Trail Mix"},
{"id":"764-49-2399","first_name":"Beer - True North Lager"},
{"id":"566-25-2216","first_name":"Nutmeg - Ground"},
{"id":"747-52-2127","first_name":"Chicken - Livers"},
{"id":"545-88-6297","first_name":"Rambutan"},
{"id":"858-56-6194","first_name":"Soup - Campbells Tomato Ravioli"},
{"id":"822-92-7097","first_name":"Cookie - Oreo 100x2"},
{"id":"265-87-5222","first_name":"Wine - Soave Folonari"},
{"id":"839-77-4646","first_name":"Rice Pilaf, Dry,package"},
{"id":"861-66-8710","first_name":"Sausage - Breakfast"},
{"id":"890-59-5621","first_name":"Aspic - Amber"},
{"id":"840-44-9046","first_name":"Salmon Steak - Cohoe 6 Oz"},
{"id":"714-92-0163","first_name":"Puff Pastry - Slab"},
{"id":"475-62-3489","first_name":"Yogurt - Blueberry, 175 Gr"},
{"id":"609-12-4878","first_name":"Guava"},
{"id":"186-27-7611","first_name":"Relish"},
{"id":"799-42-7293","first_name":"Compound - Strawberry"},
{"id":"197-52-0608","first_name":"Lamb - Whole, Fresh"},
{"id":"739-65-2552","first_name":"Onion - Dried"},
{"id":"130-73-4080","first_name":"Tomatoes - Yellow Hot House"},
{"id":"388-14-8991","first_name":"Peppercorns - Pink"},
{"id":"150-28-3177","first_name":"Pepper - Red Bell"},
{"id":"806-78-9351","first_name":"Sour Puss Sour Apple"},
{"id":"550-72-3486","first_name":"Bar Energy Chocchip"},
{"id":"610-54-1421","first_name":"Sauce - Thousand Island"},
{"id":"736-30-0743","first_name":"Vol Au Vents"},
{"id":"412-98-8442","first_name":"Lobster - Live"},
{"id":"662-47-2927","first_name":"Creme De Banane - Marie"},
{"id":"559-94-6509","first_name":"Nori Sea Weed - Gold Label"},
{"id":"384-39-3191","first_name":"Basil - Primerba, Paste"},
{"id":"314-08-2031","first_name":"Vanilla Beans"},
{"id":"684-05-9446","first_name":"Butter - Salted, Micro"},
{"id":"722-85-1958","first_name":"Chocolate Bar - Coffee Crisp"},
{"id":"803-63-4166","first_name":"Lotus Leaves"},
{"id":"815-24-0494","first_name":"Halibut - Whole, Fresh"},
{"id":"271-96-8436","first_name":"Apricots Fresh"},
{"id":"227-18-5205","first_name":"Cakes Assorted"},
{"id":"107-43-0173","first_name":"Cheese - Parmesan Grated"},
{"id":"234-70-0493","first_name":"Pork - Tenderloin, Frozen"},
{"id":"279-18-1454","first_name":"Pork - Ground"},
{"id":"862-01-3098","first_name":"Pork - Side Ribs"},
{"id":"477-71-1748","first_name":"Plate - Foam, Bread And Butter"},
{"id":"200-96-3913","first_name":"Beer - Creemore"},
{"id":"320-64-4712","first_name":"Pear - Prickly"},
{"id":"432-13-0335","first_name":"Cookie Choc"},
{"id":"759-95-5118","first_name":"Nut - Hazelnut, Whole"},
{"id":"665-86-0788","first_name":"Langers - Cranberry Cocktail"},
{"id":"378-60-2695","first_name":"Ice Cream - Strawberry"},
{"id":"815-98-7371","first_name":"Banana - Green"},
{"id":"512-47-6809","first_name":"Bar Special K"},
{"id":"167-76-6146","first_name":"Liquid Aminios Acid - Braggs"},
{"id":"584-57-9237","first_name":"Wine - Fontanafredda Barolo"},
{"id":"769-48-1134","first_name":"Lid - Translucent, 3.5 And 6 Oz"},
{"id":"328-42-2431","first_name":"Butcher Twine 4r"},
{"id":"306-17-8675","first_name":"Cheese - Mozzarella, Buffalo"},
{"id":"252-71-1721","first_name":"Scrubbie - Scotchbrite Hand Pad"},
{"id":"429-40-2318","first_name":"Wine - Zinfandel Rosenblum"},
{"id":"462-85-7792","first_name":"Trout - Rainbow, Frozen"},
{"id":"617-66-3305","first_name":"Puree - Mocha"},
{"id":"467-52-4265","first_name":"Mayonnaise - Individual Pkg"},
{"id":"259-30-6744","first_name":"Praline Paste"},
{"id":"871-72-6069","first_name":"Banana - Leaves"},
{"id":"312-96-8969","first_name":"Lamb - Shoulder"},
{"id":"327-72-0979","first_name":"Beef Tenderloin Aaa"},
{"id":"148-98-3599","first_name":"Bread - White Epi Baguette"},
{"id":"289-06-7534","first_name":"Edible Flower - Mixed"},
{"id":"242-48-0234","first_name":"Tea - Black Currant"},
{"id":"754-78-7853","first_name":"Oranges"},
{"id":"132-24-3038","first_name":"Wine - White, Colubia Cresh"},
{"id":"669-36-8560","first_name":"Wine - Cava Aria Estate Brut"},
{"id":"709-47-1326","first_name":"Nut - Almond, Blanched, Sliced"},
{"id":"214-34-4481","first_name":"Chicken Giblets"},
{"id":"295-69-9027","first_name":"Beets - Golden"},
{"id":"612-03-7307","first_name":"Muffin Mix - Corn Harvest"},
{"id":"611-84-8396","first_name":"Cups 10oz Trans"},
{"id":"645-52-7474","first_name":"Barley - Pearl"},
{"id":"764-46-1924","first_name":"Sansho Powder"},
{"id":"363-21-5405","first_name":"Sauce - Vodka Blush"},
{"id":"425-69-3754","first_name":"Squash - Guords"},
{"id":"569-98-5147","first_name":"Wine - White, Ej Gallo"},
{"id":"109-74-2917","first_name":"Chickensplit Half"},
{"id":"433-10-5754","first_name":"Coconut - Whole"},
{"id":"185-02-4527","first_name":"Bread - Rosemary Focaccia"},
{"id":"882-26-2129","first_name":"Mushroom - White Button"},
{"id":"612-24-7856","first_name":"Orange - Blood"},
{"id":"836-93-4556","first_name":"Basil - Seedlings Cookstown"},
{"id":"767-40-9859","first_name":"Bread - Sticks, Thin, Plain"},
{"id":"782-29-7627","first_name":"Cheese - Pied De Vents"},
{"id":"566-34-1322","first_name":"Spaghetti Squash"},
{"id":"223-30-8563","first_name":"Pails With Lids"},
{"id":"283-62-8316","first_name":"Horseradish Root"},
{"id":"577-74-3698","first_name":"Ginger - Crystalized"},
{"id":"470-26-3811","first_name":"Crab - Claws, Snow 16 - 24"},
{"id":"425-01-7461","first_name":"Salmon - Atlantic, No Skin"},
{"id":"103-39-5863","first_name":"Squid - U - 10 Thailand"},
{"id":"841-25-2726","first_name":"Pepper - Julienne, Frozen"},
{"id":"657-25-1183","first_name":"Tomato Paste"},
{"id":"202-04-0638","first_name":"Napkin - Dinner, White"},
{"id":"166-19-2464","first_name":"Beef Wellington"},
{"id":"760-47-4741","first_name":"Syrup - Monin - Passion Fruit"},
{"id":"808-68-2313","first_name":"Cheese - Swiss"},
{"id":"391-21-8687","first_name":"Squash - Guords"},
{"id":"592-59-5199","first_name":"Cream - 18%"},
{"id":"736-51-7728","first_name":"Cookie Dough - Peanut Butter"},
{"id":"735-10-4367","first_name":"True - Vue Containers"},
{"id":"335-99-4411","first_name":"Olives - Stuffed"},
{"id":"335-22-1010","first_name":"Syrup - Monin - Blue Curacao"},
{"id":"737-48-2400","first_name":"V8 - Tropical Blend"},
{"id":"421-57-5340","first_name":"Fireball Whisky"},
{"id":"179-49-1218","first_name":"Table Cloth 62x114 White"},
{"id":"880-48-0569","first_name":"Wine - Alicanca Vinho Verde"},
{"id":"349-31-1596","first_name":"Cinnamon Rolls"},
{"id":"774-83-1604","first_name":"Wine - Red, Black Opal Shiraz"},
{"id":"186-38-7904","first_name":"Cookies - Fortune"},
{"id":"241-85-2385","first_name":"Artichoke - Bottom, Canned"},
{"id":"827-67-7323","first_name":"Scallops - 10/20"},
{"id":"305-71-0802","first_name":"Dried Cranberries"},
{"id":"349-75-3070","first_name":"Lemon Pepper"},
{"id":"607-48-1592","first_name":"Dawn Professionl Pot And Pan"},
{"id":"477-59-5119","first_name":"Cream - 18%"},
{"id":"634-35-8839","first_name":"Wine - Toasted Head"},
{"id":"784-09-5220","first_name":"Pate Pans Yellow"},
{"id":"288-82-9324","first_name":"Juice - Orangina"},
{"id":"195-15-7360","first_name":"Wine - Cabernet Sauvignon"},
{"id":"738-44-5296","first_name":"Lamb - Whole, Frozen"},
{"id":"541-28-4606","first_name":"Oil - Margarine"},
{"id":"257-69-1813","first_name":"Ice Cream Bar - Hageen Daz To"},
{"id":"163-61-8034","first_name":"Nantucket - Kiwi Berry Cktl."},
{"id":"119-62-9046","first_name":"Chinese Foods - Plain Fried Rice"},
{"id":"239-34-6115","first_name":"Beef - Kindney, Whole"},
{"id":"185-51-1175","first_name":"Uniform Linen Charge"},
{"id":"168-13-2929","first_name":"Shrimp - Black Tiger 26/30"},
{"id":"149-81-4202","first_name":"Wine - Savigny - Les - Beaune"},
{"id":"661-95-5656","first_name":"Tea - Herbal - 6 Asst"},
{"id":"289-07-0679","first_name":"Truffle - Peelings"},
{"id":"225-65-3215","first_name":"Juice - V8, Tomato"},
{"id":"457-96-9115","first_name":"Soup - Campbells, Creamy"},
{"id":"789-53-9160","first_name":"Pork - Backfat"},
{"id":"325-06-1266","first_name":"Sping Loaded Cup Dispenser"},
{"id":"269-95-4708","first_name":"Eggwhite Frozen"},
{"id":"611-51-5923","first_name":"Chips - Doritos"},
{"id":"102-25-9295","first_name":"Pork - Sausage, Medium"},
{"id":"583-98-8709","first_name":"Wine - Vineland Estate Semi - Dry"},
{"id":"110-07-5324","first_name":"Bread - Bistro White"},
{"id":"734-18-4874","first_name":"Cup - 6oz, Foam"},
{"id":"770-98-8593","first_name":"Sardines"},
{"id":"795-66-7588","first_name":"Sauce - Salsa"},
{"id":"164-80-5429","first_name":"Beef - Rib Roast, Cap On"},
{"id":"397-77-7561","first_name":"Cloves - Ground"},
{"id":"346-67-3498","first_name":"Cocoa Feuilletine"},
{"id":"748-55-3562","first_name":"Chef Hat 25cm"},
{"id":"838-74-2694","first_name":"Ginger - Ground"},
{"id":"291-61-6503","first_name":"Onions - Vidalia"},
{"id":"152-75-0926","first_name":"Parsley - Fresh"},
{"id":"331-49-4857","first_name":"Soup - Campbells Chicken"},
{"id":"501-62-1063","first_name":"Crab - Blue, Frozen"},
{"id":"189-77-1700","first_name":"Hummus - Spread"},
{"id":"700-36-6154","first_name":"Oregano - Fresh"},
{"id":"377-78-5431","first_name":"Wine - Duboeuf Beaujolais"},
{"id":"645-72-8506","first_name":"Cookies - Amaretto"},
{"id":"110-93-5791","first_name":"Beer - True North Strong Ale"},
{"id":"555-54-2135","first_name":"Pasta - Ravioli"},
{"id":"460-81-9782","first_name":"Pasta - Cappellini, Dry"},
{"id":"145-96-4060","first_name":"Tea - Apple Green Tea"},
{"id":"814-86-3697","first_name":"Fond - Chocolate"},
{"id":"184-09-5563","first_name":"Turnip - Wax"},
{"id":"453-86-1549","first_name":"Island Oasis - Cappucino Mix"},
{"id":"359-43-1416","first_name":"Rice - Jasmine Sented"},
{"id":"235-16-6044","first_name":"Ice Cream Bar - Hagen Daz"},
{"id":"731-69-6739","first_name":"Pepper - Chillies, Crushed"},
{"id":"707-09-5088","first_name":"Sauce - Roasted Red Pepper"},
{"id":"507-97-1465","first_name":"Tomato Puree"},
{"id":"725-53-9407","first_name":"Flour - Whole Wheat"},
{"id":"895-80-8047","first_name":"Beef Flat Iron Steak"},
{"id":"894-09-1499","first_name":"Food Colouring - Red"},
{"id":"249-90-1313","first_name":"Appetizer - Mango Chevre"},
{"id":"120-52-4407","first_name":"Lidsoupcont Rp12dn"},
{"id":"480-20-6187","first_name":"Lychee - Canned"},
{"id":"586-31-0469","first_name":"Bread - Rolls, Corn"},
{"id":"229-54-9958","first_name":"Smoked Paprika"},
{"id":"894-59-5409","first_name":"Veal - Eye Of Round"},
{"id":"816-54-9080","first_name":"Wine - Segura Viudas Aria Brut"},
{"id":"291-65-0998","first_name":"Wine - Prem Select Charddonany"},
{"id":"693-79-4142","first_name":"Pepper - Red Bell"},
{"id":"819-35-7420","first_name":"Spice - Chili Powder Mexican"},
{"id":"608-01-8398","first_name":"Milk - 1%"},
{"id":"764-27-1413","first_name":"Irish Cream - Butterscotch"},
{"id":"386-32-4459","first_name":"Pastry - Banana Muffin - Mini"},
{"id":"430-19-2123","first_name":"Pepper - Red Thai"},
{"id":"198-71-1504","first_name":"Honey - Lavender"},
{"id":"873-34-7450","first_name":"Syrup - Golden, Lyles"},
{"id":"455-60-0572","first_name":"Pepper - Cayenne"},
{"id":"227-45-6285","first_name":"Grouper - Fresh"},
{"id":"207-05-7306","first_name":"Tequila Rose Cream Liquor"},
{"id":"553-56-0845","first_name":"Chocolate - Feathers"},
{"id":"500-23-4450","first_name":"Macaroons - Homestyle Two Bit"},
{"id":"555-35-7504","first_name":"Wine - Valpolicella Masi"},
{"id":"875-33-0468","first_name":"Glaze - Clear"},
{"id":"650-01-5530","first_name":"Ice Cream - Vanilla"},
{"id":"446-90-2984","first_name":"Nori Sea Weed - Gold Label"},
{"id":"431-23-5561","first_name":"V8 - Berry Blend"},
{"id":"473-29-8416","first_name":"Baking Powder"},
{"id":"747-30-5524","first_name":"Pork - Back, Short Cut, Boneless"},
{"id":"401-59-2808","first_name":"Beef - Bresaola"},
{"id":"797-01-0932","first_name":"Towel - Roll White"},
{"id":"442-72-5443","first_name":"Table Cloth 53x69 White"},
{"id":"776-13-8987","first_name":"Pur Source"},
{"id":"127-51-0702","first_name":"Beans - Fava, Canned"},
{"id":"522-99-3168","first_name":"Creme De Menthe Green"},
{"id":"729-88-1219","first_name":"Chinese Foods - Pepper Beef"},
{"id":"536-61-7475","first_name":"Sour Puss Sour Apple"},
{"id":"741-30-3078","first_name":"Sugar - Splenda Sweetener"},
{"id":"102-27-0176","first_name":"Lemon Tarts"},
{"id":"126-22-6097","first_name":"Lamb - Leg, Diced"},
{"id":"715-07-4689","first_name":"Sprite - 355 Ml"},
{"id":"258-47-6686","first_name":"V8 - Vegetable Cocktail"},
{"id":"165-87-6685","first_name":"Salt - Kosher"},
{"id":"457-52-7469","first_name":"Tomatoes - Heirloom"},
{"id":"769-12-3922","first_name":"Pepper - Red Chili"},
{"id":"545-70-6902","first_name":"Sauce - Alfredo"},
{"id":"785-09-4902","first_name":"Tomatillo"},
{"id":"693-72-4482","first_name":"Foil Wrap"},
{"id":"823-81-8143","first_name":"Flour - Cake"},
{"id":"652-35-8139","first_name":"Lamb - Racks, Frenched"},
{"id":"235-43-6342","first_name":"Juice - Orange, 341 Ml"},
{"id":"110-15-2548","first_name":"Mint - Fresh"},
{"id":"320-37-6144","first_name":"Table Cloth 81x81 Colour"},
{"id":"651-03-4230","first_name":"Venison - Denver Leg Boneless"},
{"id":"745-14-5694","first_name":"Oil - Truffle, Black"},
{"id":"646-87-5219","first_name":"Calypso - Pineapple Passion"},
{"id":"597-67-7216","first_name":"Sardines"},
{"id":"267-06-5020","first_name":"Beer - Labatt Blue"},
{"id":"685-85-0939","first_name":"Chicken Giblets"},
{"id":"616-71-9498","first_name":"Sugar - Sweet N Low, Individual"},
{"id":"539-95-6344","first_name":"Ice Cream Bar - Oreo Cone"},
{"id":"607-93-1846","first_name":"Beer - Rickards Red"},
{"id":"654-96-6926","first_name":"Pastry - Carrot Muffin - Mini"},
{"id":"509-16-8011","first_name":"Sage Ground Wiberg"},
{"id":"804-04-2739","first_name":"Bandage - Fexible 1x3"},
{"id":"294-22-2936","first_name":"Shrimp - 100 / 200 Cold Water"},
{"id":"110-45-6612","first_name":"Butter - Unsalted"},
{"id":"162-35-8812","first_name":"Horseradish - Prepared"},
{"id":"394-20-2960","first_name":"Bagelers - Cinn / Brown Sugar"},
{"id":"614-95-9852","first_name":"Bag - Clear 7 Lb"},
{"id":"470-63-0319","first_name":"Chicken - Wieners"},
{"id":"774-99-3434","first_name":"White Fish - Filets"},
{"id":"282-14-1538","first_name":"Ginger - Ground"},
{"id":"627-39-9712","first_name":"Flour - Rye"},
{"id":"744-20-4872","first_name":"Wine - Zonnebloem Pinotage"},
{"id":"635-46-0778","first_name":"Table Cloth 90x90 White"},
{"id":"195-04-4161","first_name":"Wine - Vovray Sec Domaine Huet"},
{"id":"188-99-1265","first_name":"Kiwi"},
{"id":"504-97-7680","first_name":"Bread - Granary Small Pull"},
{"id":"704-92-5204","first_name":"Flax Seed"},
{"id":"670-76-8345","first_name":"Ostrich - Prime Cut"},
{"id":"200-15-0667","first_name":"Dasheen"},
{"id":"837-24-8014","first_name":"Momiji Oroshi Chili Sauce"},
{"id":"443-17-3168","first_name":"Pickerel - Fillets"},
{"id":"686-04-4728","first_name":"Crab - Back Fin Meat, Canned"},
{"id":"464-17-1125","first_name":"Wine - Pinot Noir Stoneleigh"},
{"id":"526-10-5056","first_name":"Sponge Cake Mix - Chocolate"},
{"id":"145-77-4485","first_name":"Pasta - Fett Alfredo, Single Serve"},
{"id":"728-63-9079","first_name":"Beef - Short Ribs"},
{"id":"786-18-0682","first_name":"Bread - Roll, Italian"},
{"id":"779-98-3830","first_name":"Bananas"},
{"id":"664-14-7210","first_name":"Sprouts - Brussel"},
{"id":"832-38-0765","first_name":"Cocoa Powder - Dutched"},
{"id":"637-46-3156","first_name":"Cake - Night And Day Choclate"},
{"id":"213-85-1964","first_name":"Ecolab Silver Fusion"},
{"id":"519-77-1270","first_name":"Flour - Strong Pizza"},
{"id":"472-63-5484","first_name":"Juice - Apple, 1.36l"},
{"id":"889-85-6753","first_name":"Wine - White, Schroder And Schyl"},
{"id":"653-42-0255","first_name":"Cabbage - Nappa"},
{"id":"534-52-5502","first_name":"Cheese - Cheddar, Old White"},
{"id":"806-64-5771","first_name":"Veal - Eye Of Round"},
{"id":"581-15-2373","first_name":"Onions - Dried, Chopped"},
{"id":"649-57-9565","first_name":"Pork - Bones"},
{"id":"659-15-9026","first_name":"Galliano"},
{"id":"823-28-2102","first_name":"Pork - Loin, Center Cut"},
{"id":"896-64-3099","first_name":"Beer - Pilsner Urquell"},
{"id":"303-16-0334","first_name":"Juice - V8 Splash"},
{"id":"344-03-9249","first_name":"Nantucket - 518ml"},
{"id":"148-03-6939","first_name":"Chicken Thigh - Bone Out"},
{"id":"346-98-4753","first_name":"Tea - Apple Green Tea"},
{"id":"499-28-9468","first_name":"Roe - Lump Fish, Black"},
{"id":"835-60-1759","first_name":"Garbage Bag - Clear"},
{"id":"280-83-1283","first_name":"Sauce - Plum"},
{"id":"313-53-0926","first_name":"Trout - Rainbow, Fresh"},
{"id":"626-51-5436","first_name":"Lobster - Cooked"},
{"id":"726-42-5477","first_name":"Wine - Beaujolais Villages"},
{"id":"513-39-0028","first_name":"Container - Foam Dixie 12 Oz"},
{"id":"751-49-9981","first_name":"Beer - Labatt Blue"},
{"id":"742-95-1430","first_name":"Hand Towel"},
{"id":"699-67-5437","first_name":"Dip - Tapenade"},
{"id":"737-87-1740","first_name":"Wine - Balbach Riverside"},
{"id":"139-49-5251","first_name":"Beef Flat Iron Steak"},
{"id":"544-95-9166","first_name":"Beef - Chuck, Boneless"},
{"id":"773-08-9992","first_name":"Flavouring - Raspberry"},
{"id":"100-44-6915","first_name":"Foam Tray S2"},
{"id":"650-56-3626","first_name":"Onions - Dried, Chopped"},
{"id":"709-19-6067","first_name":"Wasabi Powder"},
{"id":"472-88-1588","first_name":"Cheese - Marble"},
{"id":"538-32-8829","first_name":"Barley - Pearl"},
{"id":"127-65-5847","first_name":"Stock - Veal, Brown"},
{"id":"288-24-1804","first_name":"Wine - Magnotta, Merlot Sr Vqa"},
{"id":"562-28-5283","first_name":"Sugar - Splenda Sweetener"},
{"id":"794-65-3448","first_name":"Wine - Casillero Deldiablo"},
{"id":"280-25-9663","first_name":"Island Oasis - Banana Daiquiri"},
{"id":"644-30-9648","first_name":"Soup - Campbells Asian Noodle"},
{"id":"524-35-2710","first_name":"Petite Baguette"},
{"id":"828-16-9526","first_name":"Creamers - 10%"},
{"id":"170-40-2878","first_name":"Muffin Mix - Corn Harvest"},
{"id":"416-75-4558","first_name":"Sultanas"},
{"id":"831-44-5126","first_name":"Pimento - Canned"},
{"id":"786-32-8936","first_name":"Dc - Frozen Momji"},
{"id":"701-66-7216","first_name":"Artichoke - Fresh"},
{"id":"635-74-1514","first_name":"Lid - 3oz Med Rec"},
{"id":"168-84-6375","first_name":"Versatainer Nc - 9388"},
{"id":"584-93-8451","first_name":"Garbag Bags - Black"},
{"id":"577-50-8603","first_name":"Crackers Cheez It"},
{"id":"756-72-9393","first_name":"Chips Potato Reg 43g"},
{"id":"297-16-9101","first_name":"Napkin - Beverage 1 Ply"},
{"id":"701-63-2600","first_name":"Coffee Beans - Chocolate"},
{"id":"494-07-7542","first_name":"Toamtoes 6x7 Select"},
{"id":"172-21-3653","first_name":"Nut - Pistachio, Shelled"},
{"id":"487-48-7838","first_name":"Corn Kernels - Frozen"},
{"id":"469-35-2183","first_name":"Sauce - Chili"},
{"id":"876-69-1051","first_name":"Sesame Seed"},
{"id":"826-89-2348","first_name":"Sauce - Thousand Island"},
{"id":"174-48-7588","first_name":"Tart - Raisin And Pecan"},
{"id":"588-28-5649","first_name":"Cake - French Pear Tart"},
{"id":"892-43-0597","first_name":"Tomatoes - Plum, Canned"},
{"id":"118-80-8733","first_name":"Wine - Chianti Classico Riserva"},
{"id":"375-73-7254","first_name":"Cornish Hen"},
{"id":"145-51-1738","first_name":"Pork - Loin, Boneless"},
{"id":"300-90-5805","first_name":"Cheese - Brie, Triple Creme"},
{"id":"542-53-0247","first_name":"Plasticspoonblack"},
{"id":"875-79-8549","first_name":"Leeks - Baby, White"},
{"id":"368-60-8758","first_name":"Split Peas - Yellow, Dry"},
{"id":"563-59-6647","first_name":"Doilies - 10, Paper"},
{"id":"429-25-1131","first_name":"Pork - Backs - Boneless"},
{"id":"137-30-5493","first_name":"Chicken - Whole"},
{"id":"731-47-2149","first_name":"Coffee - Decaffeinato Coffee"},
{"id":"158-73-8471","first_name":"Chocolate - Unsweetened"},
{"id":"677-37-3564","first_name":"Mussels - Cultivated"},
{"id":"277-57-9854","first_name":"Soup - Knorr, Ministrone"},
{"id":"267-75-1308","first_name":"Kolrabi"},
{"id":"693-65-2129","first_name":"Flour Pastry Super Fine"},
{"id":"359-31-3604","first_name":"Tilapia - Fillets"},
{"id":"355-14-3114","first_name":"Wine - Maipo Valle Cabernet"},
{"id":"717-94-2193","first_name":"Breakfast Quesadillas"},
{"id":"291-55-6452","first_name":"Gloves - Goldtouch Disposable"},
{"id":"214-31-7148","first_name":"Broom Handle"},
{"id":"713-95-0524","first_name":"Shark - Loin"},
{"id":"215-86-8816","first_name":"Celery Root"},
{"id":"881-31-2684","first_name":"Petite Baguette"},
{"id":"129-04-0223","first_name":"Cheese - Mozzarella, Shredded"},
{"id":"304-74-9228","first_name":"Sauce - Hp"},
{"id":"615-20-4682","first_name":"Bar Energy Chocchip"},
{"id":"896-18-9246","first_name":"Peas - Frozen"},
{"id":"862-81-8417","first_name":"Nori Sea Weed - Gold Label"},
{"id":"788-61-2938","first_name":"Rum - Coconut, Malibu"},
{"id":"753-46-9792","first_name":"Mix - Cocktail Ice Cream"},
{"id":"458-84-5938","first_name":"Sausage - Chorizo"},
{"id":"839-35-0625","first_name":"Soup - Cream Of Broccoli"},
{"id":"397-71-7231","first_name":"Pepper - Orange"},
{"id":"702-21-0577","first_name":"Coffee - Almond Amaretto"},
{"id":"335-89-8709","first_name":"Carbonated Water - Peach"},
{"id":"719-93-8433","first_name":"Extract - Vanilla,artificial"},
{"id":"433-40-0886","first_name":"Cheese - Cheddar, Medium"},
{"id":"566-77-6019","first_name":"Beer - Maudite"},
{"id":"436-51-8545","first_name":"Muffin - Mix - Creme Brule 15l"},
{"id":"314-13-0247","first_name":"Soup - Campbells, Classic Chix"},
{"id":"485-86-4833","first_name":"Bread - Sticks, Thin, Plain"},
{"id":"293-22-8299","first_name":"Muskox - French Rack"},
{"id":"650-29-6442","first_name":"Shallots"},
{"id":"197-41-3915","first_name":"Sugar - Sweet N Low, Individual"},
{"id":"478-03-1326","first_name":"Pastry - Mini French Pastries"},
{"id":"379-75-6107","first_name":"Chocolate - Milk, Callets"},
{"id":"595-64-0437","first_name":"Syrup - Monin, Swiss Choclate"},
{"id":"841-67-6981","first_name":"Wine - Cousino Macul Antiguas"},
{"id":"153-01-6600","first_name":"Lemons"},
{"id":"413-89-8436","first_name":"Carrots - Mini Red Organic"},
{"id":"678-91-7904","first_name":"Toothpick Frilled"},
{"id":"260-37-7452","first_name":"Lobster - Baby, Boiled"},
{"id":"498-53-1628","first_name":"Cookie Dough - Peanut Butter"},
{"id":"316-92-0815","first_name":"Beef - Kindney, Whole"},
{"id":"221-71-9069","first_name":"Tea - Lemon Green Tea"},
{"id":"164-64-3056","first_name":"Soup - Knorr, Country Bean"},
{"id":"790-91-9272","first_name":"Cookie - Dough Variety"},
{"id":"117-19-2251","first_name":"Rice - Aborio"},
{"id":"473-98-8260","first_name":"Syrup - Golden, Lyles"},
{"id":"369-47-3082","first_name":"Cheese - Comtomme"},
{"id":"574-74-8305","first_name":"Vermacelli - Sprinkles, Assorted"},
{"id":"189-07-4803","first_name":"Cookies Cereal Nut"},
{"id":"574-59-7612","first_name":"Teriyaki Sauce"},
{"id":"771-32-8679","first_name":"Assorted Desserts"},
{"id":"455-32-4362","first_name":"Beer - True North Lager"},
{"id":"168-34-9187","first_name":"Tuna - Loin"},
{"id":"310-37-7637","first_name":"Carbonated Water - Orange"},
{"id":"641-58-0857","first_name":"Truffle Cups - White Paper"},
{"id":"397-71-3258","first_name":"Beans - Fava, Canned"},
{"id":"425-30-5255","first_name":"Sweet Pea Sprouts"},
{"id":"615-76-3135","first_name":"Wine - Remy Pannier Rose"},
{"id":"592-17-5349","first_name":"Soup - Campbells Tomato Ravioli"},
{"id":"111-76-9736","first_name":"Tea - Mint"},
{"id":"765-46-6941","first_name":"Pork - Shoulder"},
{"id":"390-53-2013","first_name":"Oil - Avocado"},
{"id":"237-09-9964","first_name":"Lamb - Leg, Bone In"},
{"id":"566-25-9882","first_name":"Wasabi Powder"},
{"id":"636-30-5488","first_name":"Juice - Orange 1.89l"},
{"id":"525-22-0460","first_name":"Iced Tea - Lemon, 460 Ml"},
{"id":"103-61-6314","first_name":"Bowl 12 Oz - Showcase 92012"},
{"id":"240-44-2952","first_name":"Cinnamon - Ground"},
{"id":"101-58-7667","first_name":"Pork Loin Bine - In Frenched"},
{"id":"845-51-8924","first_name":"Wine - Sauvignon Blanc"},
{"id":"459-88-5483","first_name":"Pails With Lids"},
{"id":"589-52-3217","first_name":"Split Peas - Yellow, Dry"},
{"id":"389-47-9201","first_name":"Flour - So Mix Cake White"},
{"id":"508-13-9356","first_name":"The Pop Shoppe - Black Cherry"},
{"id":"485-12-0154","first_name":"Arctic Char - Fillets"},
{"id":"350-95-0519","first_name":"Cheese - Parmigiano Reggiano"},
{"id":"771-29-4740","first_name":"Bacardi Raspberry"},
{"id":"737-28-7453","first_name":"Doilies - 7, Paper"},
{"id":"107-14-0716","first_name":"Nantucket Pine Orangebanana"},
{"id":"741-87-2839","first_name":"Juice - Orangina"},
{"id":"808-18-5107","first_name":"Beef - Salted"},
{"id":"165-50-2929","first_name":"Table Cloth 54x72 White"},
{"id":"593-68-0551","first_name":"Oil - Sesame"},
{"id":"600-27-5277","first_name":"Wine - Blue Nun Qualitatswein"},
{"id":"662-75-9331","first_name":"Apple - Macintosh"},
{"id":"132-32-9356","first_name":"Tea Leaves - Oolong"},
{"id":"191-05-0568","first_name":"Chicken - Breast, 5 - 7 Oz"},
{"id":"600-19-3683","first_name":"Flavouring Vanilla Artificial"},
{"id":"500-32-3736","first_name":"Napkin - Beverage 1 Ply"},
{"id":"404-78-9911","first_name":"Crackers - Soda / Saltins"},
{"id":"393-01-6618","first_name":"Bar Nature Valley"},
{"id":"807-48-6836","first_name":"Lobster - Tail 6 Oz"},
{"id":"424-03-9424","first_name":"Wine - Chardonnay South"},
{"id":"378-96-4843","first_name":"Tuna - Fresh"},
{"id":"286-86-1149","first_name":"Mussels - Cultivated"},
{"id":"650-01-7794","first_name":"Sobe - Orange Carrot"},
{"id":"325-73-9349","first_name":"Bread - Corn Muffaletta"},
{"id":"219-22-5734","first_name":"Coconut - Whole"},
{"id":"522-79-3480","first_name":"Bread Country Roll"},
{"id":"623-20-4841","first_name":"Pepper - Red, Finger Hot"},
{"id":"387-21-4080","first_name":"Syrup - Monin - Granny Smith"},
{"id":"422-24-0048","first_name":"Danishes - Mini Raspberry"},
{"id":"735-81-5937","first_name":"Straw - Regular"},
{"id":"745-78-0530","first_name":"Veal - Insides, Grains"},
{"id":"552-16-4774","first_name":"Oil - Sunflower"},
{"id":"669-20-0572","first_name":"Bananas"},
{"id":"337-29-0747","first_name":"Sauce - Balsamic Viniagrette"},
{"id":"319-67-7949","first_name":"V8 - Berry Blend"},
{"id":"804-01-9228","first_name":"Calypso - Lemonade"},
{"id":"112-30-9909","first_name":"Tamarillo"},
{"id":"165-47-2365","first_name":"Island Oasis - Sweet And Sour Mix"},
{"id":"799-49-6322","first_name":"Pasta - Penne, Rigate, Dry"},
{"id":"110-83-7205","first_name":"Beer - Camerons Cream Ale"},
{"id":"550-98-9480","first_name":"Wine - Soave Folonari"},
{"id":"881-99-4990","first_name":"Filter - Coffee"},
{"id":"185-27-8236","first_name":"Muffin Mix - Carrot"},
{"id":"369-29-6673","first_name":"Rabbit - Frozen"},
{"id":"524-06-9322","first_name":"Aspic - Amber"},
{"id":"435-49-7666","first_name":"Lotus Root"},
{"id":"798-50-1709","first_name":"Pork - Kidney"},
{"id":"550-94-4792","first_name":"Bagelers - Cinn / Brown Sugar"},
{"id":"568-23-9200","first_name":"Island Oasis - Peach Daiquiri"},
{"id":"848-19-9582","first_name":"Bagelers - Cinn / Brown Sugar"},
{"id":"447-62-3765","first_name":"Cocoa Powder - Dutched"},
{"id":"495-48-9467","first_name":"Basil - Thai"},
{"id":"807-23-3650","first_name":"Beer - Alexander Kieths, Pale Ale"},
{"id":"345-89-9868","first_name":"Wine - Saint Emilion Calvet"},
{"id":"897-24-7010","first_name":"Tart Shells - Sweet, 3"},
{"id":"256-41-7599","first_name":"Spice - Pepper Portions"},
{"id":"578-73-9788","first_name":"Potatoes - Yukon Gold 5 Oz"},
{"id":"855-09-3484","first_name":"Plate - Foam, Bread And Butter"},
{"id":"208-39-0056","first_name":"Table Cloth 54x72 Colour"},
{"id":"600-80-2259","first_name":"Fish - Base, Bouillion"},
{"id":"540-93-1099","first_name":"Table Cloth - 53x69 Colour"},
{"id":"376-54-9552","first_name":"Pork - Back, Short Cut, Boneless"},
{"id":"389-11-9445","first_name":"Wine - Sauvignon Blanc Oyster"},
{"id":"375-09-9760","first_name":"Relish"},
{"id":"526-79-7726","first_name":"Lettuce - Green Leaf"},
{"id":"117-70-1833","first_name":"Truffle Cups - Red"},
{"id":"323-95-3624","first_name":"Flour - Corn, Fine"},
{"id":"625-08-5062","first_name":"Coffee Cup 8oz 5338cd"},
{"id":"192-19-8303","first_name":"Chives - Fresh"},
{"id":"271-12-6932","first_name":"Squash - Pattypan, Yellow"},
{"id":"869-65-6447","first_name":"Mcguinness - Blue Curacao"},
{"id":"395-96-4498","first_name":"Lobster - Canned Premium"},
{"id":"750-35-3852","first_name":"Coffee Guatemala Dark"},
{"id":"252-68-4774","first_name":"Quail - Jumbo"},
{"id":"441-05-9615","first_name":"Lettuce - Red Leaf"},
{"id":"780-33-4517","first_name":"Sprouts - China Rose"},
{"id":"541-01-6251","first_name":"Piping - Bags Quizna"},
{"id":"158-57-8541","first_name":"Pastry - Plain Baked Croissant"},
{"id":"884-97-5608","first_name":"Garbag Bags - Black"},
{"id":"618-42-3860","first_name":"Tea - Mint"},
{"id":"897-13-6273","first_name":"Longos - Greek Salad"},
{"id":"213-25-4840","first_name":"Coffee Cup 16oz Foam"},
{"id":"106-97-6973","first_name":"Lettuce - Red Leaf"},
{"id":"373-66-0451","first_name":"Bagel - Ched Chs Presliced"},
{"id":"274-55-3767","first_name":"Myers Planters Punch"},
{"id":"758-84-4521","first_name":"Mussels - Cultivated"},
{"id":"875-96-0912","first_name":"Dish Towel"},
{"id":"412-37-0131","first_name":"Flour - All Purpose"},
{"id":"776-89-7859","first_name":"Red Snapper - Fresh, Whole"},
{"id":"601-73-2676","first_name":"Coffee Decaf Colombian"},
{"id":"857-86-3324","first_name":"Pepper - Cayenne"},
{"id":"640-56-9783","first_name":"Tea - Darjeeling, Azzura"},
{"id":"121-92-0038","first_name":"Ginger - Crystalized"},
{"id":"689-80-5094","first_name":"Rootbeer"},
{"id":"440-77-5072","first_name":"Trueblue - Blueberry Cranberry"},
{"id":"825-44-1768","first_name":"Sardines"},
{"id":"367-27-3570","first_name":"Initation Crab Meat"},
{"id":"512-16-1023","first_name":"Beer - Sleemans Honey Brown"},
{"id":"826-19-1698","first_name":"Ginsing - Fresh"},
{"id":"505-96-3879","first_name":"Cabbage Roll"},
{"id":"842-13-6063","first_name":"Pork - Hock And Feet Attached"},
{"id":"829-15-1651","first_name":"Coffee Cup 12oz 5342cd"},
{"id":"135-67-3430","first_name":"Beer - Rickards Red"},
{"id":"851-67-9816","first_name":"Fork - Plastic"},
{"id":"827-14-4340","first_name":"Island Oasis - Mango Daiquiri"},
{"id":"508-15-1327","first_name":"Flour - Corn, Fine"},
{"id":"542-11-0852","first_name":"Brocolinni - Gaylan, Chinese"},
{"id":"138-81-5790","first_name":"Table Cloth 72x144 White"},
{"id":"333-66-0265","first_name":"Transfer Sheets"},
{"id":"604-50-3089","first_name":"Scotch - Queen Anne"},
{"id":"551-95-3830","first_name":"Trueblue - Blueberry Cranberry"},
{"id":"123-19-7145","first_name":"Juice - Ocean Spray Cranberry"},
{"id":"236-71-4383","first_name":"Bread Crumbs - Panko"},
{"id":"334-87-3565","first_name":"Pants Custom Dry Clean"},
{"id":"367-52-7721","first_name":"Beans - Black Bean, Preserved"},
{"id":"191-61-1065","first_name":"Pepper - Paprika, Hungarian"},
{"id":"415-41-7366","first_name":"Tuna - Loin"},
{"id":"604-64-0854","first_name":"Wine - Pinot Noir Mondavi Coastal"},
{"id":"138-72-1817","first_name":"Wine - Red, Harrow Estates, Cab"},
{"id":"778-43-0979","first_name":"Scallops 60/80 Iqf"},
{"id":"660-14-5758","first_name":"Wine - White, Pelee Island"},
{"id":"872-67-6212","first_name":"Bay Leaf Ground"},
{"id":"581-25-8392","first_name":"Jolt Cola - Electric Blue"},
{"id":"198-59-6075","first_name":"Tea - Herbal - 6 Asst"},
{"id":"687-76-6114","first_name":"Muffins - Assorted"},
{"id":"768-92-7081","first_name":"Iced Tea - Lemon, 340ml"},
{"id":"102-70-4808","first_name":"Temperature Recording Station"},
{"id":"276-38-1510","first_name":"Lighter - Bbq"},
{"id":"718-01-6508","first_name":"The Pop Shoppe Pinapple"},
{"id":"711-71-7882","first_name":"Nougat - Paste / Cream"},
{"id":"673-01-3212","first_name":"Truffle Cups - Brown"},
{"id":"159-04-9619","first_name":"Coffee - Colombian, Portioned"},
{"id":"118-33-3693","first_name":"Muffin Batt - Ban Dream Zero"},
{"id":"541-54-2215","first_name":"Bread - Granary Small Pull"},
{"id":"761-66-3665","first_name":"Marsala - Sperone, Fine, D.o.c."},
{"id":"137-42-2822","first_name":"Beef Striploin Aaa"},
{"id":"104-47-4214","first_name":"Wine - Gato Negro Cabernet"},
{"id":"121-58-7452","first_name":"Wine - Vineland Estate Semi - Dry"},
{"id":"622-01-5984","first_name":"Sauerkraut"},
{"id":"303-22-5319","first_name":"Corn - On The Cob"},
{"id":"483-12-7799","first_name":"Pepper - White, Ground"},
{"id":"489-63-0764","first_name":"Squash - Sunburst"},
{"id":"528-03-4295","first_name":"Pork - Bacon,back Peameal"},
{"id":"470-91-1009","first_name":"Banana - Green"},
{"id":"302-25-1731","first_name":"Liqueur Banana, Ramazzotti"},
{"id":"750-26-0700","first_name":"Gooseberry"},
{"id":"191-35-6953","first_name":"Island Oasis - Cappucino Mix"},
{"id":"565-18-0095","first_name":"Peach - Halves"},
{"id":"150-78-0075","first_name":"Cookies Cereal Nut"},
{"id":"340-47-0883","first_name":"Pail - 15l White, With Handle"},
{"id":"886-96-6003","first_name":"Vinegar - Rice"},
{"id":"734-21-6121","first_name":"Beef - Kobe Striploin"},
{"id":"224-49-4284","first_name":"Beer - Mill St Organic"},
{"id":"892-50-7314","first_name":"Island Oasis - Pina Colada"},
{"id":"754-74-9200","first_name":"Appetizer - Cheese Bites"},
{"id":"584-43-2495","first_name":"Apricots - Dried"},
{"id":"609-81-6381","first_name":"Shrimp - Baby, Cold Water"},
{"id":"141-75-4743","first_name":"Ham - Cooked"},
{"id":"892-74-8919","first_name":"Tandoori Curry Paste"},
{"id":"390-57-1606","first_name":"Butter - Salted, Micro"},
{"id":"343-25-1616","first_name":"Cheese - Gouda"},
{"id":"856-74-3707","first_name":"V8 - Vegetable Cocktail"},
{"id":"408-07-6010","first_name":"Rice - 7 Grain Blend"},
{"id":"425-61-9761","first_name":"Wine - White, Pinot Grigio"},
{"id":"163-53-4591","first_name":"Mussels - Frozen"},
{"id":"747-73-3140","first_name":"Soup - Campbells Chili Veg"},
{"id":"118-43-5924","first_name":"Cranberries - Fresh"},
{"id":"607-10-5920","first_name":"Rice - Brown"},
{"id":"192-44-7983","first_name":"Plastic Arrow Stir Stick"},
{"id":"130-22-4119","first_name":"Wine - White, Lindemans Bin 95"},
{"id":"445-49-4028","first_name":"Island Oasis - Mango Daiquiri"},
{"id":"331-20-3027","first_name":"Wine - Red, Lurton Merlot De"},
{"id":"171-84-2412","first_name":"Wine - Semi Dry Riesling Vineland"},
{"id":"846-83-7205","first_name":"Rice - Jasmine Sented"},
{"id":"485-58-7308","first_name":"Bread - Rolls, Corn"},
{"id":"218-02-5462","first_name":"Cheese - Brie,danish"},
{"id":"539-86-4130","first_name":"Straw - Regular"},
{"id":"271-37-3081","first_name":"Swiss Chard - Red"},
{"id":"577-17-9767","first_name":"Cheese - Ricotta"},
{"id":"315-22-6226","first_name":"Cookie Choc"},
{"id":"452-86-8291","first_name":"Quail Eggs - Canned"},
{"id":"636-76-6348","first_name":"Buffalo - Tenderloin"},
{"id":"827-71-6937","first_name":"Honey - Lavender"},
{"id":"295-92-6076","first_name":"Basil - Primerba, Paste"},
{"id":"277-26-9583","first_name":"Cheese - Provolone"},
{"id":"705-06-8641","first_name":"Sparkling Wine - Rose, Freixenet"},
{"id":"548-31-8122","first_name":"Lighter - Bbq"},
{"id":"704-84-0719","first_name":"Yogurt - Raspberry, 175 Gr"},
{"id":"372-09-0850","first_name":"Dasheen"},
{"id":"211-78-8630","first_name":"Sugar - Palm"},
{"id":"434-65-6769","first_name":"Wine - Red, Mouton Cadet"},
{"id":"631-06-6188","first_name":"Wine - Vovray Sec Domaine Huet"},
{"id":"435-01-3587","first_name":"Soup - Cream Of Broccoli"},
{"id":"834-11-6943","first_name":"Artichokes - Jerusalem"},
{"id":"363-83-1195","first_name":"Nutmeg - Ground"},
{"id":"456-39-0996","first_name":"Oil - Peanut"},
{"id":"402-66-3542","first_name":"Oats Large Flake"},
{"id":"890-10-0495","first_name":"Oil - Shortening - All - Purpose"},
{"id":"216-12-9958","first_name":"Pail - 15l White, With Handle"},
{"id":"851-60-6629","first_name":"White Fish - Filets"},
{"id":"220-67-5496","first_name":"Grapes - Black"},
{"id":"472-19-6023","first_name":"Calypso - Pineapple Passion"},
{"id":"275-71-7777","first_name":"Amaretto"},
{"id":"257-26-8912","first_name":"Asparagus - White, Canned"},
{"id":"863-81-1052","first_name":"Miso - Soy Bean Paste"},
{"id":"872-32-4350","first_name":"Spring Roll Veg Mini"},
{"id":"277-80-3988","first_name":"Mousse - Banana Chocolate"},
{"id":"875-55-3802","first_name":"Bacon Strip Precooked"},
{"id":"863-23-6684","first_name":"Corn - On The Cob"},
{"id":"582-11-4944","first_name":"Scotch - Queen Anne"},
{"id":"486-88-0543","first_name":"Wine - Alsace Gewurztraminer"},
{"id":"480-63-5757","first_name":"Wheat - Soft Kernal Of Wheat"},
{"id":"341-15-4902","first_name":"Sambuca Cream"},
{"id":"458-58-1896","first_name":"Pasta - Fettuccine, Dry"},
{"id":"840-58-0803","first_name":"Syrup - Golden, Lyles"},
{"id":"846-39-6033","first_name":"Cranberries - Dry"},
{"id":"258-31-0989","first_name":"Cookies - Englishbay Wht"},
{"id":"808-71-5906","first_name":"Beer - Upper Canada Light"},
{"id":"870-32-0463","first_name":"Wine - White, Gewurtzraminer"},
{"id":"628-06-6526","first_name":"Asparagus - Frozen"},
{"id":"387-97-5104","first_name":"Anchovy Paste - 56 G Tube"},
{"id":"757-26-9875","first_name":"Appetizer - Tarragon Chicken"},
{"id":"154-95-5977","first_name":"Soup - Campbells Chili"},
{"id":"346-91-6140","first_name":"Port - 74 Brights"},
{"id":"573-01-3437","first_name":"Mushroom - White Button"},
{"id":"287-82-1085","first_name":"Calypso - Lemonade"},
{"id":"488-12-5874","first_name":"Bread - Hamburger Buns"},
{"id":"201-38-9677","first_name":"Ecolab - Solid Fusion"},
{"id":"404-45-3442","first_name":"Water - Spring 1.5lit"},
{"id":"265-03-3747","first_name":"Appetizer - Lobster Phyllo Roll"},
{"id":"740-69-3991","first_name":"Chicken - Whole Roasting"},
{"id":"360-39-7805","first_name":"Cheese - Cheddarsliced"},
{"id":"637-56-6537","first_name":"Tart - Lemon"},
{"id":"246-57-0106","first_name":"Ice Cream Bar - Hagen Daz"},
{"id":"545-16-4798","first_name":"Cookies - Englishbay Wht"},
{"id":"870-50-6268","first_name":"Brandy Cherry - Mcguinness"},
{"id":"208-20-5283","first_name":"Milk - Chocolate 250 Ml"},
{"id":"670-91-2502","first_name":"Juice - V8 Splash"},
{"id":"228-14-4157","first_name":"Syrup - Pancake"},
{"id":"253-43-7207","first_name":"Apple - Custard"},
{"id":"881-68-3372","first_name":"Beer - Sleeman Fine Porter"},
{"id":"726-28-7671","first_name":"Lychee - Canned"},
{"id":"377-14-4412","first_name":"Hand Towel"},
{"id":"321-44-8353","first_name":"Chip - Potato Dill Pickle"},
{"id":"319-48-2450","first_name":"Wine - Rosso Toscano Igt"},
{"id":"716-35-4819","first_name":"Hold Up Tool Storage Rack"},
{"id":"820-71-6890","first_name":"Cake Sheet Combo Party Pack"},
{"id":"320-57-4582","first_name":"Aromat Spice / Seasoning"},
{"id":"340-13-6947","first_name":"Beef - Flank Steak"},
{"id":"521-19-5297","first_name":"Chilli Paste, Ginger Garlic"},
{"id":"520-95-5823","first_name":"Mustard - Seed"},
{"id":"606-43-8589","first_name":"Pork - Backs - Boneless"},
{"id":"897-14-8183","first_name":"Wine - Redchard Merritt"},
{"id":"847-57-7849","first_name":"Pasta - Canelloni, Single Serve"},
{"id":"897-24-6359","first_name":"Lettuce - Lambs Mash"},
{"id":"887-08-0151","first_name":"Lid Tray - 16in Dome"},
{"id":"786-05-1092","first_name":"Nescafe - Frothy French Vanilla"},
{"id":"444-28-6238","first_name":"Oil - Pumpkinseed"},
{"id":"568-36-3692","first_name":"Carbonated Water - Wildberry"},
{"id":"357-91-9453","first_name":"Quail - Whole, Bone - In"},
{"id":"312-39-9088","first_name":"Phyllo Dough"},
{"id":"374-33-5624","first_name":"Muffin Mix - Lemon Cranberry"},
{"id":"185-18-2700","first_name":"Horseradish - Prepared"},
{"id":"338-97-7580","first_name":"Bread - Italian Sesame Poly"},
{"id":"374-88-7451","first_name":"Beef - Ox Tongue"},
{"id":"178-94-5930","first_name":"Shrimp - Black Tiger 26/30"},
{"id":"253-26-2856","first_name":"Bread - White Mini Epi"},
{"id":"215-09-0906","first_name":"Lamb - Whole Head Off"},
{"id":"490-99-7901","first_name":"Wiberg Cure"},
{"id":"382-96-3998","first_name":"Beans - Green"},
{"id":"691-71-5953","first_name":"Cake - Cheese Cake 9 Inch"},
{"id":"169-72-9336","first_name":"Beef - Top Butt Aaa"},
{"id":"451-14-7819","first_name":"Chevere Logs"},
{"id":"502-41-2837","first_name":"Kiwi"},
{"id":"288-23-8999","first_name":"Kippers - Smoked"},
{"id":"773-70-2875","first_name":"Nantucket Pine Orangebanana"},
{"id":"106-36-8338","first_name":"Lettuce - Red Leaf"},
{"id":"817-72-5924","first_name":"Lamb - Shoulder, Boneless"},
{"id":"151-69-8299","first_name":"Truffle - Whole Black Peeled"},
{"id":"708-19-9260","first_name":"Wine - Malbec Trapiche Reserve"},
{"id":"809-13-4785","first_name":"Lentils - Green, Dry"},
{"id":"898-57-1524","first_name":"Coffee - Colombian, Portioned"},
{"id":"866-17-1513","first_name":"Gherkin"},
{"id":"340-87-6201","first_name":"Rum - Spiced, Captain Morgan"},
{"id":"356-20-2501","first_name":"Pork - Side Ribs"},
{"id":"501-92-6707","first_name":"Stock - Veal, White"},
{"id":"358-38-3092","first_name":"Mangoes"},
{"id":"799-50-5755","first_name":"Beets"},
{"id":"283-71-0326","first_name":"Bread - Petit Baguette"},
{"id":"321-53-0031","first_name":"Squid Ink"},
{"id":"465-51-1371","first_name":"Veal - Kidney"},
{"id":"625-59-9122","first_name":"Ecolab Crystal Fusion"},
{"id":"176-04-2543","first_name":"Corn - On The Cob"},
{"id":"100-24-7362","first_name":"Wine - Duboeuf Beaujolais"},
{"id":"197-50-3456","first_name":"Burger Veggie"},
{"id":"356-92-0994","first_name":"Lettuce - Green Leaf"},
{"id":"779-08-7851","first_name":"Trout - Rainbow, Fresh"},
{"id":"898-63-2555","first_name":"Beef - Bones, Cut - Up"},
{"id":"346-85-2300","first_name":"Tarts Assorted"},
{"id":"265-14-9676","first_name":"Sage - Rubbed"},
{"id":"184-75-0396","first_name":"Egg - Salad Premix"},
{"id":"756-46-1042","first_name":"Cassis"},
{"id":"151-45-6720","first_name":"Crackers - Water"},
{"id":"240-63-4226","first_name":"7up Diet, 355 Ml"},
{"id":"546-78-4268","first_name":"Yogurt - Cherry, 175 Gr"},
{"id":"250-33-0239","first_name":"Cod - Black Whole Fillet"},
{"id":"318-97-7165","first_name":"Chocolate - Mi - Amere Semi"},
{"id":"388-98-9287","first_name":"Turkey - Breast, Bone - In"},
{"id":"689-46-1406","first_name":"Spice - Peppercorn Melange"},
{"id":"406-51-4836","first_name":"Yogurt - Strawberry, 175 Gr"},
{"id":"419-77-3684","first_name":"Lamb - Whole, Fresh"},
{"id":"687-10-3573","first_name":"Veal - Striploin"},
{"id":"130-51-6195","first_name":"Bacardi Limon"},
{"id":"869-22-0624","first_name":"Cake - Pancake"},
{"id":"202-83-8952","first_name":"Wine - Magnotta, White"},
{"id":"607-27-7711","first_name":"Sauce - Demi Glace"},
{"id":"246-28-9420","first_name":"Soup - Campbells Mushroom"},
{"id":"247-88-0019","first_name":"Spic And Span All Purpose"},
{"id":"364-52-3609","first_name":"Beans - Black Bean, Canned"},
{"id":"326-92-6822","first_name":"Kahlua"},
{"id":"196-78-5782","first_name":"Remy Red"},
{"id":"192-06-9294","first_name":"Milk - 1%"},
{"id":"454-77-7365","first_name":"Island Oasis - Peach Daiquiri"},
{"id":"820-41-3353","first_name":"Clam Nectar"},
{"id":"880-82-4730","first_name":"Appetizer - Assorted Box"},
{"id":"428-06-3688","first_name":"Plate Foam Laminated 9in Blk"},
{"id":"834-81-1707","first_name":"Syrup - Golden, Lyles"},
{"id":"858-50-2048","first_name":"Wine - White, Lindemans Bin 95"},
{"id":"250-98-4956","first_name":"Veal - Ground"},
{"id":"295-21-4730","first_name":"Peas Snow"},
{"id":"109-53-3087","first_name":"Jam - Blackberry, 20 Ml Jar"},
{"id":"708-54-4914","first_name":"Lobster - Tail 6 Oz"},
{"id":"329-04-8190","first_name":"Squash - Butternut"},
{"id":"128-34-4498","first_name":"Chips Potato Reg 43g"},
{"id":"875-65-2436","first_name":"Ecolab - Hobart Washarm End Cap"},
{"id":"707-52-0631","first_name":"Garam Masala Powder"},
{"id":"178-08-6235","first_name":"Sultanas"},
{"id":"572-57-0364","first_name":"Lemon Grass"},
{"id":"115-99-3433","first_name":"Wine - Toasted Head"},
{"id":"726-12-1809","first_name":"Snapple - Mango Maddness"},
{"id":"109-24-2132","first_name":"Sherry - Dry"},
{"id":"498-66-0381","first_name":"Mushroom - Enoki, Dry"},
{"id":"454-98-4224","first_name":"Truffle Cups - Brown"},
{"id":"286-13-9855","first_name":"Apple - Fuji"},
{"id":"756-68-5437","first_name":"Mix - Cocktail Strawberry Daiquiri"},
{"id":"479-66-9263","first_name":"Chinese Foods - Chicken Wing"},
{"id":"304-81-1991","first_name":"Pork - Loin, Boneless"},
{"id":"899-20-2651","first_name":"Beef - Texas Style Burger"},
{"id":"139-55-3797","first_name":"Bar Mix - Lime"},
{"id":"294-66-9349","first_name":"Rice Paper"},
{"id":"605-15-9071","first_name":"Sour Puss Raspberry"},
{"id":"176-18-0284","first_name":"Wine - Mondavi Coastal Private"},
{"id":"119-09-8741","first_name":"Vanilla Beans"},
{"id":"760-62-5020","first_name":"Bowl 12 Oz - Showcase 92012"},
{"id":"613-75-9684","first_name":"Frangelico"},
{"id":"886-59-5413","first_name":"Shichimi Togarashi Peppeers"},
{"id":"470-95-6547","first_name":"Coke - Diet, 355 Ml"},
{"id":"272-72-3107","first_name":"Wine - Shiraz South Eastern"},
{"id":"893-70-8633","first_name":"Juice - Cranberry, 341 Ml"},
{"id":"478-04-3982","first_name":"Apron"},
{"id":"243-61-1836","first_name":"Wine - Barbera Alba Doc 2001"},
{"id":"747-90-1752","first_name":"Nantucket Cranberry Juice"},
{"id":"832-64-3011","first_name":"Cheese - Taleggio D.o.p."},
{"id":"863-35-6744","first_name":"Passion Fruit"},
{"id":"879-25-4535","first_name":"Creme De Cacao White"},
{"id":"710-38-6509","first_name":"Cheese - Brick With Pepper"},
{"id":"624-94-9923","first_name":"Veal - Liver"},
{"id":"763-58-1679","first_name":"Crackers - Water"},
{"id":"817-54-3518","first_name":"Lamb - Whole, Frozen"},
{"id":"378-87-0039","first_name":"Tumeric"},
{"id":"242-46-5290","first_name":"Wine - Casablanca Valley"},
{"id":"582-51-2300","first_name":"Chicken - Leg, Fresh"},
{"id":"519-29-3092","first_name":"Cookies - Amaretto"},
{"id":"659-32-9536","first_name":"Beets - Pickled"},
{"id":"796-98-4324","first_name":"Pepper - Cubanelle"},
{"id":"100-83-2966","first_name":"Bagelers - Cinn / Brown Sugar"},
{"id":"802-71-3395","first_name":"Mace Ground"},
{"id":"499-81-2895","first_name":"Bacon Strip Precooked"},
{"id":"817-13-5039","first_name":"Ecolab Silver Fusion"},
{"id":"475-84-4167","first_name":"Ham - Procutinni"},
{"id":"495-13-3586","first_name":"Rice - Aborio"},
{"id":"190-03-9554","first_name":"Oil - Peanut"},
{"id":"595-51-4948","first_name":"Vanilla Beans"},
{"id":"164-42-9707","first_name":"Wine - Semi Dry Riesling Vineland"},
{"id":"186-62-7787","first_name":"Veal - Provimi Inside"},
{"id":"711-69-2451","first_name":"Onions - Red Pearl"},
{"id":"781-51-3585","first_name":"Ecolab - Medallion"},
{"id":"356-30-9823","first_name":"Tilapia - Fillets"},
{"id":"317-85-2921","first_name":"Cheese - Comte"},
{"id":"110-37-5999","first_name":"Tea - Jasmin Green"},
{"id":"560-65-5103","first_name":"Crush - Grape, 355 Ml"},
{"id":"840-01-8910","first_name":"Rice - Brown"},
{"id":"769-86-1512","first_name":"Basil - Pesto Sauce"},
{"id":"362-80-6035","first_name":"Bread - Bistro White"},
{"id":"216-78-8965","first_name":"Wine - Chardonnay South"},
{"id":"474-71-4392","first_name":"Cognac - Courvaisier"},
{"id":"370-81-0702","first_name":"Ecolab Digiclean Mild Fm"},
{"id":"836-52-0598","first_name":"Sauce - Salsa"},
{"id":"341-58-1538","first_name":"Tomatoes - Orange"},
{"id":"440-62-4030","first_name":"Steampan - Lid For Half Size"},
{"id":"463-02-3933","first_name":"Wine - White, Pinot Grigio"},
{"id":"634-76-0554","first_name":"Table Cloth 62x114 Colour"},
{"id":"585-83-7516","first_name":"Alize Red Passion"},
{"id":"829-21-5669","first_name":"Brandy Cherry - Mcguinness"},
{"id":"798-62-1071","first_name":"Cassis"},
{"id":"450-55-1049","first_name":"Soup Campbells Beef With Veg"},
{"id":"300-06-7732","first_name":"Pesto - Primerba, Paste"},
{"id":"404-66-0824","first_name":"Spring Roll Veg Mini"},
{"id":"162-51-0770","first_name":"Turkey Tenderloin Frozen"},
{"id":"852-40-4024","first_name":"Beef - Short Ribs"},
{"id":"752-81-7942","first_name":"Duck - Whole"},
{"id":"868-61-3996","first_name":"Potatoes - Yukon Gold, 80 Ct"},
{"id":"794-52-3041","first_name":"Phyllo Dough"},
{"id":"151-33-7494","first_name":"Muffin Mix - Corn Harvest"},
{"id":"538-55-0301","first_name":"Apron"},
{"id":"654-70-5901","first_name":"Skewers - Bamboo"},
{"id":"292-13-7162","first_name":"Strawberries - California"},
{"id":"824-22-6669","first_name":"Juice - Orange 1.89l"},
{"id":"886-85-3454","first_name":"Cookie Dough - Oatmeal Rasin"},
{"id":"150-87-6725","first_name":"Currants"},
{"id":"688-69-1115","first_name":"Dc Hikiage Hira Huba"},
{"id":"268-68-8485","first_name":"Beans - Black Bean, Dry"},
{"id":"820-36-7317","first_name":"Napkin - Beverge, White 2 - Ply"},
{"id":"258-38-7451","first_name":"Rice - Long Grain"},
{"id":"412-93-1678","first_name":"Spinach - Frozen"},
{"id":"239-31-7036","first_name":"Papadam"},
{"id":"770-08-2852","first_name":"Ice Cream - Turtles Stick Bar"},
{"id":"609-72-4102","first_name":"Gherkin"},
{"id":"651-21-8680","first_name":"Vodka - Smirnoff"},
{"id":"794-25-0428","first_name":"Wine - Two Oceans Cabernet"},
{"id":"560-81-6765","first_name":"Pork - Sausage Casing"},
{"id":"580-13-5182","first_name":"Veal - Round, Eye Of"},
{"id":"631-64-0434","first_name":"Beer - Alexander Kieths, Pale Ale"},
{"id":"238-35-0348","first_name":"Pail With Metal Handle 16l White"},
{"id":"202-81-6219","first_name":"Bacardi Raspberry"},
{"id":"409-96-1790","first_name":"Tea - Herbal - 6 Asst"},
{"id":"249-70-3217","first_name":"Broccoli - Fresh"},
{"id":"214-38-0274","first_name":"Longos - Chicken Cordon Bleu"},
{"id":"550-09-7359","first_name":"Pork - Sausage Casing"},
{"id":"244-44-8346","first_name":"Soup - Chicken And Wild Rice"},
{"id":"164-79-0200","first_name":"Cranberries - Fresh"},
{"id":"501-93-7639","first_name":"Carbonated Water - Orange"},
{"id":"355-04-6801","first_name":"Appetizer - Southwestern"},
{"id":"118-38-5730","first_name":"Tea - Lemon Green Tea"},
{"id":"876-08-2626","first_name":"Onions - Cippolini"},
{"id":"552-26-8251","first_name":"Napkin Colour"},
{"id":"477-09-8778","first_name":"Bag - Clear 7 Lb"},
{"id":"831-25-1458","first_name":"Tea - Darjeeling, Azzura"},
{"id":"123-14-3272","first_name":"Lamb - Ground"},
{"id":"756-30-2691","first_name":"Crab Meat Claw Pasteurise"},
{"id":"862-82-2106","first_name":"Cheese Cheddar Processed"},
{"id":"551-09-3843","first_name":"Cake - Lemon Chiffon"},
{"id":"571-41-8211","first_name":"Noodles - Cellophane, Thin"},
{"id":"415-89-5493","first_name":"Soup - Campbells Beef Stew"},
{"id":"796-73-4259","first_name":"Venison - Racks Frenched"},
{"id":"680-61-0955","first_name":"Vodka - Smirnoff"},
{"id":"788-54-3616","first_name":"Fish - Base, Bouillion"},
{"id":"213-99-0159","first_name":"Crab - Dungeness, Whole"},
{"id":"286-34-1712","first_name":"Tea - Lemon Green Tea"},
{"id":"631-40-0712","first_name":"Bread - Crumbs, Bulk"},
{"id":"277-72-2276","first_name":"Puree - Blackcurrant"},
{"id":"706-84-1261","first_name":"Basil - Seedlings Cookstown"},
{"id":"724-02-8972","first_name":"Garlic - Peeled"},
{"id":"125-56-8644","first_name":"Icecream Cone - Areo Chocolate"},
{"id":"447-06-8936","first_name":"Quinoa"},
{"id":"607-95-1708","first_name":"Wine - Valpolicella Masi"},
{"id":"373-22-3810","first_name":"Compound - Strawberry"},
{"id":"622-47-2944","first_name":"Lobster - Tail 6 Oz"},
{"id":"576-24-3707","first_name":"Sauce Bbq Smokey"},
{"id":"705-98-4278","first_name":"Salmon Atl.whole 8 - 10 Lb"},
{"id":"872-10-5046","first_name":"Cookies - Amaretto"},
{"id":"774-35-9760","first_name":"Food Colouring - Orange"},
{"id":"632-40-5265","first_name":"Beef - Tongue, Fresh"},
{"id":"188-32-8293","first_name":"Butter Balls Salted"},
{"id":"602-26-7756","first_name":"Pur Source"},
{"id":"487-92-6472","first_name":"Scallops 60/80 Iqf"},
{"id":"367-46-4689","first_name":"Yams"},
{"id":"107-11-2587","first_name":"Lighter - Bbq"},
{"id":"206-79-7869","first_name":"Island Oasis - Cappucino Mix"},
{"id":"551-51-2188","first_name":"Cheese - Ermite Bleu"},
{"id":"644-96-1134","first_name":"Container - Hngd Cll Blk 7x7x3"},
{"id":"458-33-4449","first_name":"Soup - Campbellschix Stew"},
{"id":"495-33-9642","first_name":"Steampan - Lid For Half Size"},
{"id":"352-08-1900","first_name":"Beef - Rib Roast, Cap On"},
{"id":"420-44-5353","first_name":"Nori Sea Weed"},
{"id":"866-45-0457","first_name":"Wine - Mondavi Coastal Private"},
{"id":"644-02-4384","first_name":"Danishes - Mini Raspberry"},
{"id":"294-58-2221","first_name":"Dip - Tapenade"},
{"id":"153-34-1840","first_name":"Beef - Shank"},
{"id":"321-68-0333","first_name":"Eggplant Italian"},
{"id":"189-99-4359","first_name":"Burger Veggie"},
{"id":"345-19-2281","first_name":"Beans - Wax"},
{"id":"568-54-2624","first_name":"Alize Sunset"},
{"id":"600-56-5489","first_name":"Water - San Pellegrino"},
{"id":"272-52-9568","first_name":"Buttons"},
{"id":"610-48-8491","first_name":"Macaroons - Two Bite Choc"},
{"id":"543-55-3392","first_name":"Placemat - Scallop, White"},
{"id":"376-39-9332","first_name":"Sauce - Marinara"},
{"id":"869-60-1914","first_name":"Pasta - Cappellini, Dry"},
{"id":"309-05-0809","first_name":"Tomatoes Tear Drop"},
{"id":"109-58-8643","first_name":"Wine - Pinot Noir Pond Haddock"},
{"id":"181-54-8461","first_name":"Cheese - Feta"},
{"id":"451-81-5908","first_name":"Bananas"},
{"id":"274-41-2104","first_name":"Cake - Box Window 10x10x2.5"},
{"id":"455-97-5893","first_name":"Fork - Plastic"},
{"id":"107-37-0379","first_name":"Lettuce - Romaine, Heart"},
{"id":"712-35-3991","first_name":"Bagel - Sesame Seed Presliced"},
{"id":"179-16-6633","first_name":"Milk - 2%"},
{"id":"787-78-1934","first_name":"Soup Campbells - Italian Wedding"},
{"id":"800-48-4601","first_name":"Crab - Back Fin Meat, Canned"},
{"id":"250-58-6658","first_name":"Island Oasis - Banana Daiquiri"},
{"id":"894-85-4309","first_name":"Bread Base - Gold Formel"},
{"id":"503-72-3173","first_name":"Sambuca - Opal Nera"},
{"id":"817-96-2871","first_name":"Crab - Meat Combo"},
{"id":"368-30-2674","first_name":"Beef - Cooked, Corned"},
{"id":"245-19-8843","first_name":"Beer - Sleemans Cream Ale"},
{"id":"703-35-5637","first_name":"Ham - Cooked Bayonne Tinned"},
{"id":"625-24-5503","first_name":"Wine - Red, Pelee Island Merlot"},
{"id":"489-51-8178","first_name":"Miso Paste White"},
{"id":"281-31-7520","first_name":"Juice - Cranberry, 341 Ml"},
{"id":"572-95-6847","first_name":"Nut - Walnut, Chopped"},
{"id":"384-41-9734","first_name":"Oil - Truffle, Black"},
{"id":"810-94-5773","first_name":"Pork - Tenderloin, Fresh"},
{"id":"821-38-0944","first_name":"Vinegar - Champagne"},
{"id":"315-17-4605","first_name":"Wine - Magnotta - Pinot Gris Sr"},
{"id":"811-31-4026","first_name":"Egg Patty Fried"},
{"id":"404-03-6353","first_name":"Corn Shoots"},
{"id":"660-87-3017","first_name":"Cleaner - Bleach"},
{"id":"456-55-9414","first_name":"Puree - Kiwi"},
{"id":"159-74-1772","first_name":"Nantucket Cranberry Juice"},
{"id":"131-19-9537","first_name":"Juice - Orangina"},
{"id":"800-09-5656","first_name":"Zucchini - Yellow"},
{"id":"324-29-0181","first_name":"Wine - Chateau Timberlay"},
{"id":"843-57-4469","first_name":"Capicola - Hot"},
{"id":"460-52-0216","first_name":"Bagel - 12 Grain Preslice"},
{"id":"445-83-6526","first_name":"Scrubbie - Scotchbrite Hand Pad"},
{"id":"813-56-7856","first_name":"Sole - Iqf"},
{"id":"382-61-6341","first_name":"Syrup - Monin - Passion Fruit"},
{"id":"636-09-6115","first_name":"Bandage - Flexible Neon"},
{"id":"874-40-3647","first_name":"Sole - Dover, Whole, Fresh"},
{"id":"538-09-8848","first_name":"Roe - Flying Fish"},
{"id":"739-68-3978","first_name":"Coffee - Decafenated"},
{"id":"462-59-1754","first_name":"Mini - Vol Au Vents"},
{"id":"553-94-1663","first_name":"Sauce - Soya, Dark"},
{"id":"825-87-0977","first_name":"Beef - Shank"},
{"id":"299-13-9119","first_name":"Lemon Tarts"},
{"id":"706-50-3396","first_name":"Bar Mix - Lime"},
{"id":"240-70-0800","first_name":"Peas Snow"},
{"id":"345-17-1464","first_name":"Olives - Green, Pitted"},
{"id":"797-38-1118","first_name":"Thyme - Dried"},
{"id":"378-15-7508","first_name":"Campari"},
{"id":"772-84-2910","first_name":"Wine - Sake"},
{"id":"857-76-4714","first_name":"Coconut - Creamed, Pure"},
{"id":"248-11-0576","first_name":"External Supplier"},
{"id":"277-45-3721","first_name":"Lamb Tenderloin Nz Fr"},
{"id":"622-81-4133","first_name":"Bar Mix - Pina Colada, 355 Ml"},
{"id":"451-88-9564","first_name":"Pants Custom Dry Clean"},
{"id":"858-09-5362","first_name":"Gelatine Leaves - Bulk"},
{"id":"572-47-5530","first_name":"Sambuca - Ramazzotti"}]